hohi_id,旅宿名稱,縣市鄉鎮,平日雙人房價,來源,查核日期,備註,google_maps
4817,美好墾丁旅閣民宿,屏東縣恆春鎮,,,,,https://www.google.com/maps/search/?api=1&query=%E7%BE%8E%E5%A5%BD%E5%A2%BE%E4%B8%81%E6%97%85%E9%96%A3%E6%B0%91%E5%AE%BF%20%E5%B1%8F%E6%9D%B1%E7%B8%A3%E6%81%86%E6%98%A5%E9%8E%AE%E8%88%B9%E5%B8%86%E8%B7%AF846%E5%B7%B770%E8%99%9F
32785,巴里巴里民宿,屏東縣恆春鎮,,,,,https://www.google.com/maps/search/?api=1&query=%E5%B7%B4%E9%87%8C%E5%B7%B4%E9%87%8C%E6%B0%91%E5%AE%BF%20%E5%B1%8F%E6%9D%B1%E7%B8%A3%E6%81%86%E6%98%A5%E9%8E%AE%E5%A2%BE%E4%B8%81%E8%B7%AF%E9%80%9A%E6%B5%B7%E5%B7%B720%E8%99%9F
21429,恆春奕棧,屏東縣恆春鎮,,,,,https://www.google.com/maps/search/?api=1&query=%E6%81%86%E6%98%A5%E5%A5%95%E6%A3%A7%20%E5%B1%8F%E6%9D%B1%E7%B8%A3%E6%81%86%E6%98%A5%E9%8E%AE%E6%81%86%E5%85%AC%E8%B7%AF210%E4%B9%8B2%E8%99%9F
2754,童心童趣民宿,花蓮縣吉安鄉,,,,,https://www.google.com/maps/search/?api=1&query=%E7%AB%A5%E5%BF%83%E7%AB%A5%E8%B6%A3%E6%B0%91%E5%AE%BF%20%E8%8A%B1%E8%93%AE%E7%B8%A3%E5%90%89%E5%AE%89%E9%84%89%E4%BB%81%E9%87%8C%E6%9D%91%E5%90%89%E8%B1%90%E8%B7%AF%E4%B8%80%E6%AE%B516%E5%B7%B71%E8%99%9F
34981,米隅民宿,澎湖縣馬公市,,,,,https://www.google.com/maps/search/?api=1&query=%E7%B1%B3%E9%9A%85%E6%B0%91%E5%AE%BF%20%E6%BE%8E%E6%B9%96%E7%B8%A3%E9%A6%AC%E5%85%AC%E5%B8%82%E9%8E%96%E6%B8%AF%E9%87%8C%E9%8E%96%E6%B8%AF%E4%B8%80%E8%B7%AF73%E5%B7%B710%E8%99%9F
34977,三餐四季民宿,澎湖縣馬公市,,,,,https://www.google.com/maps/search/?api=1&query=%E4%B8%89%E9%A4%90%E5%9B%9B%E5%AD%A3%E6%B0%91%E5%AE%BF%20%E6%BE%8E%E6%B9%96%E7%B8%A3%E9%A6%AC%E5%85%AC%E5%B8%82%E9%8E%96%E6%B8%AF%E9%87%8C%E9%8E%96%E6%B8%AF%E4%B8%80%E8%B7%AF73%E5%B7%B78%E8%99%9F
33810,睏齁霸民宿,澎湖縣馬公市,,,,,https://www.google.com/maps/search/?api=1&query=%E7%9D%8F%E9%BD%81%E9%9C%B8%E6%B0%91%E5%AE%BF%20%E6%BE%8E%E6%B9%96%E7%B8%A3%E9%A6%AC%E5%85%AC%E5%B8%82%E9%8E%96%E6%B8%AF%E9%87%8C1932%E4%B9%8B5%E8%99%9F
26352,好山好水民宿,澎湖縣馬公市,,,,,https://www.google.com/maps/search/?api=1&query=%E5%A5%BD%E5%B1%B1%E5%A5%BD%E6%B0%B4%E6%B0%91%E5%AE%BF%20%E6%BE%8E%E6%B9%96%E7%B8%A3%E9%A6%AC%E5%85%AC%E5%B8%82%E5%B1%B1%E6%B0%B4%E9%87%8C13%E9%84%B0%E7%8F%A0%E6%B1%9F285%E8%99%9F
17584,晶澤別館,南投縣魚池鄉,,,,,https://www.google.com/maps/search/?api=1&query=%E6%99%B6%E6%BE%A4%E5%88%A5%E9%A4%A8%20%E5%8D%97%E6%8A%95%E7%B8%A3%E9%AD%9A%E6%B1%A0%E9%84%89%E6%97%A5%E6%9C%88%E6%9D%91%E6%96%87%E5%8C%96%E8%A1%97110%E8%99%9F
13647,設計師的家休閒民宿,宜蘭縣五結鄉,,,,,https://www.google.com/maps/search/?api=1&query=%E8%A8%AD%E8%A8%88%E5%B8%AB%E7%9A%84%E5%AE%B6%E4%BC%91%E9%96%92%E6%B0%91%E5%AE%BF%20%E5%AE%9C%E8%98%AD%E7%B8%A3%E4%BA%94%E7%B5%90%E9%84%89%E5%AD%9D%E5%A8%81%E6%9D%91%E5%AD%9D%E5%A8%81%E4%B8%80%E8%B7%AF138%E8%99%9F
7037,旅人燈塔民宿,澎湖縣馬公市,,,,,https://www.google.com/maps/search/?api=1&query=%E6%97%85%E4%BA%BA%E7%87%88%E5%A1%94%E6%B0%91%E5%AE%BF%20%E6%BE%8E%E6%B9%96%E7%B8%A3%E9%A6%AC%E5%85%AC%E5%B8%82%E5%B1%B1%E6%B0%B4%E9%87%8C6%E9%84%B0%E7%8F%A0%E6%B1%9F110%E4%B9%8B13%E8%99%9F
8940,羅東丹妮亞庭園民宿,宜蘭縣羅東鎮,,,,,https://www.google.com/maps/search/?api=1&query=%E7%BE%85%E6%9D%B1%E4%B8%B9%E5%A6%AE%E4%BA%9E%E5%BA%AD%E5%9C%92%E6%B0%91%E5%AE%BF%20%E5%AE%9C%E8%98%AD%E7%B8%A3%E7%BE%85%E6%9D%B1%E9%8E%AE%E6%96%B0%E7%BE%A4%E9%87%8C7%E9%84%B0%E5%AF%8C%E8%BE%B2%E8%B7%AF%E4%B8%89%E6%AE%B565%E8%99%9F
33138,甌璇Ocean民宿,宜蘭縣蘇澳鎮,,,,,https://www.google.com/maps/search/?api=1&query=%E7%94%8C%E7%92%87Ocean%E6%B0%91%E5%AE%BF%20%E5%AE%9C%E8%98%AD%E7%B8%A3%E8%98%87%E6%BE%B3%E9%8E%AE%E8%88%88%E5%AE%89%E8%B7%AF25%E8%99%9F
13967,三好行旅,臺中市南屯區,,,,,https://www.google.com/maps/search/?api=1&query=%E4%B8%89%E5%A5%BD%E8%A1%8C%E6%97%85%20%E8%87%BA%E4%B8%AD%E5%B8%82%E5%8D%97%E5%B1%AF%E5%8D%80%E6%96%87%E5%BF%83%E8%B7%AF%E4%B8%80%E6%AE%B5552%E8%99%9F3~14%E6%A8%93%28%E4%B9%8B1%29
17009,艾麗絲泉民宿-天送埤別館,宜蘭縣三星鄉,,,,,https://www.google.com/maps/search/?api=1&query=%E8%89%BE%E9%BA%97%E7%B5%B2%E6%B3%89%E6%B0%91%E5%AE%BF-%E5%A4%A9%E9%80%81%E5%9F%A4%E5%88%A5%E9%A4%A8%20%E5%AE%9C%E8%98%AD%E7%B8%A3%E4%B8%89%E6%98%9F%E9%84%89%E5%A4%A9%E7%A6%8F%E6%9D%91%E6%9D%B1%E8%88%88%E8%B7%AF20-8%E8%99%9F
17115,鳥語花香,宜蘭縣五結鄉,,,,,https://www.google.com/maps/search/?api=1&query=%E9%B3%A5%E8%AA%9E%E8%8A%B1%E9%A6%99%20%E5%AE%9C%E8%98%AD%E7%B8%A3%E4%BA%94%E7%B5%90%E9%84%89%E4%B8%89%E7%B5%90%E4%B8%89%E8%B7%AF5%E5%B7%B72%E8%99%9F
38391,鹿港宏宇旅宿,彰化縣鹿港鎮,,,,,https://www.google.com/maps/search/?api=1&query=%E9%B9%BF%E6%B8%AF%E5%AE%8F%E5%AE%87%E6%97%85%E5%AE%BF%20%E5%BD%B0%E5%8C%96%E7%B8%A3%E9%B9%BF%E6%B8%AF%E9%8E%AE%E9%A0%82%E5%8E%9D%E9%87%8C%E8%A3%95%E6%B0%91%E8%A1%97129%E8%99%9F
4643,楓香白樺莊園民宿,臺東縣關山鎮,,,,,https://www.google.com/maps/search/?api=1&query=%E6%A5%93%E9%A6%99%E7%99%BD%E6%A8%BA%E8%8E%8A%E5%9C%92%E6%B0%91%E5%AE%BF%20%E8%87%BA%E6%9D%B1%E7%B8%A3%E9%97%9C%E5%B1%B1%E9%8E%AE%E8%B1%90%E6%B3%89%E9%87%8C%E9%95%B7%E8%88%88%E8%B7%AF12-8%E8%99%9F
2569,YOUNG民宿,金門縣金湖鎮,,,,,https://www.google.com/maps/search/?api=1&query=YOUNG%E6%B0%91%E5%AE%BF%20%E9%87%91%E9%96%80%E7%B8%A3%E9%87%91%E6%B9%96%E9%8E%AE%E6%B9%96%E5%89%8D35%E8%99%9F
22134,放慢民宿,花蓮縣花蓮市,,,,,https://www.google.com/maps/search/?api=1&query=%E6%94%BE%E6%85%A2%E6%B0%91%E5%AE%BF%20%E8%8A%B1%E8%93%AE%E7%B8%A3%E8%8A%B1%E8%93%AE%E5%B8%82%E4%B8%AD%E5%8E%9F%E8%B7%AF394%E5%B7%B726%E8%99%9F
34552,近山左民宿,花蓮縣花蓮市,,,,,https://www.google.com/maps/search/?api=1&query=%E8%BF%91%E5%B1%B1%E5%B7%A6%E6%B0%91%E5%AE%BF%20%E8%8A%B1%E8%93%AE%E7%B8%A3%E8%8A%B1%E8%93%AE%E5%B8%82%E5%9C%8B%E7%A6%8F%E9%87%8C6%E9%84%B0%E6%B2%99%E5%9F%BA%E6%8B%89%E9%9B%85%E8%A1%9798%E4%B9%8B1%E8%99%9F
7353,吾家城市客棧,金門縣金寧鄉,,,,,https://www.google.com/maps/search/?api=1&query=%E5%90%BE%E5%AE%B6%E5%9F%8E%E5%B8%82%E5%AE%A2%E6%A3%A7%20%E9%87%91%E9%96%80%E7%B8%A3%E9%87%91%E5%AF%A7%E9%84%89%E6%B9%96%E5%8D%9713-9%E8%99%9F
34979,近山右民宿,花蓮縣花蓮市,,,,,https://www.google.com/maps/search/?api=1&query=%E8%BF%91%E5%B1%B1%E5%8F%B3%E6%B0%91%E5%AE%BF%20%E8%8A%B1%E8%93%AE%E7%B8%A3%E8%8A%B1%E8%93%AE%E5%B8%82%E5%9C%8B%E7%A6%8F%E9%87%8C6%E9%84%B0%E6%B2%99%E5%9F%BA%E6%8B%89%E9%9B%85%E8%A1%9798%E8%99%9F
10522,華帥海景飯店,基隆市仁愛區,,,,,https://www.google.com/maps/search/?api=1&query=%E8%8F%AF%E5%B8%A5%E6%B5%B7%E6%99%AF%E9%A3%AF%E5%BA%97%20%E5%9F%BA%E9%9A%86%E5%B8%82%E4%BB%81%E6%84%9B%E5%8D%80%E5%AD%9D%E4%BA%8C%E8%B7%AF108%E8%99%9F
7490,發呆民宿,澎湖縣馬公市,,,,,https://www.google.com/maps/search/?api=1&query=%E7%99%BC%E5%91%86%E6%B0%91%E5%AE%BF%20%E6%BE%8E%E6%B9%96%E7%B8%A3%E9%A6%AC%E5%85%AC%E5%B8%82%E8%A5%BF%E8%A1%9B%E9%87%8C24%E9%84%B0%E8%A5%BF%E8%A1%9B399%E8%99%9F
36722,寶寶民宿,澎湖縣馬公市,,,,,https://www.google.com/maps/search/?api=1&query=%E5%AF%B6%E5%AF%B6%E6%B0%91%E5%AE%BF%20%E6%BE%8E%E6%B9%96%E7%B8%A3%E9%A6%AC%E5%85%AC%E5%B8%82%E8%A5%BF%E6%96%87%E9%87%8C11%E9%84%B0%E8%A5%BF%E6%96%87%E6%BE%B3757%E8%99%9F
39052,台北板橋馥華艾美酒店,新北市板橋區,,,,,https://www.google.com/maps/search/?api=1&query=%E5%8F%B0%E5%8C%97%E6%9D%BF%E6%A9%8B%E9%A6%A5%E8%8F%AF%E8%89%BE%E7%BE%8E%E9%85%92%E5%BA%97%20%E6%96%B0%E5%8C%97%E5%B8%82%E6%9D%BF%E6%A9%8B%E5%8D%80%E4%B8%AD%E5%B1%B1%E8%B7%AF1%E6%AE%B5220%E8%99%9F%E5%9C%B0%E4%B8%8B%E4%B8%80%E5%B1%A4%E5%8F%8A220%E8%99%9F%EF%BC%881%E8%87%B34%E5%B1%A4%E3%80%8118%E8%87%B331%E5%B1%A4%EF%BC%89
38628,海顏民宿,澎湖縣馬公市,,,,,https://www.google.com/maps/search/?api=1&query=%E6%B5%B7%E9%A1%8F%E6%B0%91%E5%AE%BF%20%E6%BE%8E%E6%B9%96%E7%B8%A3%E9%A6%AC%E5%85%AC%E5%B8%82%E5%85%89%E8%8F%AF%E9%87%8C3%E9%84%B0%E5%85%89%E8%8F%AF123%E4%B9%8B8%E8%99%9F
10871,兆舍行旅,高雄市前金區,,,,,https://www.google.com/maps/search/?api=1&query=%E5%85%86%E8%88%8D%E8%A1%8C%E6%97%85%20%E9%AB%98%E9%9B%84%E5%B8%82%E5%89%8D%E9%87%91%E5%8D%80%E4%B8%83%E8%B3%A2%E4%BA%8C%E8%B7%AF378%E8%99%9F
14162,香緹時尚大飯店,嘉義市西區,,,,,https://www.google.com/maps/search/?api=1&query=%E9%A6%99%E7%B7%B9%E6%99%82%E5%B0%9A%E5%A4%A7%E9%A3%AF%E5%BA%97%20%E5%98%89%E7%BE%A9%E5%B8%82%E8%A5%BF%E5%8D%80%E5%85%AB%E5%BE%B7%E8%B7%AF2%E8%99%9F1-3%E6%A8%93%2C%E4%B8%AD%E8%88%88%E8%B7%AF300%E8%99%9F1-3%E6%A8%93
38126,木木杉民宿,南投縣埔里鎮,,,,,https://www.google.com/maps/search/?api=1&query=%E6%9C%A8%E6%9C%A8%E6%9D%89%E6%B0%91%E5%AE%BF%20%E5%8D%97%E6%8A%95%E7%B8%A3%E5%9F%94%E9%87%8C%E9%8E%AE%E6%A1%83%E7%B1%B3%E9%87%8C7%E9%84%B0%E7%A8%AE%E7%93%9C%E8%B7%AF6%E8%99%9F
13624,山月景緻旅館,南投縣草屯鎮,,,,,https://www.google.com/maps/search/?api=1&query=%E5%B1%B1%E6%9C%88%E6%99%AF%E7%B7%BB%E6%97%85%E9%A4%A8%20%E5%8D%97%E6%8A%95%E7%B8%A3%E8%8D%89%E5%B1%AF%E9%8E%AE%E4%B8%AD%E6%AD%A3%E8%B7%AF1155%E8%99%9F
35934,粨倉文旅,雲林縣西螺鎮,,,,,https://www.google.com/maps/search/?api=1&query=%E7%B2%A8%E5%80%89%E6%96%87%E6%97%85%20%E9%9B%B2%E6%9E%97%E7%B8%A3%E8%A5%BF%E8%9E%BA%E9%8E%AE%E5%BB%B6%E5%B9%B3%E8%B7%AF89%E8%99%9F
35280,裏島,臺南市中西區,,,,,https://www.google.com/maps/search/?api=1&query=%E8%A3%8F%E5%B3%B6%20%E8%87%BA%E5%8D%97%E5%B8%82%E4%B8%AD%E8%A5%BF%E5%8D%80%E5%A4%A7%E5%90%8C%E8%B7%AF%E4%B8%80%E6%AE%B546%E5%B7%B724%E8%99%9F
30192,可吉家,臺南市中西區,,,,,https://www.google.com/maps/search/?api=1&query=%E5%8F%AF%E5%90%89%E5%AE%B6%20%E8%87%BA%E5%8D%97%E5%B8%82%E4%B8%AD%E8%A5%BF%E5%8D%80%E9%9D%92%E5%B9%B4%E8%B7%AF137%E5%B7%B755%E8%99%9F
33687,森林寓民宿,嘉義縣民雄鄉,,,,,https://www.google.com/maps/search/?api=1&query=%E6%A3%AE%E6%9E%97%E5%AF%93%E6%B0%91%E5%AE%BF%20%E5%98%89%E7%BE%A9%E7%B8%A3%E6%B0%91%E9%9B%84%E9%84%89%E4%B8%89%E8%88%88%E6%9D%918%E9%84%B0%E5%8D%97%E8%8F%AF%E8%B7%AF%E4%BA%8C%E6%AE%B578%E8%99%9F
31778,小管家管家民宿,澎湖縣湖西鄉,,,,,https://www.google.com/maps/search/?api=1&query=%E5%B0%8F%E7%AE%A1%E5%AE%B6%E7%AE%A1%E5%AE%B6%E6%B0%91%E5%AE%BF%20%E6%BE%8E%E6%B9%96%E7%B8%A3%E6%B9%96%E8%A5%BF%E9%84%89%E5%9F%8E%E5%8C%97%E6%9D%919%E9%84%B0%E5%A4%A7%E5%9F%8E%E5%8C%97263%E4%B9%8B12%E8%99%9F
5912,楓采行館,臺中市豐原區,,,,,https://www.google.com/maps/search/?api=1&query=%E6%A5%93%E9%87%87%E8%A1%8C%E9%A4%A8%20%E8%87%BA%E4%B8%AD%E5%B8%82%E8%B1%90%E5%8E%9F%E5%8D%80%E6%B0%B8%E5%BA%B7%E8%B7%AF211%E5%B7%B725%E5%BC%8476%E8%99%9F
2782,苓旅站前,臺北市中正區,,,,,https://www.google.com/maps/search/?api=1&query=%E8%8B%93%E6%97%85%E7%AB%99%E5%89%8D%20%E8%87%BA%E5%8C%97%E5%B8%82%E4%B8%AD%E6%AD%A3%E5%8D%80%E5%BF%A0%E5%AD%9D%E8%A5%BF%E8%B7%AF%E4%B8%80%E6%AE%B572%E8%99%9F4%E6%A8%93
15948,瑾旅南西,臺北市大同區,,,,,https://www.google.com/maps/search/?api=1&query=%E7%91%BE%E6%97%85%E5%8D%97%E8%A5%BF%20%E8%87%BA%E5%8C%97%E5%B8%82%E5%A4%A7%E5%90%8C%E5%8D%80%E5%8D%97%E4%BA%AC%E8%A5%BF%E8%B7%AF151%E8%99%9F6%E8%87%B312%E6%A8%93
9374,星宿渡假別墅,宜蘭縣三星鄉,,,,,https://www.google.com/maps/search/?api=1&query=%E6%98%9F%E5%AE%BF%E6%B8%A1%E5%81%87%E5%88%A5%E5%A2%85%20%E5%AE%9C%E8%98%AD%E7%B8%A3%E4%B8%89%E6%98%9F%E9%84%89%E5%A4%A9%E7%A6%8F%E6%9D%91%E6%9D%B1%E8%88%88%E8%B7%AF13%E4%B9%8B5%E8%99%9F
35191,煦樂軒古厝民宿,金門縣金沙鎮,,,,,https://www.google.com/maps/search/?api=1&query=%E7%85%A6%E6%A8%82%E8%BB%92%E5%8F%A4%E5%8E%9D%E6%B0%91%E5%AE%BF%20%E9%87%91%E9%96%80%E7%B8%A3%E9%87%91%E6%B2%99%E9%8E%AE%E7%94%B0%E5%A2%A911%E8%99%9F
16465,晴旅府中館,新北市板橋區,,,,,https://www.google.com/maps/search/?api=1&query=%E6%99%B4%E6%97%85%E5%BA%9C%E4%B8%AD%E9%A4%A8%20%E6%96%B0%E5%8C%97%E5%B8%82%E6%9D%BF%E6%A9%8B%E5%8D%80%E5%8D%97%E9%9B%85%E5%8D%97%E8%B7%AF%E4%B8%80%E6%AE%B58%E8%99%9F5%E6%A8%93%E3%80%815%E6%A8%93%E4%B9%8B1%E8%87%B35%E6%A8%93%E4%B9%8B24
12042,探索汽車旅館南港館,臺北市南港區,,,,,https://www.google.com/maps/search/?api=1&query=%E6%8E%A2%E7%B4%A2%E6%B1%BD%E8%BB%8A%E6%97%85%E9%A4%A8%E5%8D%97%E6%B8%AF%E9%A4%A8%20%E8%87%BA%E5%8C%97%E5%B8%82%E5%8D%97%E6%B8%AF%E5%8D%80%E9%87%8D%E9%99%BD%E8%B7%AF66%E8%99%9F1%E8%87%B34%E6%A8%93
20706,苓旅旅館中山館,臺北市中山區,,,,,https://www.google.com/maps/search/?api=1&query=%E8%8B%93%E6%97%85%E6%97%85%E9%A4%A8%E4%B8%AD%E5%B1%B1%E9%A4%A8%20%E8%87%BA%E5%8C%97%E5%B8%82%E4%B8%AD%E5%B1%B1%E5%8D%80%E5%BB%BA%E5%9C%8B%E5%8C%97%E8%B7%AF2%E6%AE%B591%E8%99%9F1%E6%A8%93%2C93%E8%99%9F1%E8%87%B37%E6%A8%93%2C2%E6%A8%93-1%E8%87%B37%E6%A8%93-1%2C95%E5%B7%B72%E8%99%9F1%E6%A8%93%2C4%E8%99%9F1%E6%A8%93
29977,歐特旅館,金門縣金湖鎮,,,,,https://www.google.com/maps/search/?api=1&query=%E6%AD%90%E7%89%B9%E6%97%85%E9%A4%A8%20%E9%87%91%E9%96%80%E7%B8%A3%E9%87%91%E6%B9%96%E9%8E%AE%E6%96%B0%E6%B9%96%E9%87%8C%E5%B8%82%E6%B8%AF%E8%B7%AF220%E8%99%9F
22078,綠堡休閒民宿,南投縣埔里鎮,,,,,https://www.google.com/maps/search/?api=1&query=%E7%B6%A0%E5%A0%A1%E4%BC%91%E9%96%92%E6%B0%91%E5%AE%BF%20%E5%8D%97%E6%8A%95%E7%B8%A3%E5%9F%94%E9%87%8C%E9%8E%AE%E5%A4%A7%E5%9F%8E%E9%87%8C42%E9%84%B0%E6%B0%B4%E8%A3%A1%E5%B7%B728%E8%99%9F
15771,苓旅松山小巨蛋館,臺北市松山區,,,,,https://www.google.com/maps/search/?api=1&query=%E8%8B%93%E6%97%85%E6%9D%BE%E5%B1%B1%E5%B0%8F%E5%B7%A8%E8%9B%8B%E9%A4%A8%20%E8%87%BA%E5%8C%97%E5%B8%82%E6%9D%BE%E5%B1%B1%E5%8D%80%E5%85%AB%E5%BE%B7%E8%B7%AF%E4%B8%89%E6%AE%B52%E8%99%9F14%E6%A8%93
8432,冬之戀行館,宜蘭縣羅東鎮,,,,,https://www.google.com/maps/search/?api=1&query=%E5%86%AC%E4%B9%8B%E6%88%80%E8%A1%8C%E9%A4%A8%20%E5%AE%9C%E8%98%AD%E7%B8%A3%E7%BE%85%E6%9D%B1%E9%8E%AE%E6%96%B0%E7%BE%A4%E9%87%8C%E6%96%B0%E7%BE%A4%E4%BA%94%E8%B7%AF213%E8%99%9F
34406,東北季豐民宿,澎湖縣湖西鄉,,,,,https://www.google.com/maps/search/?api=1&query=%E6%9D%B1%E5%8C%97%E5%AD%A3%E8%B1%90%E6%B0%91%E5%AE%BF%20%E6%BE%8E%E6%B9%96%E7%B8%A3%E6%B9%96%E8%A5%BF%E9%84%89%E9%9A%98%E9%96%80%E6%9D%9195%E4%B9%8B1%E8%99%9F2%E6%A8%93
4751,南元休閒農場湖上渡假村,臺南市柳營區,,,,,https://www.google.com/maps/search/?api=1&query=%E5%8D%97%E5%85%83%E4%BC%91%E9%96%92%E8%BE%B2%E5%A0%B4%E6%B9%96%E4%B8%8A%E6%B8%A1%E5%81%87%E6%9D%91%20%E8%87%BA%E5%8D%97%E5%B8%82%E6%9F%B3%E7%87%9F%E5%8D%80%E6%9E%9C%E6%AF%85%E9%87%8C%E5%8D%97%E6%B9%9625%E8%99%9F
34641,海寓所民宿,澎湖縣馬公市,,,,,https://www.google.com/maps/search/?api=1&query=%E6%B5%B7%E5%AF%93%E6%89%80%E6%B0%91%E5%AE%BF%20%E6%BE%8E%E6%B9%96%E7%B8%A3%E9%A6%AC%E5%85%AC%E5%B8%82%E9%8E%96%E6%B8%AF%E9%87%8C%E9%8E%96%E6%B8%AF%E5%85%AD%E8%B7%AF195%E8%99%9F
32517,苓旅旅館萬年館,臺北市萬華區,,,,,https://www.google.com/maps/search/?api=1&query=%E8%8B%93%E6%97%85%E6%97%85%E9%A4%A8%E8%90%AC%E5%B9%B4%E9%A4%A8%20%E8%87%BA%E5%8C%97%E5%B8%82%E8%90%AC%E8%8F%AF%E5%8D%80%E8%A5%BF%E5%AF%A7%E5%8D%97%E8%B7%AF70%E8%99%9F7%E6%A8%93
28628,有間寓背包旅宿民宿,澎湖縣湖西鄉,,,,,https://www.google.com/maps/search/?api=1&query=%E6%9C%89%E9%96%93%E5%AF%93%E8%83%8C%E5%8C%85%E6%97%85%E5%AE%BF%E6%B0%91%E5%AE%BF%20%E6%BE%8E%E6%B9%96%E7%B8%A3%E6%B9%96%E8%A5%BF%E9%84%89%E6%B2%99%E6%B8%AF%E6%9D%9119%E9%84%B0%E6%B2%99%E6%B8%AF1%E4%B9%8B5%E8%99%9F
4683,嵵裡。仙人掌海景民宿,澎湖縣馬公市,,,,,https://www.google.com/maps/search/?api=1&query=%E5%B5%B5%E8%A3%A1%E3%80%82%E4%BB%99%E4%BA%BA%E6%8E%8C%E6%B5%B7%E6%99%AF%E6%B0%91%E5%AE%BF%20%E6%BE%8E%E6%B9%96%E7%B8%A3%E9%A6%AC%E5%85%AC%E5%B8%82%E5%B5%B5%E8%A3%A1%E9%87%8C11%E9%84%B0%E5%B5%B5%E8%A3%A1290%E8%99%9F
417,好事學田民宿,新北市瑞芳區,,,,,https://www.google.com/maps/search/?api=1&query=%E5%A5%BD%E4%BA%8B%E5%AD%B8%E7%94%B0%E6%B0%91%E5%AE%BF%20%E6%96%B0%E5%8C%97%E5%B8%82%E7%91%9E%E8%8A%B3%E5%8D%80%E7%91%9E%E8%8A%B3%E8%A1%9737%E8%99%9F
22037,愛上瑪黛民宿,臺東縣臺東市,,,,,https://www.google.com/maps/search/?api=1&query=%E6%84%9B%E4%B8%8A%E7%91%AA%E9%BB%9B%E6%B0%91%E5%AE%BF%20%E8%87%BA%E6%9D%B1%E7%B8%A3%E8%87%BA%E6%9D%B1%E5%B8%82%E5%90%89%E6%B3%B0%E8%B7%AF599%E5%B7%B728%E8%99%9F
15626,櫻田野民宿,花蓮縣吉安鄉,,,,,https://www.google.com/maps/search/?api=1&query=%E6%AB%BB%E7%94%B0%E9%87%8E%E6%B0%91%E5%AE%BF%20%E8%8A%B1%E8%93%AE%E7%B8%A3%E5%90%89%E5%AE%89%E9%84%89%E7%A6%8F%E8%88%88%E6%9D%91%E7%A6%8F%E8%88%88%E4%B8%83%E8%A1%978%E8%99%9F
2212,山林渡假會館,南投縣埔里鎮,,,,,https://www.google.com/maps/search/?api=1&query=%E5%B1%B1%E6%9E%97%E6%B8%A1%E5%81%87%E6%9C%83%E9%A4%A8%20%E5%8D%97%E6%8A%95%E7%B8%A3%E5%9F%94%E9%87%8C%E9%8E%AE%E8%9C%88%E8%9A%A3%E9%87%8C5%E9%84%B0%E9%AF%89%E9%AD%9A%E8%B7%AF21%E8%99%9F
12619,華蔓渡假會館,南投縣埔里鎮,,,,,https://www.google.com/maps/search/?api=1&query=%E8%8F%AF%E8%94%93%E6%B8%A1%E5%81%87%E6%9C%83%E9%A4%A8%20%E5%8D%97%E6%8A%95%E7%B8%A3%E5%9F%94%E9%87%8C%E9%8E%AE%E8%9C%88%E8%9A%A3%E9%87%8C5%E9%84%B0%E9%AF%89%E9%AD%9A%E8%B7%AF21-8%E8%99%9F
16650,君樂民宿,澎湖縣馬公市,,,,,https://www.google.com/maps/search/?api=1&query=%E5%90%9B%E6%A8%82%E6%B0%91%E5%AE%BF%20%E6%BE%8E%E6%B9%96%E7%B8%A3%E9%A6%AC%E5%85%AC%E5%B8%82%E8%88%88%E4%BB%81%E9%87%8C10%E9%84%B0%E9%9B%99%E9%A0%AD%E6%8E%9B260%E8%99%9F
22036,蘑菇30民宿,臺東縣臺東市,,,,,https://www.google.com/maps/search/?api=1&query=%E8%98%91%E8%8F%8730%E6%B0%91%E5%AE%BF%20%E8%87%BA%E6%9D%B1%E7%B8%A3%E8%87%BA%E6%9D%B1%E5%B8%82%E5%90%89%E6%B3%B0%E8%B7%AF599%E5%B7%B730%E8%99%9F
28608,水連田日式庭院,宜蘭縣五結鄉,,,,,https://www.google.com/maps/search/?api=1&query=%E6%B0%B4%E9%80%A3%E7%94%B0%E6%97%A5%E5%BC%8F%E5%BA%AD%E9%99%A2%20%E5%AE%9C%E8%98%AD%E7%B8%A3%E4%BA%94%E7%B5%90%E9%84%89%E5%A4%A7%E5%90%89%E4%BA%8C%E8%B7%AF456%E8%99%9F
28899,晴鎖港灣民宿,澎湖縣馬公市,,,,,https://www.google.com/maps/search/?api=1&query=%E6%99%B4%E9%8E%96%E6%B8%AF%E7%81%A3%E6%B0%91%E5%AE%BF%20%E6%BE%8E%E6%B9%96%E7%B8%A3%E9%A6%AC%E5%85%AC%E5%B8%82%E9%8E%96%E6%B8%AF%E9%87%8C1%E9%84%B0%E9%8E%96%E6%B8%AF%E4%B8%80%E8%B7%AF73%E5%B7%B727%E5%BC%8412%E8%99%9F
3779,埔里夏都渡假會館,南投縣埔里鎮,,,,,https://www.google.com/maps/search/?api=1&query=%E5%9F%94%E9%87%8C%E5%A4%8F%E9%83%BD%E6%B8%A1%E5%81%87%E6%9C%83%E9%A4%A8%20%E5%8D%97%E6%8A%95%E7%B8%A3%E5%9F%94%E9%87%8C%E9%8E%AE%E8%9C%88%E8%9A%A3%E9%87%8C5%E9%84%B0%E9%AF%89%E9%AD%9A%E8%B7%AF21-7%E8%99%9F
22563,小茉莉民宿,澎湖縣馬公市,,,,,https://www.google.com/maps/search/?api=1&query=%E5%B0%8F%E8%8C%89%E8%8E%89%E6%B0%91%E5%AE%BF%20%E6%BE%8E%E6%B9%96%E7%B8%A3%E9%A6%AC%E5%85%AC%E5%B8%82%E7%9F%B3%E6%B3%89%E9%87%8C15%E9%84%B0%E7%9F%B3%E6%B3%891%E4%B9%8B550%E8%99%9F
14078,圓山大飯店,臺北市中山區,,,,,https://www.google.com/maps/search/?api=1&query=%E5%9C%93%E5%B1%B1%E5%A4%A7%E9%A3%AF%E5%BA%97%20%E8%87%BA%E5%8C%97%E5%B8%82%E4%B8%AD%E5%B1%B1%E5%8D%80%E4%B8%AD%E5%B1%B1%E5%8C%97%E8%B7%AF4%E6%AE%B51%E5%B7%B71%E8%99%9F
17567,幸福客棧,彰化縣和美鎮,,,,,https://www.google.com/maps/search/?api=1&query=%E5%B9%B8%E7%A6%8F%E5%AE%A2%E6%A3%A7%20%E5%BD%B0%E5%8C%96%E7%B8%A3%E5%92%8C%E7%BE%8E%E9%8E%AE%E6%BA%90%E5%9F%A4%E9%87%8C%E5%8D%97%E5%AE%89%E8%B7%AF176%E8%99%9F
576,筆令莊園民宿,臺東縣臺東市,,,,,https://www.google.com/maps/search/?api=1&query=%E7%AD%86%E4%BB%A4%E8%8E%8A%E5%9C%92%E6%B0%91%E5%AE%BF%20%E8%87%BA%E6%9D%B1%E7%B8%A3%E8%87%BA%E6%9D%B1%E5%B8%82%E5%BF%97%E8%88%AA%E8%B7%AF1%E6%AE%B5971%E5%B7%B779%E8%99%9F
21086,方迪大旅社,臺南市北區,,,,,https://www.google.com/maps/search/?api=1&query=%E6%96%B9%E8%BF%AA%E5%A4%A7%E6%97%85%E7%A4%BE%20%E8%87%BA%E5%8D%97%E5%B8%82%E5%8C%97%E5%8D%80%E6%88%90%E5%8A%9F%E8%B7%AF68%E5%B7%B727%E8%99%9F1-3%E6%A8%93
34569,拾號行旅,彰化縣溪湖鎮,,,,,https://www.google.com/maps/search/?api=1&query=%E6%8B%BE%E8%99%9F%E8%A1%8C%E6%97%85%20%E5%BD%B0%E5%8C%96%E7%B8%A3%E6%BA%AA%E6%B9%96%E9%8E%AE%E5%BD%B0%E6%B0%B4%E8%B7%AF%E5%9B%9B%E6%AE%B5315%E5%B7%B710%E8%99%9F
33170,良辰吉日民宿,澎湖縣馬公市,,,,,https://www.google.com/maps/search/?api=1&query=%E8%89%AF%E8%BE%B0%E5%90%89%E6%97%A5%E6%B0%91%E5%AE%BF%20%E6%BE%8E%E6%B9%96%E7%B8%A3%E9%A6%AC%E5%85%AC%E5%B8%82%E8%A5%BF%E8%A1%9B%E9%87%8C263%E8%99%9F
22069,逗點旅店,臺中市東區,,,,,https://www.google.com/maps/search/?api=1&query=%E9%80%97%E9%BB%9E%E6%97%85%E5%BA%97%20%E8%87%BA%E4%B8%AD%E5%B8%82%E6%9D%B1%E5%8D%80%E5%A4%A7%E5%85%AC%E8%A1%9729%E8%99%9F
36414,石泉拾美民宿,澎湖縣馬公市,,,,,https://www.google.com/maps/search/?api=1&query=%E7%9F%B3%E6%B3%89%E6%8B%BE%E7%BE%8E%E6%B0%91%E5%AE%BF%20%E6%BE%8E%E6%B9%96%E7%B8%A3%E9%A6%AC%E5%85%AC%E5%B8%82%E7%9F%B3%E6%B3%89%E9%87%8C7%E9%84%B0%E7%9F%B3%E6%B3%89701%E8%99%9F
19817,海角203民宿(特色民宿),澎湖縣馬公市,,,,,https://www.google.com/maps/search/?api=1&query=%E6%B5%B7%E8%A7%92203%E6%B0%91%E5%AE%BF%28%E7%89%B9%E8%89%B2%E6%B0%91%E5%AE%BF%29%20%E6%BE%8E%E6%B9%96%E7%B8%A3%E9%A6%AC%E5%85%AC%E5%B8%82%E5%AE%89%E5%AE%85%E9%87%8C1%E4%B9%8B17%E8%99%9F
12476,海角城堡民宿,澎湖縣湖西鄉,,,,,https://www.google.com/maps/search/?api=1&query=%E6%B5%B7%E8%A7%92%E5%9F%8E%E5%A0%A1%E6%B0%91%E5%AE%BF%20%E6%BE%8E%E6%B9%96%E7%B8%A3%E6%B9%96%E8%A5%BF%E9%84%89%E8%A8%B1%E5%AE%B6%E6%9D%913%E9%84%B0%E6%B8%AF%E5%AD%90%E5%B0%BE68%E4%B9%8B3%E8%99%9F
17703,玩皮城堡民宿,澎湖縣湖西鄉,,,,,https://www.google.com/maps/search/?api=1&query=%E7%8E%A9%E7%9A%AE%E5%9F%8E%E5%A0%A1%E6%B0%91%E5%AE%BF%20%E6%BE%8E%E6%B9%96%E7%B8%A3%E6%B9%96%E8%A5%BF%E9%84%89%E8%A8%B1%E5%AE%B6%E6%9D%913%E9%84%B0%E6%B8%AF%E5%AD%90%E5%B0%BE68%E4%B9%8B2%E8%99%9F
4821,棒棒糖民宿,臺東縣臺東市,,,,,https://www.google.com/maps/search/?api=1&query=%E6%A3%92%E6%A3%92%E7%B3%96%E6%B0%91%E5%AE%BF%20%E8%87%BA%E6%9D%B1%E7%B8%A3%E8%87%BA%E6%9D%B1%E5%B8%82%E4%B8%AD%E8%88%88%E8%B7%AF3%E6%AE%B5275%E5%B7%B736%E5%BC%845%E8%99%9F
21702,陽明山天籟渡假酒店,新北市金山區,,,,,https://www.google.com/maps/search/?api=1&query=%E9%99%BD%E6%98%8E%E5%B1%B1%E5%A4%A9%E7%B1%9F%E6%B8%A1%E5%81%87%E9%85%92%E5%BA%97%20%E6%96%B0%E5%8C%97%E5%B8%82%E9%87%91%E5%B1%B1%E5%8D%80%E5%90%8D%E6%B5%81%E8%B7%AF1%E4%B9%8B6%E3%80%817%E8%99%9F%E3%80%819%E8%99%9F%E5%8F%8A1%E4%B9%8B9%E8%99%9F5%E6%A8%93%E4%B9%8B1%E8%87%B38
33209,微睏旅宿,宜蘭縣三星鄉,,,,,https://www.google.com/maps/search/?api=1&query=%E5%BE%AE%E7%9D%8F%E6%97%85%E5%AE%BF%20%E5%AE%9C%E8%98%AD%E7%B8%A3%E4%B8%89%E6%98%9F%E9%84%89%E4%B8%89%E6%98%9F%E8%B7%AF%E4%BA%8C%E6%AE%B523%E5%B7%B720%E5%BC%841%E8%99%9F
36118,森朵文旅,臺中市西屯區,,,,,https://www.google.com/maps/search/?api=1&query=%E6%A3%AE%E6%9C%B5%E6%96%87%E6%97%85%20%E8%87%BA%E4%B8%AD%E5%B8%82%E8%A5%BF%E5%B1%AF%E5%8D%80%E7%A6%8F%E7%A7%91%E8%B7%AF239%E8%99%9F2%E6%A8%93%28%E9%96%80%E7%89%8C%E8%99%9F%29
5660,虎爸羊媽的家,宜蘭縣三星鄉,,,,,https://www.google.com/maps/search/?api=1&query=%E8%99%8E%E7%88%B8%E7%BE%8A%E5%AA%BD%E7%9A%84%E5%AE%B6%20%E5%AE%9C%E8%98%AD%E7%B8%A3%E4%B8%89%E6%98%9F%E9%84%89%E4%B8%89%E6%98%9F%E8%B7%AF%E4%BA%8C%E6%AE%B599%E5%B7%B767%E5%BC%8413%E8%99%9F
33010,東衛參捌民宿,澎湖縣馬公市,,,,,https://www.google.com/maps/search/?api=1&query=%E6%9D%B1%E8%A1%9B%E5%8F%83%E6%8D%8C%E6%B0%91%E5%AE%BF%20%E6%BE%8E%E6%B9%96%E7%B8%A3%E9%A6%AC%E5%85%AC%E5%B8%82%E6%9D%B1%E8%A1%9B%E9%87%8C38%E8%99%9F
20755,晴光部落民宿,澎湖縣馬公市,,,,,https://www.google.com/maps/search/?api=1&query=%E6%99%B4%E5%85%89%E9%83%A8%E8%90%BD%E6%B0%91%E5%AE%BF%20%E6%BE%8E%E6%B9%96%E7%B8%A3%E9%A6%AC%E5%85%AC%E5%B8%82%E9%8E%96%E6%B8%AF%E9%87%8C%E9%8E%96%E7%AE%A1%E6%B8%AF1886%E8%99%9F
8895,向日葵精緻旅店民宿,澎湖縣馬公市,,,,,https://www.google.com/maps/search/?api=1&query=%E5%90%91%E6%97%A5%E8%91%B5%E7%B2%BE%E7%B7%BB%E6%97%85%E5%BA%97%E6%B0%91%E5%AE%BF%20%E6%BE%8E%E6%B9%96%E7%B8%A3%E9%A6%AC%E5%85%AC%E5%B8%82%E8%A5%BF%E6%96%87%E9%87%8C10%E9%84%B0%E8%A5%BF%E6%96%87%E6%BE%B385%E4%B9%8B2%E8%99%9F
6931,綠園旅社,宜蘭縣礁溪鄉,,,,,https://www.google.com/maps/search/?api=1&query=%E7%B6%A0%E5%9C%92%E6%97%85%E7%A4%BE%20%E5%AE%9C%E8%98%AD%E7%B8%A3%E7%A4%81%E6%BA%AA%E9%84%89%E5%BE%B7%E9%99%BD%E8%B7%AF72%E8%99%9F1-4%E6%A8%93
10691,驫風民宿,澎湖縣馬公市,,,,,https://www.google.com/maps/search/?api=1&query=%E9%A9%AB%E9%A2%A8%E6%B0%91%E5%AE%BF%20%E6%BE%8E%E6%B9%96%E7%B8%A3%E9%A6%AC%E5%85%AC%E5%B8%82%E6%9D%B1%E8%A1%9B%E9%87%8C2%E9%84%B0%E6%9D%B1%E8%A1%9B26%E4%B9%8B9%E8%99%9F
18913,落花鉎民宿,臺東縣東河鄉,,,,,https://www.google.com/maps/search/?api=1&query=%E8%90%BD%E8%8A%B1%E9%89%8E%E6%B0%91%E5%AE%BF%20%E8%87%BA%E6%9D%B1%E7%B8%A3%E6%9D%B1%E6%B2%B3%E9%84%89%E9%83%BD%E8%98%AD%E6%9D%91%E9%83%BD%E8%98%AD420-9%E8%99%9F
12005,ＤＯＭＯ,宜蘭縣員山鄉,,,,,https://www.google.com/maps/search/?api=1&query=%EF%BC%A4%EF%BC%AF%EF%BC%AD%EF%BC%AF%20%E5%AE%9C%E8%98%AD%E7%B8%A3%E5%93%A1%E5%B1%B1%E9%84%89%E6%B7%B1%E6%B4%B2%E8%B7%AF52%E8%99%9F
11481,五船民宿,南投縣魚池鄉,,,,,https://www.google.com/maps/search/?api=1&query=%E4%BA%94%E8%88%B9%E6%B0%91%E5%AE%BF%20%E5%8D%97%E6%8A%95%E7%B8%A3%E9%AD%9A%E6%B1%A0%E9%84%89%E6%B0%B4%E7%A4%BE%E6%9D%91%E4%B8%AD%E5%B1%B1%E8%B7%AF292%E8%99%9F
18464,福容大飯店 麗寶樂園,臺中市后里區,,,,,https://www.google.com/maps/search/?api=1&query=%E7%A6%8F%E5%AE%B9%E5%A4%A7%E9%A3%AF%E5%BA%97%20%E9%BA%97%E5%AF%B6%E6%A8%82%E5%9C%92%20%E8%87%BA%E4%B8%AD%E5%B8%82%E5%90%8E%E9%87%8C%E5%8D%80%E7%A6%8F%E5%AE%B9%E8%B7%AF88%E8%99%9F
33252,巧居,金門縣金城鎮,,,,,https://www.google.com/maps/search/?api=1&query=%E5%B7%A7%E5%B1%85%20%E9%87%91%E9%96%80%E7%B8%A3%E9%87%91%E5%9F%8E%E9%8E%AE%E5%89%8D%E6%B0%B4%E9%A0%AD13%E8%99%9F
9903,小窩旅店,宜蘭縣羅東鎮,,,,,https://www.google.com/maps/search/?api=1&query=%E5%B0%8F%E7%AA%A9%E6%97%85%E5%BA%97%20%E5%AE%9C%E8%98%AD%E7%B8%A3%E7%BE%85%E6%9D%B1%E9%8E%AE%E4%B8%AD%E6%AD%A3%E8%B7%AF186-6%E8%99%9F7%E6%A8%93
19181,有水巷渡假民宿,南投縣魚池鄉,,,,,https://www.google.com/maps/search/?api=1&query=%E6%9C%89%E6%B0%B4%E5%B7%B7%E6%B8%A1%E5%81%87%E6%B0%91%E5%AE%BF%20%E5%8D%97%E6%8A%95%E7%B8%A3%E9%AD%9A%E6%B1%A0%E9%84%89%E4%B8%AD%E6%98%8E%E6%9D%91%E6%9C%89%E6%B0%B4%E5%B7%B728-17%E8%99%9F
36578,夏之禾民宿,花蓮縣玉里鎮,,,,,https://www.google.com/maps/search/?api=1&query=%E5%A4%8F%E4%B9%8B%E7%A6%BE%E6%B0%91%E5%AE%BF%20%E8%8A%B1%E8%93%AE%E7%B8%A3%E7%8E%89%E9%87%8C%E9%8E%AE%E4%B8%AD%E5%9F%8E%E9%87%8C2%E9%84%B0%E5%BF%A0%E5%AD%9D%E8%B7%AF93%E8%99%9F
2551,皇冠商務汽車旅館,桃園市桃園區,,,,,https://www.google.com/maps/search/?api=1&query=%E7%9A%87%E5%86%A0%E5%95%86%E5%8B%99%E6%B1%BD%E8%BB%8A%E6%97%85%E9%A4%A8%20%E6%A1%83%E5%9C%92%E5%B8%82%E6%A1%83%E5%9C%92%E5%8D%80%E8%8E%8A%E6%95%AC%E8%B7%AF%E4%B8%80%E6%AE%B5150%E8%99%9F
32948,八八古藝悅禾民宿,金門縣金寧鄉,,,,,https://www.google.com/maps/search/?api=1&query=%E5%85%AB%E5%85%AB%E5%8F%A4%E8%97%9D%E6%82%85%E7%A6%BE%E6%B0%91%E5%AE%BF%20%E9%87%91%E9%96%80%E7%B8%A3%E9%87%91%E5%AF%A7%E9%84%89%E4%B8%8B%E5%A0%A112%E4%B9%8B5%E8%99%9F
21094,富王大飯店,臺中市西屯區,,,,,https://www.google.com/maps/search/?api=1&query=%E5%AF%8C%E7%8E%8B%E5%A4%A7%E9%A3%AF%E5%BA%97%20%E8%87%BA%E4%B8%AD%E5%B8%82%E8%A5%BF%E5%B1%AF%E5%8D%80%E6%96%87%E5%BF%83%E8%B7%AF2%E6%AE%B5636%E8%99%9F
32889,有山有谷民宿,花蓮縣壽豐鄉,,,,,https://www.google.com/maps/search/?api=1&query=%E6%9C%89%E5%B1%B1%E6%9C%89%E8%B0%B7%E6%B0%91%E5%AE%BF%20%E8%8A%B1%E8%93%AE%E7%B8%A3%E5%A3%BD%E8%B1%90%E9%84%89%E5%BF%97%E5%AD%B8%E6%9D%9114%E9%84%B0%E6%A9%8B%E4%B8%8B62%E8%99%9F
4615,旅人驛站日暮微旅,臺東縣臺東市,,,,,https://www.google.com/maps/search/?api=1&query=%E6%97%85%E4%BA%BA%E9%A9%9B%E7%AB%99%E6%97%A5%E6%9A%AE%E5%BE%AE%E6%97%85%20%E8%87%BA%E6%9D%B1%E7%B8%A3%E8%87%BA%E6%9D%B1%E5%B8%82%E4%B8%AD%E5%B1%B1%E8%B7%AF410%2C412%2C414%E8%99%9F
20631,大姆灣民宿,臺東縣東河鄉,,,,,https://www.google.com/maps/search/?api=1&query=%E5%A4%A7%E5%A7%86%E7%81%A3%E6%B0%91%E5%AE%BF%20%E8%87%BA%E6%9D%B1%E7%B8%A3%E6%9D%B1%E6%B2%B3%E9%84%89%E9%83%BD%E8%98%AD%E6%9D%91%E8%88%8A%E9%83%A814-9%E8%99%9F
15881,寶島窯民宿,屏東縣恆春鎮,,,,,https://www.google.com/maps/search/?api=1&query=%E5%AF%B6%E5%B3%B6%E7%AA%AF%E6%B0%91%E5%AE%BF%20%E5%B1%8F%E6%9D%B1%E7%B8%A3%E6%81%86%E6%98%A5%E9%8E%AE%E6%81%86%E5%85%AC%E8%B7%AF1179%E5%B7%B715%E8%99%9F
32728,暮石民宿,新北市瑞芳區,,,,,https://www.google.com/maps/search/?api=1&query=%E6%9A%AE%E7%9F%B3%E6%B0%91%E5%AE%BF%20%E6%96%B0%E5%8C%97%E5%B8%82%E7%91%9E%E8%8A%B3%E5%8D%80%E7%83%8F%E5%8B%A2%E5%B7%B750%E8%99%9F
14780,薆悅酒店-Grand,臺中市北區,,,,,https://www.google.com/maps/search/?api=1&query=%E8%96%86%E6%82%85%E9%85%92%E5%BA%97-Grand%20%E8%87%BA%E4%B8%AD%E5%B8%82%E5%8C%97%E5%8D%80%E4%BA%94%E6%AC%8A%E8%B7%AF228%E8%99%9F%E3%80%81228%E8%99%9F2~10%E6%A8%93%E3%80%81228%E8%99%9F%E5%9C%B0%E4%B8%8B1%E6%A8%93
27671,博拉樂民宿,屏東縣恆春鎮,,,,,https://www.google.com/maps/search/?api=1&query=%E5%8D%9A%E6%8B%89%E6%A8%82%E6%B0%91%E5%AE%BF%20%E5%B1%8F%E6%9D%B1%E7%B8%A3%E6%81%86%E6%98%A5%E9%8E%AE%E6%81%86%E8%A5%BF%E8%B7%AF33%E5%B7%B7119%E8%99%9F
35850,胡桃,臺南市安平區,,,,,https://www.google.com/maps/search/?api=1&query=%E8%83%A1%E6%A1%83%20%E8%87%BA%E5%8D%97%E5%B8%82%E5%AE%89%E5%B9%B3%E5%8D%80%E4%B8%96%E5%B9%B3%E4%BA%94%E8%A1%9767%E8%99%9F
37288,六小孩親子民宿,苗栗縣公館鄉,,,,,https://www.google.com/maps/search/?api=1&query=%E5%85%AD%E5%B0%8F%E5%AD%A9%E8%A6%AA%E5%AD%90%E6%B0%91%E5%AE%BF%20%E8%8B%97%E6%A0%97%E7%B8%A3%E5%85%AC%E9%A4%A8%E9%84%89%E4%BA%94%E8%B0%B7%E6%9D%9110%E9%84%B0%E4%BA%94%E8%B0%B7298%E4%B9%8B7%E8%99%9F
20292,薆悅酒店,臺中市東區,,,,,https://www.google.com/maps/search/?api=1&query=%E8%96%86%E6%82%85%E9%85%92%E5%BA%97%20%E8%87%BA%E4%B8%AD%E5%B8%82%E6%9D%B1%E5%8D%80%E5%8F%B0%E4%B8%AD%E8%B7%AF203%E8%99%9F
34617,慢慢相遇民宿,臺東縣臺東市,,,,,https://www.google.com/maps/search/?api=1&query=%E6%85%A2%E6%85%A2%E7%9B%B8%E9%81%87%E6%B0%91%E5%AE%BF%20%E8%87%BA%E6%9D%B1%E7%B8%A3%E8%87%BA%E6%9D%B1%E5%B8%82%E8%88%88%E5%AE%89%E8%B7%AF%E4%B8%80%E6%AE%B5200%E5%B7%B721%E5%BC%8472%E8%99%9F
8652,法格斯-石光,臺中市外埔區,,,,,https://www.google.com/maps/search/?api=1&query=%E6%B3%95%E6%A0%BC%E6%96%AF-%E7%9F%B3%E5%85%89%20%E8%87%BA%E4%B8%AD%E5%B8%82%E5%A4%96%E5%9F%94%E5%8D%80%E6%B0%B4%E9%A0%AD%E4%BA%8C%E8%B7%AF32%E8%99%9F
34550,山田心民宿,花蓮縣花蓮市,,,,,https://www.google.com/maps/search/?api=1&query=%E5%B1%B1%E7%94%B0%E5%BF%83%E6%B0%91%E5%AE%BF%20%E8%8A%B1%E8%93%AE%E7%B8%A3%E8%8A%B1%E8%93%AE%E5%B8%82%E5%9C%8B%E5%BC%B7%E9%87%8C10%E9%84%B0%E8%B1%90%E6%9D%91133%E4%B9%8B5%E8%99%9F
36558,杉嶼民宿,新北市瑞芳區,,,,,https://www.google.com/maps/search/?api=1&query=%E6%9D%89%E5%B6%BC%E6%B0%91%E5%AE%BF%20%E6%96%B0%E5%8C%97%E5%B8%82%E7%91%9E%E8%8A%B3%E5%8D%80%E8%A1%97%E9%A0%82%E5%B7%B734%E4%B9%8B1%E8%99%9F
5738,馥俐旅店,新北市板橋區,,,,,https://www.google.com/maps/search/?api=1&query=%E9%A6%A5%E4%BF%90%E6%97%85%E5%BA%97%20%E6%96%B0%E5%8C%97%E5%B8%82%E6%9D%BF%E6%A9%8B%E5%8D%80%E6%9D%B1%E9%96%80%E8%A1%9710%E8%99%9F2%E8%87%B35%E6%A8%93%2C12%E8%99%9F1%E8%87%B35%E6%A8%93
15798,米卡洛民宿,宜蘭縣冬山鄉,,,,,https://www.google.com/maps/search/?api=1&query=%E7%B1%B3%E5%8D%A1%E6%B4%9B%E6%B0%91%E5%AE%BF%20%E5%AE%9C%E8%98%AD%E7%B8%A3%E5%86%AC%E5%B1%B1%E9%84%89%E5%A2%83%E5%AE%89%E4%B8%80%E8%B7%AF156%E5%B7%B751%E8%99%9F
31567,成功古巷,臺南市北區,,,,,https://www.google.com/maps/search/?api=1&query=%E6%88%90%E5%8A%9F%E5%8F%A4%E5%B7%B7%20%E8%87%BA%E5%8D%97%E5%B8%82%E5%8C%97%E5%8D%80%E4%BD%91%E6%B0%91%E8%A1%9714%E8%99%9F
26304,水連天海景電梯民宿,澎湖縣馬公市,,,,,https://www.google.com/maps/search/?api=1&query=%E6%B0%B4%E9%80%A3%E5%A4%A9%E6%B5%B7%E6%99%AF%E9%9B%BB%E6%A2%AF%E6%B0%91%E5%AE%BF%20%E6%BE%8E%E6%B9%96%E7%B8%A3%E9%A6%AC%E5%85%AC%E5%B8%82%E8%A5%BF%E6%96%87%E9%87%8C11%E9%84%B0%E8%A5%BF%E6%96%87%E6%BE%B3501%E8%99%9F
8869,LA VIDA HOTEL 逢甲商旅,臺中市西屯區,,,,,https://www.google.com/maps/search/?api=1&query=LA%20VIDA%20HOTEL%20%E9%80%A2%E7%94%B2%E5%95%86%E6%97%85%20%E8%87%BA%E4%B8%AD%E5%B8%82%E8%A5%BF%E5%B1%AF%E5%8D%80%E8%A5%BF%E5%B1%AF%E8%B7%AF%E4%BA%8C%E6%AE%B5275%E4%B9%8B2%E8%99%9F
37664,工業風親子民宿,南投縣集集鎮,,,,,https://www.google.com/maps/search/?api=1&query=%E5%B7%A5%E6%A5%AD%E9%A2%A8%E8%A6%AA%E5%AD%90%E6%B0%91%E5%AE%BF%20%E5%8D%97%E6%8A%95%E7%B8%A3%E9%9B%86%E9%9B%86%E9%8E%AE%E5%8D%97%E6%8A%95%E7%B8%A3%E9%9B%86%E9%9B%86%E9%8E%AE%E6%9E%97%E5%B0%BE%E4%B8%80%E8%A1%9725%E8%99%9F
30736,長灘運動休閒飯店,屏東縣車城鄉,,,,,https://www.google.com/maps/search/?api=1&query=%E9%95%B7%E7%81%98%E9%81%8B%E5%8B%95%E4%BC%91%E9%96%92%E9%A3%AF%E5%BA%97%20%E5%B1%8F%E6%9D%B1%E7%B8%A3%E8%BB%8A%E5%9F%8E%E9%84%89%E6%B5%B7%E5%8F%A3%E6%9D%91%E6%B5%B7%E5%8F%A3%E8%B7%AF6%E4%B9%8B5%E8%99%9F
21791,周家渡假旅館,桃園市復興區,,,,,https://www.google.com/maps/search/?api=1&query=%E5%91%A8%E5%AE%B6%E6%B8%A1%E5%81%87%E6%97%85%E9%A4%A8%20%E6%A1%83%E5%9C%92%E5%B8%82%E5%BE%A9%E8%88%88%E5%8D%80%E8%8F%AF%E9%99%B5%E6%9D%9110%E9%84%B0%E5%B7%B4%E5%B4%9A113%E8%99%9F1%E6%A8%93
21408,休日行旅,臺南市北區,,,,,https://www.google.com/maps/search/?api=1&query=%E4%BC%91%E6%97%A5%E8%A1%8C%E6%97%85%20%E8%87%BA%E5%8D%97%E5%B8%82%E5%8C%97%E5%8D%80%E5%85%AC%E5%9C%92%E8%B7%AF128%E8%99%9F1%E6%A8%93%E3%80%818%E6%A8%93%E5%8F%8A%E5%9C%B0%E4%B8%8B%E5%AE%A4
30948,236寓所民宿,臺東縣臺東市,,,,,https://www.google.com/maps/search/?api=1&query=236%E5%AF%93%E6%89%80%E6%B0%91%E5%AE%BF%20%E8%87%BA%E6%9D%B1%E7%B8%A3%E8%87%BA%E6%9D%B1%E5%B8%82%E8%88%88%E7%9B%9B%E8%B7%AF236%E8%99%9F
38636,茶山宿民宿,臺東縣關山鎮,,,,,https://www.google.com/maps/search/?api=1&query=%E8%8C%B6%E5%B1%B1%E5%AE%BF%E6%B0%91%E5%AE%BF%20%E8%87%BA%E6%9D%B1%E7%B8%A3%E9%97%9C%E5%B1%B1%E9%8E%AE%E8%B1%90%E6%B3%89%E9%87%8C3%E9%84%B0%E5%B9%B3%E7%AD%89%E8%B7%AF47%E8%99%9F
37918,馨苑輕旅,彰化縣北斗鎮,,,,,https://www.google.com/maps/search/?api=1&query=%E9%A6%A8%E8%8B%91%E8%BC%95%E6%97%85%20%E5%BD%B0%E5%8C%96%E7%B8%A3%E5%8C%97%E6%96%97%E9%8E%AE%E4%B8%AD%E5%B1%B1%E8%B7%AF%E4%BA%8C%E6%AE%B5147%E5%B7%B757%E8%99%9F
9772,TC 慢旅花蓮館,花蓮縣花蓮市,,,,,https://www.google.com/maps/search/?api=1&query=TC%20%E6%85%A2%E6%97%85%E8%8A%B1%E8%93%AE%E9%A4%A8%20%E8%8A%B1%E8%93%AE%E7%B8%A3%E8%8A%B1%E8%93%AE%E5%B8%82%E4%B8%BB%E4%BF%A1%E9%87%8C7%E9%84%B0%E5%BF%A0%E5%AD%9D%E8%A1%9773%E8%99%9F
22909,璞樹民宿,宜蘭縣五結鄉,,,,,https://www.google.com/maps/search/?api=1&query=%E7%92%9E%E6%A8%B9%E6%B0%91%E5%AE%BF%20%E5%AE%9C%E8%98%AD%E7%B8%A3%E4%BA%94%E7%B5%90%E9%84%89%E4%BA%94%E7%B5%90%E4%B8%AD%E8%B7%AF%E4%BA%8C%E6%AE%B5241%E5%B7%B77%E5%BC%8426%E8%99%9F
26156,鄢室民宿,花蓮縣花蓮市,,,,,https://www.google.com/maps/search/?api=1&query=%E9%84%A2%E5%AE%A4%E6%B0%91%E5%AE%BF%20%E8%8A%B1%E8%93%AE%E7%B8%A3%E8%8A%B1%E8%93%AE%E5%B8%82%E5%BF%A0%E5%AD%9D%E8%A1%9722%E8%99%9F
21295,暐順和選旅,新竹市東區,,,,,https://www.google.com/maps/search/?api=1&query=%E6%9A%90%E9%A0%86%E5%92%8C%E9%81%B8%E6%97%85%20%E6%96%B0%E7%AB%B9%E5%B8%82%E6%9D%B1%E5%8D%80%E5%85%89%E6%98%8E%E9%87%8C1%E9%84%B0%E5%A4%A7%E5%AD%B8%E8%B7%AF16%E8%99%9F
31168,藍月亮民宿,臺東縣關山鎮,,,,,https://www.google.com/maps/search/?api=1&query=%E8%97%8D%E6%9C%88%E4%BA%AE%E6%B0%91%E5%AE%BF%20%E8%87%BA%E6%9D%B1%E7%B8%A3%E9%97%9C%E5%B1%B1%E9%8E%AE%E8%B1%90%E6%B3%89%E9%87%8C%E5%B9%B3%E7%AD%89%E8%B7%AF66%E8%99%9F
18117,湖下海景渡假民宿,金門縣金寧鄉,,,,,https://www.google.com/maps/search/?api=1&query=%E6%B9%96%E4%B8%8B%E6%B5%B7%E6%99%AF%E6%B8%A1%E5%81%87%E6%B0%91%E5%AE%BF%20%E9%87%91%E9%96%80%E7%B8%A3%E9%87%91%E5%AF%A7%E9%84%89%E6%B9%96%E4%B8%8B223%E4%B9%8B1%E8%99%9F
37702,言午次方民宿,嘉義縣布袋鎮,,,,,https://www.google.com/maps/search/?api=1&query=%E8%A8%80%E5%8D%88%E6%AC%A1%E6%96%B9%E6%B0%91%E5%AE%BF%20%E5%98%89%E7%BE%A9%E7%B8%A3%E5%B8%83%E8%A2%8B%E9%8E%AE%E6%96%B0%E5%8E%9D%E9%87%8C%E6%96%B0%E5%8E%9D%E4%BB%94341%E4%B9%8B4%E8%99%9F
5658,沐雲頂國際商旅,臺南市南區,,,,,https://www.google.com/maps/search/?api=1&query=%E6%B2%90%E9%9B%B2%E9%A0%82%E5%9C%8B%E9%9A%9B%E5%95%86%E6%97%85%20%E8%87%BA%E5%8D%97%E5%B8%82%E5%8D%97%E5%8D%80%E5%A4%A7%E5%90%8C%E8%B7%AF%E4%BA%8C%E6%AE%B5530%E8%99%9F
8662,雲河概念旅館,臺中市南屯區,,,,,https://www.google.com/maps/search/?api=1&query=%E9%9B%B2%E6%B2%B3%E6%A6%82%E5%BF%B5%E6%97%85%E9%A4%A8%20%E8%87%BA%E4%B8%AD%E5%B8%82%E5%8D%97%E5%B1%AF%E5%8D%80%E9%BB%8E%E6%98%8E%E8%B7%AF%E4%BA%8C%E6%AE%B5708%E8%99%9F
31176,千和居,臺南市安平區,,,,,https://www.google.com/maps/search/?api=1&query=%E5%8D%83%E5%92%8C%E5%B1%85%20%E8%87%BA%E5%8D%97%E5%B8%82%E5%AE%89%E5%B9%B3%E5%8D%80%E5%B7%9E%E5%B9%B3%E4%BA%8C%E8%A1%972%E4%B9%8B6%E8%99%9F
3267,浯江大飯店,金門縣金城鎮,,,,,https://www.google.com/maps/search/?api=1&query=%E6%B5%AF%E6%B1%9F%E5%A4%A7%E9%A3%AF%E5%BA%97%20%E9%87%91%E9%96%80%E7%B8%A3%E9%87%91%E5%9F%8E%E9%8E%AE%E8%B3%A2%E5%8E%9D%E9%87%8C%E8%A5%BF%E6%B5%B7%E8%B7%AF%E4%B8%89%E6%AE%B5100%E8%99%9F
9690,魚窩Ｂ＆Ｂ,宜蘭縣冬山鄉,,,,,https://www.google.com/maps/search/?api=1&query=%E9%AD%9A%E7%AA%A9%EF%BC%A2%EF%BC%86%EF%BC%A2%20%E5%AE%9C%E8%98%AD%E7%B8%A3%E5%86%AC%E5%B1%B1%E9%84%89%E6%9F%AF%E6%9E%97%E6%9D%91%E5%85%89%E8%8F%AF%E4%B8%80%E8%B7%AF430%E8%99%9F
32977,弎弄民宿,苗栗縣卓蘭鎮,,,,,https://www.google.com/maps/search/?api=1&query=%E5%BC%8E%E5%BC%84%E6%B0%91%E5%AE%BF%20%E8%8B%97%E6%A0%97%E7%B8%A3%E5%8D%93%E8%98%AD%E9%8E%AE%E8%A5%BF%E5%9D%AA%E9%87%8C4%E9%84%B0%E8%A5%BF%E5%9D%AA43-17%E8%99%9F
25850,瑞恒行館民宿,嘉義縣布袋鎮,,,,,https://www.google.com/maps/search/?api=1&query=%E7%91%9E%E6%81%92%E8%A1%8C%E9%A4%A8%E6%B0%91%E5%AE%BF%20%E5%98%89%E7%BE%A9%E7%B8%A3%E5%B8%83%E8%A2%8B%E9%8E%AE%E8%88%88%E4%B8%AD%E9%87%8C1%E9%84%B0%E5%BE%8C%E5%AF%AE%E8%B7%AF72%E5%B7%B735%E8%99%9F
7452,龍江大飯店,南投縣水里鄉,,,,,https://www.google.com/maps/search/?api=1&query=%E9%BE%8D%E6%B1%9F%E5%A4%A7%E9%A3%AF%E5%BA%97%20%E5%8D%97%E6%8A%95%E7%B8%A3%E6%B0%B4%E9%87%8C%E9%84%89%E8%BE%B2%E5%AF%8C%E6%9D%91%E6%B0%91%E7%94%9F%E8%B7%AF402%E8%99%9F
37923,湛湛里煙,臺南市安南區,,,,,https://www.google.com/maps/search/?api=1&query=%E6%B9%9B%E6%B9%9B%E9%87%8C%E7%85%99%20%E8%87%BA%E5%8D%97%E5%B8%82%E5%AE%89%E5%8D%97%E5%8D%80%E6%85%88%E8%88%88%E5%8D%81%E8%A1%9725%E8%99%9F
8899,萊茵商旅,基隆市中正區,,,,,https://www.google.com/maps/search/?api=1&query=%E8%90%8A%E8%8C%B5%E5%95%86%E6%97%85%20%E5%9F%BA%E9%9A%86%E5%B8%82%E4%B8%AD%E6%AD%A3%E5%8D%80%E4%BF%A1%E4%B8%80%E8%B7%AF177%E8%99%9F17%E6%A8%93
269,蘭庭民宿,宜蘭縣員山鄉,,,,,https://www.google.com/maps/search/?api=1&query=%E8%98%AD%E5%BA%AD%E6%B0%91%E5%AE%BF%20%E5%AE%9C%E8%98%AD%E7%B8%A3%E5%93%A1%E5%B1%B1%E9%84%89%E8%B3%A2%E5%BE%B7%E8%B7%AF%E4%B8%80%E6%AE%B530%E8%99%9F
14399,中科大飯店,臺中市北屯區,,,,,https://www.google.com/maps/search/?api=1&query=%E4%B8%AD%E7%A7%91%E5%A4%A7%E9%A3%AF%E5%BA%97%20%E8%87%BA%E4%B8%AD%E5%B8%82%E5%8C%97%E5%B1%AF%E5%8D%80%E6%97%85%E9%A0%86%E8%B7%AF2%E6%AE%B57%E8%99%9F1%E8%87%B319%E6%A8%93
15398,甜姐兒民宿,臺東縣臺東市,,,,,https://www.google.com/maps/search/?api=1&query=%E7%94%9C%E5%A7%90%E5%85%92%E6%B0%91%E5%AE%BF%20%E8%87%BA%E6%9D%B1%E7%B8%A3%E8%87%BA%E6%9D%B1%E5%B8%82%E6%96%87%E6%98%8C%E8%B7%AF72%E8%99%9F
18297,山水屋民宿,新竹縣北埔鄉,,,,,https://www.google.com/maps/search/?api=1&query=%E5%B1%B1%E6%B0%B4%E5%B1%8B%E6%B0%91%E5%AE%BF%20%E6%96%B0%E7%AB%B9%E7%B8%A3%E5%8C%97%E5%9F%94%E9%84%89%E5%8D%97%E5%9D%91%E6%9D%919%E9%84%B0%E5%A4%A7%E5%8D%97%E5%9D%917-7%E8%99%9F
20848,快樂腳青年民宿,花蓮縣花蓮市,,,,,https://www.google.com/maps/search/?api=1&query=%E5%BF%AB%E6%A8%82%E8%85%B3%E9%9D%92%E5%B9%B4%E6%B0%91%E5%AE%BF%20%E8%8A%B1%E8%93%AE%E7%B8%A3%E8%8A%B1%E8%93%AE%E5%B8%82%E4%B8%AD%E5%B1%B1%E8%B7%AF601%E5%B7%B71%E5%BC%842%E8%99%9F
38265,阿嬌ㄟ岫,宜蘭縣三星鄉,,,,,https://www.google.com/maps/search/?api=1&query=%E9%98%BF%E5%AC%8C%E3%84%9F%E5%B2%AB%20%E5%AE%9C%E8%98%AD%E7%B8%A3%E4%B8%89%E6%98%9F%E9%84%89%E4%B8%AD%E8%88%88%E4%BA%8C%E8%B7%AF56%E8%99%9F
27208,沁澐森林莊園,苗栗縣三義鄉,,,,,https://www.google.com/maps/search/?api=1&query=%E6%B2%81%E6%BE%90%E6%A3%AE%E6%9E%97%E8%8E%8A%E5%9C%92%20%E8%8B%97%E6%A0%97%E7%B8%A3%E4%B8%89%E7%BE%A9%E9%84%89%E9%9B%99%E6%BD%AD%E6%9D%9116%E9%84%B0%E5%B4%A9%E5%B1%B1%E4%B8%8B45%E4%B9%8B1%E8%99%9F
6153,二八樹巷藝術文旅,臺中市西屯區,,,,,https://www.google.com/maps/search/?api=1&query=%E4%BA%8C%E5%85%AB%E6%A8%B9%E5%B7%B7%E8%97%9D%E8%A1%93%E6%96%87%E6%97%85%20%E8%87%BA%E4%B8%AD%E5%B8%82%E8%A5%BF%E5%B1%AF%E5%8D%80%E6%AB%BB%E5%9F%8E%E4%B8%80%E8%A1%9785%E8%99%9F
8458,雲泊和旅,臺東縣臺東市,,,,,https://www.google.com/maps/search/?api=1&query=%E9%9B%B2%E6%B3%8A%E5%92%8C%E6%97%85%20%E8%87%BA%E6%9D%B1%E7%B8%A3%E8%87%BA%E6%9D%B1%E5%B8%82%E4%B8%AD%E6%AD%A3%E8%B7%AF277%E8%99%9F4%E6%A8%93%2C%E5%85%89%E6%98%8E%E8%B7%AF90%E8%99%9F4%E6%A8%93
15480,里萊行旅,桃園市桃園區,,,,,https://www.google.com/maps/search/?api=1&query=%E9%87%8C%E8%90%8A%E8%A1%8C%E6%97%85%20%E6%A1%83%E5%9C%92%E5%B8%82%E6%A1%83%E5%9C%92%E5%8D%80%E5%A4%A9%E7%A5%A5%E4%B8%83%E8%A1%9725%E8%99%9F
31066,品閣美食咖啡民宿,宜蘭縣三星鄉,,,,,https://www.google.com/maps/search/?api=1&query=%E5%93%81%E9%96%A3%E7%BE%8E%E9%A3%9F%E5%92%96%E5%95%A1%E6%B0%91%E5%AE%BF%20%E5%AE%9C%E8%98%AD%E7%B8%A3%E4%B8%89%E6%98%9F%E9%84%89%E5%A4%A7%E5%9F%947%E8%B7%AF2%E8%99%9F
5978,英倫旅店,臺東縣臺東市,,,,,https://www.google.com/maps/search/?api=1&query=%E8%8B%B1%E5%80%AB%E6%97%85%E5%BA%97%20%E8%87%BA%E6%9D%B1%E7%B8%A3%E8%87%BA%E6%9D%B1%E5%B8%82%E4%B8%AD%E8%8F%AF%E8%B7%AF%E4%B8%80%E6%AE%B5564%E8%99%9F
37237,后HO民宿,臺中市后里區,,,,,https://www.google.com/maps/search/?api=1&query=%E5%90%8EHO%E6%B0%91%E5%AE%BF%20%E8%87%BA%E4%B8%AD%E5%B8%82%E5%90%8E%E9%87%8C%E5%8D%80%E5%B0%BE%E7%A4%BE%E8%B7%AF396%E4%B9%8B1%E8%99%9F
5516,小鹿文娛─劇院酒店,臺南市北區,,,,,https://www.google.com/maps/search/?api=1&query=%E5%B0%8F%E9%B9%BF%E6%96%87%E5%A8%9B%E2%94%80%E5%8A%87%E9%99%A2%E9%85%92%E5%BA%97%20%E8%87%BA%E5%8D%97%E5%B8%82%E5%8C%97%E5%8D%80%E6%88%90%E5%8A%9F%E8%B7%AF46%E8%99%9F
3462,沂宸衿后禾居-民生館,高雄市新興區,,,,,https://www.google.com/maps/search/?api=1&query=%E6%B2%82%E5%AE%B8%E8%A1%BF%E5%90%8E%E7%A6%BE%E5%B1%85-%E6%B0%91%E7%94%9F%E9%A4%A8%20%E9%AB%98%E9%9B%84%E5%B8%82%E6%96%B0%E8%88%88%E5%8D%80%E6%B0%91%E7%94%9F%E4%B8%80%E8%B7%AF77%E8%99%9F1%E8%87%B37%E6%A8%93
38271,來雲庵民宿,宜蘭縣冬山鄉,,,,,https://www.google.com/maps/search/?api=1&query=%E4%BE%86%E9%9B%B2%E5%BA%B5%E6%B0%91%E5%AE%BF%20%E5%AE%9C%E8%98%AD%E7%B8%A3%E5%86%AC%E5%B1%B1%E9%84%89%E6%B0%B8%E9%8E%AE%E8%B7%AF126%E4%B9%8B3%E8%99%9F
2164,檜木居民宿,花蓮縣吉安鄉,,,,,https://www.google.com/maps/search/?api=1&query=%E6%AA%9C%E6%9C%A8%E5%B1%85%E6%B0%91%E5%AE%BF%20%E8%8A%B1%E8%93%AE%E7%B8%A3%E5%90%89%E5%AE%89%E9%84%89%E5%8B%9D%E5%AE%89%E6%9D%91%E6%85%88%E6%83%A0%E4%B8%80%E8%A1%9758%E8%99%9F
16502,樹屋文旅,臺南市安平區,,,,,https://www.google.com/maps/search/?api=1&query=%E6%A8%B9%E5%B1%8B%E6%96%87%E6%97%85%20%E8%87%BA%E5%8D%97%E5%B8%82%E5%AE%89%E5%B9%B3%E5%8D%80%E5%BB%BA%E5%B9%B3%E9%87%8C%E6%B0%B8%E8%8F%AF%E4%BA%94%E8%A1%9720%E8%99%9F1%E8%87%B34%E6%A8%93
33269,提米好旅,彰化縣彰化市,,,,,https://www.google.com/maps/search/?api=1&query=%E6%8F%90%E7%B1%B3%E5%A5%BD%E6%97%85%20%E5%BD%B0%E5%8C%96%E7%B8%A3%E5%BD%B0%E5%8C%96%E5%B8%82%E5%85%89%E5%BE%A9%E9%87%8C15%E9%84%B0%E6%88%90%E5%8A%9F%E8%B7%AF277%E8%99%9F
8830,綠堤民宿,宜蘭縣冬山鄉,,,,,https://www.google.com/maps/search/?api=1&query=%E7%B6%A0%E5%A0%A4%E6%B0%91%E5%AE%BF%20%E5%AE%9C%E8%98%AD%E7%B8%A3%E5%86%AC%E5%B1%B1%E9%84%89%E6%AD%A6%E6%B7%B5%E6%9D%91%E6%9D%B1%E4%BA%94%E8%B7%AF75%E8%99%9F
4274,高橋飯店,嘉義市西區,,,,,https://www.google.com/maps/search/?api=1&query=%E9%AB%98%E6%A9%8B%E9%A3%AF%E5%BA%97%20%E5%98%89%E7%BE%A9%E5%B8%82%E8%A5%BF%E5%8D%80%E8%87%AA%E5%BC%B7%E9%87%8C%E6%96%B0%E6%B0%91%E8%B7%AF784%E4%B9%8B1%E8%99%9F
31313,裏白VILLA民宿,宜蘭縣冬山鄉,,,,,https://www.google.com/maps/search/?api=1&query=%E8%A3%8F%E7%99%BDVILLA%E6%B0%91%E5%AE%BF%20%E5%AE%9C%E8%98%AD%E7%B8%A3%E5%86%AC%E5%B1%B1%E9%84%89%E4%B8%B8%E5%B1%B1%E4%BA%8C%E8%B7%AF31%E8%99%9F
1760,Ｍｅｒｌｉｎ２０,宜蘭縣礁溪鄉,,,,,https://www.google.com/maps/search/?api=1&query=%EF%BC%AD%EF%BD%85%EF%BD%92%EF%BD%8C%EF%BD%89%EF%BD%8E%EF%BC%92%EF%BC%90%20%E5%AE%9C%E8%98%AD%E7%B8%A3%E7%A4%81%E6%BA%AA%E9%84%89%E6%AD%A6%E6%9A%96%E8%B7%AF108-20%E8%99%9F
35372,九號光舟民宿,臺南市安平區,,,,,https://www.google.com/maps/search/?api=1&query=%E4%B9%9D%E8%99%9F%E5%85%89%E8%88%9F%E6%B0%91%E5%AE%BF%20%E8%87%BA%E5%8D%97%E5%B8%82%E5%AE%89%E5%B9%B3%E5%8D%80%E5%B7%9E%E5%B9%B3%E4%BA%8C%E8%A1%9751%E8%99%9F
17851,嚨口秘境古厝民宿,金門縣金寧鄉,,,,,https://www.google.com/maps/search/?api=1&query=%E5%9A%A8%E5%8F%A3%E7%A7%98%E5%A2%83%E5%8F%A4%E5%8E%9D%E6%B0%91%E5%AE%BF%20%E9%87%91%E9%96%80%E7%B8%A3%E9%87%91%E5%AF%A7%E9%84%89%E5%9A%A8%E5%8F%A316%E3%80%8118%E8%99%9F
4164,路徒行旅-台南成大館,臺南市北區,,,,,https://www.google.com/maps/search/?api=1&query=%E8%B7%AF%E5%BE%92%E8%A1%8C%E6%97%85-%E5%8F%B0%E5%8D%97%E6%88%90%E5%A4%A7%E9%A4%A8%20%E8%87%BA%E5%8D%97%E5%B8%82%E5%8C%97%E5%8D%80%E5%89%8D%E9%8B%92%E8%B7%AF318%E8%99%9F
16413,點點民宿,宜蘭縣五結鄉,,,,,https://www.google.com/maps/search/?api=1&query=%E9%BB%9E%E9%BB%9E%E6%B0%91%E5%AE%BF%20%E5%AE%9C%E8%98%AD%E7%B8%A3%E4%BA%94%E7%B5%90%E9%84%89%E5%85%AC%E5%9C%92%E4%B8%89%E8%B7%AF109%E8%99%9F
5826,太子行旅,臺南市中西區,,,,,https://www.google.com/maps/search/?api=1&query=%E5%A4%AA%E5%AD%90%E8%A1%8C%E6%97%85%20%E8%87%BA%E5%8D%97%E5%B8%82%E4%B8%AD%E8%A5%BF%E5%8D%80%E5%8F%8B%E6%84%9B%E8%A1%97349%E8%99%9F%282-5%E6%A8%93%29%E3%80%81%E5%BA%B7%E6%A8%82%E8%A1%9782%E8%99%9F%281%E6%A8%93%E9%96%80%E5%BB%B3%E5%8F%8A%E6%8E%A5%E5%BE%85%E8%99%95%29
32773,鹿港澄悅酒店,彰化縣鹿港鎮,,,,,https://www.google.com/maps/search/?api=1&query=%E9%B9%BF%E6%B8%AF%E6%BE%84%E6%82%85%E9%85%92%E5%BA%97%20%E5%BD%B0%E5%8C%96%E7%B8%A3%E9%B9%BF%E6%B8%AF%E9%8E%AE%E4%B8%AD%E6%AD%A3%E8%B7%AF598%E8%99%9F
28940,羅東好民宿,宜蘭縣羅東鎮,,,,,https://www.google.com/maps/search/?api=1&query=%E7%BE%85%E6%9D%B1%E5%A5%BD%E6%B0%91%E5%AE%BF%20%E5%AE%9C%E8%98%AD%E7%B8%A3%E7%BE%85%E6%9D%B1%E9%8E%AE%E5%8C%97%E6%8A%95%E8%A1%9781%E8%99%9F
28263,弌宅民宿,苗栗縣卓蘭鎮,,,,,https://www.google.com/maps/search/?api=1&query=%E5%BC%8C%E5%AE%85%E6%B0%91%E5%AE%BF%20%E8%8B%97%E6%A0%97%E7%B8%A3%E5%8D%93%E8%98%AD%E9%8E%AE%E8%A5%BF%E5%9D%AA%E9%87%8C4%E9%84%B0%E8%A5%BF%E5%9D%AA43%E4%B9%8B19%E8%99%9F
19336,沐夏民宿,花蓮縣吉安鄉,,,,,https://www.google.com/maps/search/?api=1&query=%E6%B2%90%E5%A4%8F%E6%B0%91%E5%AE%BF%20%E8%8A%B1%E8%93%AE%E7%B8%A3%E5%90%89%E5%AE%89%E9%84%89%E5%85%89%E8%8F%AF%E6%9D%91%E5%85%89%E8%8F%AF%E4%B8%89%E8%A1%9722%E8%99%9F
1932,東方商務大飯店,宜蘭縣羅東鎮,,,,,https://www.google.com/maps/search/?api=1&query=%E6%9D%B1%E6%96%B9%E5%95%86%E5%8B%99%E5%A4%A7%E9%A3%AF%E5%BA%97%20%E5%AE%9C%E8%98%AD%E7%B8%A3%E7%BE%85%E6%9D%B1%E9%8E%AE%E5%92%8C%E5%B9%B3%E8%B7%AF109%E8%99%9F
22677,柯林小屋,宜蘭縣冬山鄉,,,,,https://www.google.com/maps/search/?api=1&query=%E6%9F%AF%E6%9E%97%E5%B0%8F%E5%B1%8B%20%E5%AE%9C%E8%98%AD%E7%B8%A3%E5%86%AC%E5%B1%B1%E9%84%89%E6%9F%AF%E6%9E%97%E4%BA%8C%E8%B7%AF325%E8%99%9F
32044,府前紅樓,臺南市中西區,,,,,https://www.google.com/maps/search/?api=1&query=%E5%BA%9C%E5%89%8D%E7%B4%85%E6%A8%93%20%E8%87%BA%E5%8D%97%E5%B8%82%E4%B8%AD%E8%A5%BF%E5%8D%80%E5%BA%9C%E5%89%8D%E8%B7%AF%E4%B8%80%E6%AE%B5122%E5%B7%B712%E8%99%9F%E4%B9%8B1
17359,克洛德-Cloud民宿,花蓮縣吉安鄉,,,,,https://www.google.com/maps/search/?api=1&query=%E5%85%8B%E6%B4%9B%E5%BE%B7-Cloud%E6%B0%91%E5%AE%BF%20%E8%8A%B1%E8%93%AE%E7%B8%A3%E5%90%89%E5%AE%89%E9%84%89%E5%A4%AA%E6%98%8C%E6%9D%9112%E9%84%B0%E6%98%8E%E7%BE%A9%E4%BA%94%E8%A1%97102%E5%B7%B78%E8%99%9F
38372,璦勒芬莊園民宿,嘉義縣番路鄉,,,,,https://www.google.com/maps/search/?api=1&query=%E7%92%A6%E5%8B%92%E8%8A%AC%E8%8E%8A%E5%9C%92%E6%B0%91%E5%AE%BF%20%E5%98%89%E7%BE%A9%E7%B8%A3%E7%95%AA%E8%B7%AF%E9%84%89%E5%85%AC%E7%94%B0%E6%9D%91%E9%9A%99%E9%A0%827%E8%99%9F
14644,晴天娃娃民宿,宜蘭縣五結鄉,,,,,https://www.google.com/maps/search/?api=1&query=%E6%99%B4%E5%A4%A9%E5%A8%83%E5%A8%83%E6%B0%91%E5%AE%BF%20%E5%AE%9C%E8%98%AD%E7%B8%A3%E4%BA%94%E7%B5%90%E9%84%89%E5%8D%94%E5%92%8C%E6%9D%91%E8%A6%AA%E6%B2%B3%E8%B7%AF%E4%BA%8C%E6%AE%B5103%E5%B7%B71%E5%BC%841%E8%99%9F
28581,茶田關舍貳館,臺東縣關山鎮,,,,,https://www.google.com/maps/search/?api=1&query=%E8%8C%B6%E7%94%B0%E9%97%9C%E8%88%8D%E8%B2%B3%E9%A4%A8%20%E8%87%BA%E6%9D%B1%E7%B8%A3%E9%97%9C%E5%B1%B1%E9%8E%AE%E8%B1%90%E5%8E%9F%E9%87%8C3%E9%84%B0%E5%B9%B3%E7%AD%89%E8%B7%AF90%E8%99%9F
8971,月圓汽車旅館,新北市樹林區,,,,,https://www.google.com/maps/search/?api=1&query=%E6%9C%88%E5%9C%93%E6%B1%BD%E8%BB%8A%E6%97%85%E9%A4%A8%20%E6%96%B0%E5%8C%97%E5%B8%82%E6%A8%B9%E6%9E%97%E5%8D%80%E5%85%AB%E5%BE%B7%E8%A1%97208%E5%B7%B712%E8%99%9F
34274,南科驛站,臺南市新市區,,,,,https://www.google.com/maps/search/?api=1&query=%E5%8D%97%E7%A7%91%E9%A9%9B%E7%AB%99%20%E8%87%BA%E5%8D%97%E5%B8%82%E6%96%B0%E5%B8%82%E5%8D%80%E4%B8%89%E8%88%8D%E9%87%8C3%E9%84%B0%E4%B8%89%E8%88%8D%E4%B8%80%E8%A1%97126%E5%B7%B761%E8%99%9F
35599,37彎民宿,嘉義縣梅山鄉,,,,,https://www.google.com/maps/search/?api=1&query=37%E5%BD%8E%E6%B0%91%E5%AE%BF%20%E5%98%89%E7%BE%A9%E7%B8%A3%E6%A2%85%E5%B1%B1%E9%84%89%E5%A4%AA%E5%B9%B3%E6%9D%91%E4%B8%8B%E5%9D%91%E4%BB%943%E8%99%9F
4666,水舞間,宜蘭縣冬山鄉,,,,,https://www.google.com/maps/search/?api=1&query=%E6%B0%B4%E8%88%9E%E9%96%93%20%E5%AE%9C%E8%98%AD%E7%B8%A3%E5%86%AC%E5%B1%B1%E9%84%89%E6%B0%B4%E4%BA%95%E4%B8%80%E8%B7%AF92%E8%99%9F
5457,路境行旅－花蓮文化館,花蓮縣花蓮市,,,,,https://www.google.com/maps/search/?api=1&query=%E8%B7%AF%E5%A2%83%E8%A1%8C%E6%97%85%EF%BC%8D%E8%8A%B1%E8%93%AE%E6%96%87%E5%8C%96%E9%A4%A8%20%E8%8A%B1%E8%93%AE%E7%B8%A3%E8%8A%B1%E8%93%AE%E5%B8%82%E6%B0%91%E6%97%8F%E9%87%8C9%E9%84%B0%E7%A6%8F%E5%BB%BA%E8%A1%97512%E8%99%9F
38471,九份山城山海灣民宿,新北市瑞芳區,,,,,https://www.google.com/maps/search/?api=1&query=%E4%B9%9D%E4%BB%BD%E5%B1%B1%E5%9F%8E%E5%B1%B1%E6%B5%B7%E7%81%A3%E6%B0%91%E5%AE%BF%20%E6%96%B0%E5%8C%97%E5%B8%82%E7%91%9E%E8%8A%B3%E5%8D%80%E8%A1%97%E9%A0%82%E5%B7%B722%E8%99%9F
19248,小貓兩3隻民宿,臺東縣臺東市,,,,,https://www.google.com/maps/search/?api=1&query=%E5%B0%8F%E8%B2%93%E5%85%A93%E9%9A%BB%E6%B0%91%E5%AE%BF%20%E8%87%BA%E6%9D%B1%E7%B8%A3%E8%87%BA%E6%9D%B1%E5%B8%82%E4%B8%AD%E8%88%88%E8%B7%AF%E4%BA%8C%E6%AE%B590%E8%99%9F
36106,觀機文旅民宿,嘉義縣水上鄉,,,,,https://www.google.com/maps/search/?api=1&query=%E8%A7%80%E6%A9%9F%E6%96%87%E6%97%85%E6%B0%91%E5%AE%BF%20%E5%98%89%E7%BE%A9%E7%B8%A3%E6%B0%B4%E4%B8%8A%E9%84%89%E7%B2%97%E6%BA%AA%E6%9D%9114%E9%84%B0%E5%B7%B7%E5%8F%A371%E4%B9%8B2%E8%99%9F
34494,金玉閣,金門縣金城鎮,,,,,https://www.google.com/maps/search/?api=1&query=%E9%87%91%E7%8E%89%E9%96%A3%20%E9%87%91%E9%96%80%E7%B8%A3%E9%87%91%E5%9F%8E%E9%8E%AE%E5%89%8D%E6%B0%B4%E9%A0%AD37%E8%99%9F
36238,暮暮山丘,屏東縣恆春鎮,,,,,https://www.google.com/maps/search/?api=1&query=%E6%9A%AE%E6%9A%AE%E5%B1%B1%E4%B8%98%20%E5%B1%8F%E6%9D%B1%E7%B8%A3%E6%81%86%E6%98%A5%E9%8E%AE%E6%81%92%E5%8D%97%E8%B7%AF11%E5%B7%B726%E5%BC%8461%E8%99%9F
2081,大鵬灣大飯店,屏東縣東港鎮,,,,,https://www.google.com/maps/search/?api=1&query=%E5%A4%A7%E9%B5%AC%E7%81%A3%E5%A4%A7%E9%A3%AF%E5%BA%97%20%E5%B1%8F%E6%9D%B1%E7%B8%A3%E6%9D%B1%E6%B8%AF%E9%8E%AE%E4%B8%AD%E5%B1%B1%E8%B7%AF59%E8%99%9F
17784,花鄉旅館大寮店,高雄市大寮區,,,,,https://www.google.com/maps/search/?api=1&query=%E8%8A%B1%E9%84%89%E6%97%85%E9%A4%A8%E5%A4%A7%E5%AF%AE%E5%BA%97%20%E9%AB%98%E9%9B%84%E5%B8%82%E5%A4%A7%E5%AF%AE%E5%8D%80%E7%BF%81%E5%9C%92%E9%87%8C%E5%85%89%E6%98%8E%E8%B7%AF%E4%B8%89%E6%AE%B5397%E8%99%9F
753,博客來民宿,花蓮縣花蓮市,,,,,https://www.google.com/maps/search/?api=1&query=%E5%8D%9A%E5%AE%A2%E4%BE%86%E6%B0%91%E5%AE%BF%20%E8%8A%B1%E8%93%AE%E7%B8%A3%E8%8A%B1%E8%93%AE%E5%B8%82%E4%B8%BB%E5%8B%A4%E9%87%8C17%E9%84%B0%E5%8D%9A%E6%84%9B%E8%A1%9765%E8%99%9F
35369,六宿樲館,臺南市中西區,,,,,https://www.google.com/maps/search/?api=1&query=%E5%85%AD%E5%AE%BF%E6%A8%B2%E9%A4%A8%20%E8%87%BA%E5%8D%97%E5%B8%82%E4%B8%AD%E8%A5%BF%E5%8D%80%E8%A1%9B%E6%B0%91%E8%A1%97106%E8%99%9F%E4%B9%8B30
31412,河畔暮光,臺南市安平區,,,,,https://www.google.com/maps/search/?api=1&query=%E6%B2%B3%E7%95%94%E6%9A%AE%E5%85%89%20%E8%87%BA%E5%8D%97%E5%B8%82%E5%AE%89%E5%B9%B3%E5%8D%80%E5%AE%89%E5%84%84%E8%B7%AF112%E8%99%9F
29925,東皋歇暝,彰化縣鹿港鎮,,,,,https://www.google.com/maps/search/?api=1&query=%E6%9D%B1%E7%9A%8B%E6%AD%87%E6%9A%9D%20%E5%BD%B0%E5%8C%96%E7%B8%A3%E9%B9%BF%E6%B8%AF%E9%8E%AE%E5%BE%A9%E8%88%88%E8%B7%AF318%E8%99%9F
2095,福憩背包客棧,臺南市中西區,,,,,https://www.google.com/maps/search/?api=1&query=%E7%A6%8F%E6%86%A9%E8%83%8C%E5%8C%85%E5%AE%A2%E6%A3%A7%20%E8%87%BA%E5%8D%97%E5%B8%82%E4%B8%AD%E8%A5%BF%E5%8D%80%E5%92%8C%E5%B9%B3%E8%A1%9791%E8%99%9F
3155,池上五一五九懷舊民宿,臺東縣池上鄉,,,,,https://www.google.com/maps/search/?api=1&query=%E6%B1%A0%E4%B8%8A%E4%BA%94%E4%B8%80%E4%BA%94%E4%B9%9D%E6%87%B7%E8%88%8A%E6%B0%91%E5%AE%BF%20%E8%87%BA%E6%9D%B1%E7%B8%A3%E6%B1%A0%E4%B8%8A%E9%84%89%E7%A6%8F%E5%8E%9F%E6%9D%915%E9%84%B0%E4%BB%81%E6%84%9B%E8%B7%AF12%E8%99%9F
7705,河堤時尚旅店,屏東縣恆春鎮,,,,,https://www.google.com/maps/search/?api=1&query=%E6%B2%B3%E5%A0%A4%E6%99%82%E5%B0%9A%E6%97%85%E5%BA%97%20%E5%B1%8F%E6%9D%B1%E7%B8%A3%E6%81%86%E6%98%A5%E9%8E%AE%E6%81%86%E5%8D%97%E8%B7%AF123%E8%99%9F
30787,神隱之森民宿,新北市瑞芳區,,,,,https://www.google.com/maps/search/?api=1&query=%E7%A5%9E%E9%9A%B1%E4%B9%8B%E6%A3%AE%E6%B0%91%E5%AE%BF%20%E6%96%B0%E5%8C%97%E5%B8%82%E7%91%9E%E8%8A%B3%E5%8D%80%E5%B4%99%E9%A0%82%E8%B7%AF48%E8%99%9F
21243,秋約民宿,金門縣金湖鎮,,,,,https://www.google.com/maps/search/?api=1&query=%E7%A7%8B%E7%B4%84%E6%B0%91%E5%AE%BF%20%E9%87%91%E9%96%80%E7%B8%A3%E9%87%91%E6%B9%96%E9%8E%AE%E5%A1%94%E5%90%8E158%E4%B9%8B9%E8%99%9F
30339,德旅店民宿,屏東縣竹田鄉,,,,,https://www.google.com/maps/search/?api=1&query=%E5%BE%B7%E6%97%85%E5%BA%97%E6%B0%91%E5%AE%BF%20%E5%B1%8F%E6%9D%B1%E7%B8%A3%E7%AB%B9%E7%94%B0%E9%84%89%E8%B1%90%E6%98%8E%E8%B7%AF22%E8%99%9F
494,久窩行旅-逢甲館,臺中市西屯區,,,,,https://www.google.com/maps/search/?api=1&query=%E4%B9%85%E7%AA%A9%E8%A1%8C%E6%97%85-%E9%80%A2%E7%94%B2%E9%A4%A8%20%E8%87%BA%E4%B8%AD%E5%B8%82%E8%A5%BF%E5%B1%AF%E5%8D%80%E6%96%87%E8%8F%AF%E8%B7%AF43%E8%99%9F%282-5%E6%A8%93%29
37649,達美樂民宿,金門縣金沙鎮,,,,,https://www.google.com/maps/search/?api=1&query=%E9%81%94%E7%BE%8E%E6%A8%82%E6%B0%91%E5%AE%BF%20%E9%87%91%E9%96%80%E7%B8%A3%E9%87%91%E6%B2%99%E9%8E%AE%E4%B8%AD%E8%98%AD26%E8%99%9F
33652,心適都蘭民宿,臺東縣東河鄉,,,,,https://www.google.com/maps/search/?api=1&query=%E5%BF%83%E9%81%A9%E9%83%BD%E8%98%AD%E6%B0%91%E5%AE%BF%20%E8%87%BA%E6%9D%B1%E7%B8%A3%E6%9D%B1%E6%B2%B3%E9%84%89%E9%83%BD%E8%98%AD%E6%9D%9133%E9%84%B0%E9%83%BD%E8%98%AD281%E4%B9%8B1%E8%99%9F
18051,三義行館,苗栗縣三義鄉,,,,,https://www.google.com/maps/search/?api=1&query=%E4%B8%89%E7%BE%A9%E8%A1%8C%E9%A4%A8%20%E8%8B%97%E6%A0%97%E7%B8%A3%E4%B8%89%E7%BE%A9%E9%84%89%E5%BB%A3%E7%9B%9B%E6%9D%9141%E9%84%B0%E5%85%AB%E8%82%A1%E8%B7%AF%E9%A4%A8%E5%89%8D8%E5%B7%B71%E4%B9%8B19%E8%99%9F
30822,惠來谷關溫泉會館,臺中市和平區,,,,,https://www.google.com/maps/search/?api=1&query=%E6%83%A0%E4%BE%86%E8%B0%B7%E9%97%9C%E6%BA%AB%E6%B3%89%E6%9C%83%E9%A4%A8%20%E8%87%BA%E4%B8%AD%E5%B8%82%E5%92%8C%E5%B9%B3%E5%8D%80%E6%9D%B1%E9%97%9C%E8%B7%AF%E4%B8%80%E6%AE%B5%E6%BA%AB%E6%B3%89%E5%B7%B710%E8%99%9F
9900,挪威森林頂級汽車旅館,新北市板橋區,,,,,https://www.google.com/maps/search/?api=1&query=%E6%8C%AA%E5%A8%81%E6%A3%AE%E6%9E%97%E9%A0%82%E7%B4%9A%E6%B1%BD%E8%BB%8A%E6%97%85%E9%A4%A8%20%E6%96%B0%E5%8C%97%E5%B8%82%E6%9D%BF%E6%A9%8B%E5%8D%80%E5%92%8C%E5%B9%B3%E8%B7%AF14%E5%B7%B73%E8%99%9F
18451,富立登國際大飯店,桃園市蘆竹區,,,,,https://www.google.com/maps/search/?api=1&query=%E5%AF%8C%E7%AB%8B%E7%99%BB%E5%9C%8B%E9%9A%9B%E5%A4%A7%E9%A3%AF%E5%BA%97%20%E6%A1%83%E5%9C%92%E5%B8%82%E8%98%86%E7%AB%B9%E5%8D%80%E9%95%B7%E6%A6%AE%E8%B7%AF55%E8%99%9F
3085,跳跳民宿,屏東縣琉球鄉,,,,,https://www.google.com/maps/search/?api=1&query=%E8%B7%B3%E8%B7%B3%E6%B0%91%E5%AE%BF%20%E5%B1%8F%E6%9D%B1%E7%B8%A3%E7%90%89%E7%90%83%E9%84%89%E4%B8%AD%E5%B1%B1%E8%B7%AF116-3%E8%99%9F
4554,統一的家民宿,花蓮縣吉安鄉,,,,,https://www.google.com/maps/search/?api=1&query=%E7%B5%B1%E4%B8%80%E7%9A%84%E5%AE%B6%E6%B0%91%E5%AE%BF%20%E8%8A%B1%E8%93%AE%E7%B8%A3%E5%90%89%E5%AE%89%E9%84%89%E5%8B%9D%E5%AE%89%E6%9D%9116%E9%84%B0%E4%B8%AD%E5%8E%9F%E8%B7%AF%E4%B8%80%E6%AE%B5418%E8%99%9F
1550,愛那思民宿,臺東縣臺東市,,,,,https://www.google.com/maps/search/?api=1&query=%E6%84%9B%E9%82%A3%E6%80%9D%E6%B0%91%E5%AE%BF%20%E8%87%BA%E6%9D%B1%E7%B8%A3%E8%87%BA%E6%9D%B1%E5%B8%82%E8%88%88%E5%AE%89%E8%B7%AF%E4%BA%8C%E6%AE%B530%E8%99%9F
37067,好好民宿,宜蘭縣冬山鄉,,,,,https://www.google.com/maps/search/?api=1&query=%E5%A5%BD%E5%A5%BD%E6%B0%91%E5%AE%BF%20%E5%AE%9C%E8%98%AD%E7%B8%A3%E5%86%AC%E5%B1%B1%E9%84%89%E6%AD%A6%E7%BD%95%E4%B8%89%E8%B7%AF131%E5%B7%B712%E8%99%9F
29803,閣樂有限公司,宜蘭縣羅東鎮,,,,,https://www.google.com/maps/search/?api=1&query=%E9%96%A3%E6%A8%82%E6%9C%89%E9%99%90%E5%85%AC%E5%8F%B8%20%E5%AE%9C%E8%98%AD%E7%B8%A3%E7%BE%85%E6%9D%B1%E9%8E%AE%E5%80%89%E5%89%8D%E8%B7%AF83%E8%99%9F3%E6%A8%93%E4%B9%8B1%E3%80%81%E4%B9%8B2%E3%80%81%E4%B9%8B3%E3%80%81%E4%B9%8B5%E3%80%81%E4%B9%8B6%E3%80%81%E4%B9%8B7%E3%80%81%E4%B9%8B8%E3%80%81%E4%B9%8B9%E3%80%81%E4%B9%8B10
16484,奇異果快捷旅店－站前一館,臺中市中區,,,,,https://www.google.com/maps/search/?api=1&query=%E5%A5%87%E7%95%B0%E6%9E%9C%E5%BF%AB%E6%8D%B7%E6%97%85%E5%BA%97%EF%BC%8D%E7%AB%99%E5%89%8D%E4%B8%80%E9%A4%A8%20%E8%87%BA%E4%B8%AD%E5%B8%82%E4%B8%AD%E5%8D%80%E8%87%BA%E7%81%A3%E5%A4%A7%E9%81%93%E4%B8%80%E6%AE%B519%E8%99%9F6%E8%87%B312%E6%A8%93
37137,捌之捌民宿,嘉義縣水上鄉,,,,,https://www.google.com/maps/search/?api=1&query=%E6%8D%8C%E4%B9%8B%E6%8D%8C%E6%B0%91%E5%AE%BF%20%E5%98%89%E7%BE%A9%E7%B8%A3%E6%B0%B4%E4%B8%8A%E9%84%89%E5%8D%97%E5%92%8C%E6%9D%91%E5%BE%8C%E5%AF%AE8%E4%B9%8B8%E8%99%9F
33428,金瑞文旅,臺中市西屯區,,,,,https://www.google.com/maps/search/?api=1&query=%E9%87%91%E7%91%9E%E6%96%87%E6%97%85%20%E8%87%BA%E4%B8%AD%E5%B8%82%E8%A5%BF%E5%B1%AF%E5%8D%80%E7%A6%8F%E6%98%9F%E8%B7%AF245%E8%99%9F%E3%80%81245%E8%99%9F3%E6%A8%93%E3%80%81245%E8%99%9F4%E6%A8%93
17856,冠倫旅店,花蓮縣花蓮市,,,,,https://www.google.com/maps/search/?api=1&query=%E5%86%A0%E5%80%AB%E6%97%85%E5%BA%97%20%E8%8A%B1%E8%93%AE%E7%B8%A3%E8%8A%B1%E8%93%AE%E5%B8%82%E6%B0%91%E5%8B%A4%E9%87%8C4%E9%84%B0%E4%B8%AD%E7%BE%8E%E8%B7%AF67%E8%99%9F%281~5%E6%A8%93%29
22103,旅采民宿,澎湖縣馬公市,,,,,https://www.google.com/maps/search/?api=1&query=%E6%97%85%E9%87%87%E6%B0%91%E5%AE%BF%20%E6%BE%8E%E6%B9%96%E7%B8%A3%E9%A6%AC%E5%85%AC%E5%B8%82%E4%BA%94%E5%BE%B7%E9%87%8C1%E9%84%B0%E9%9B%9E%E6%AF%8D%E5%A1%A2216%E8%99%9F
30606,李寓恆春的家民宿,屏東縣恆春鎮,,,,,https://www.google.com/maps/search/?api=1&query=%E6%9D%8E%E5%AF%93%E6%81%86%E6%98%A5%E7%9A%84%E5%AE%B6%E6%B0%91%E5%AE%BF%20%E5%B1%8F%E6%9D%B1%E7%B8%A3%E6%81%86%E6%98%A5%E9%8E%AE%E6%81%86%E5%8D%97%E8%B7%AF2%E5%B7%B786%E5%BC%8471%E8%99%9F
16466,幸福８號民宿,宜蘭縣五結鄉,,,,,https://www.google.com/maps/search/?api=1&query=%E5%B9%B8%E7%A6%8F%EF%BC%98%E8%99%9F%E6%B0%91%E5%AE%BF%20%E5%AE%9C%E8%98%AD%E7%B8%A3%E4%BA%94%E7%B5%90%E9%84%89%E7%A6%8F%E5%92%8C%E4%BA%8C%E8%B7%AF118%E5%B7%B78%E8%99%9F
9910,雀客旅館宜蘭羅東二館,宜蘭縣羅東鎮,,,,,https://www.google.com/maps/search/?api=1&query=%E9%9B%80%E5%AE%A2%E6%97%85%E9%A4%A8%E5%AE%9C%E8%98%AD%E7%BE%85%E6%9D%B1%E4%BA%8C%E9%A4%A8%20%E5%AE%9C%E8%98%AD%E7%B8%A3%E7%BE%85%E6%9D%B1%E9%8E%AE%E5%85%AC%E6%AD%A3%E9%87%8C%E6%9E%97%E6%A3%AE%E8%B7%AF68%E8%99%9F4%E6%A8%93%E8%87%B35%E6%A8%93
14443,陶花巷弄民宿,南投縣集集鎮,,,,,https://www.google.com/maps/search/?api=1&query=%E9%99%B6%E8%8A%B1%E5%B7%B7%E5%BC%84%E6%B0%91%E5%AE%BF%20%E5%8D%97%E6%8A%95%E7%B8%A3%E9%9B%86%E9%9B%86%E9%8E%AE%E5%85%AB%E5%BC%B5%E4%B8%80%E8%A1%97146%E8%99%9F
4520,道時尚悠然山莊,高雄市六龜區,,,,,https://www.google.com/maps/search/?api=1&query=%E9%81%93%E6%99%82%E5%B0%9A%E6%82%A0%E7%84%B6%E5%B1%B1%E8%8E%8A%20%E9%AB%98%E9%9B%84%E5%B8%82%E5%85%AD%E9%BE%9C%E5%8D%80%E6%96%B0%E7%99%BC%E9%87%8C%E5%92%8C%E5%B9%B3%E8%B7%AF130-5%E8%99%9F
5526,邊界。花東民宿,花蓮縣富里鄉,,,,,https://www.google.com/maps/search/?api=1&query=%E9%82%8A%E7%95%8C%E3%80%82%E8%8A%B1%E6%9D%B1%E6%B0%91%E5%AE%BF%20%E8%8A%B1%E8%93%AE%E7%B8%A3%E5%AF%8C%E9%87%8C%E9%84%89%E5%AF%8C%E9%87%8C%E6%9D%91%E8%BB%8A%E7%AB%99%E8%A1%971%E8%99%9F
37463,綠知心泉莊園,南投縣水里鄉,,,,,https://www.google.com/maps/search/?api=1&query=%E7%B6%A0%E7%9F%A5%E5%BF%83%E6%B3%89%E8%8E%8A%E5%9C%92%20%E5%8D%97%E6%8A%95%E7%B8%A3%E6%B0%B4%E9%87%8C%E9%84%89%E5%8D%97%E6%8A%95%E7%B8%A3%E6%B0%B4%E9%87%8C%E9%84%89%E4%BB%81%E6%84%9B%E8%B7%AF25%E8%99%9F
19576,墾丁恆美111旅宿,屏東縣恆春鎮,,,,,https://www.google.com/maps/search/?api=1&query=%E5%A2%BE%E4%B8%81%E6%81%86%E7%BE%8E111%E6%97%85%E5%AE%BF%20%E5%B1%8F%E6%9D%B1%E7%B8%A3%E6%81%86%E6%98%A5%E9%8E%AE%E6%81%86%E8%A5%BF%E8%B7%AF33%E5%B7%B7111%E8%99%9F
26855,旭海天空民宿,澎湖縣馬公市,,,,,https://www.google.com/maps/search/?api=1&query=%E6%97%AD%E6%B5%B7%E5%A4%A9%E7%A9%BA%E6%B0%91%E5%AE%BF%20%E6%BE%8E%E6%B9%96%E7%B8%A3%E9%A6%AC%E5%85%AC%E5%B8%82%E5%89%8D%E5%AF%AE%E9%87%8C1%E9%84%B0%E5%89%8D%E5%AF%AE23%E4%B9%8B15%E8%99%9F
33787,旅人驛站中正藏書館民宿,臺東縣臺東市,,,,,https://www.google.com/maps/search/?api=1&query=%E6%97%85%E4%BA%BA%E9%A9%9B%E7%AB%99%E4%B8%AD%E6%AD%A3%E8%97%8F%E6%9B%B8%E9%A4%A8%E6%B0%91%E5%AE%BF%20%E8%87%BA%E6%9D%B1%E7%B8%A3%E8%87%BA%E6%9D%B1%E5%B8%82%E4%B8%AD%E6%AD%A3%E8%B7%AF392%E5%B7%B715%E8%99%9F
6371,3520民宿,臺東縣臺東市,,,,,https://www.google.com/maps/search/?api=1&query=3520%E6%B0%91%E5%AE%BF%20%E8%87%BA%E6%9D%B1%E7%B8%A3%E8%87%BA%E6%9D%B1%E5%B8%82%E6%96%B0%E7%AB%99%E4%BA%8C%E8%A1%9738%E8%99%9F
28472,重飛/Go Around民宿,花蓮縣花蓮市,,,,,https://www.google.com/maps/search/?api=1&query=%E9%87%8D%E9%A3%9B/Go%20Around%E6%B0%91%E5%AE%BF%20%E8%8A%B1%E8%93%AE%E7%B8%A3%E8%8A%B1%E8%93%AE%E5%B8%82%E4%B8%BB%E5%8A%9B%E9%87%8C24%E9%84%B0%E6%9E%97%E6%A3%AE%E8%B7%AF80%E8%99%9F
17797,紡織娘浪漫民宿,花蓮縣吉安鄉,,,,,https://www.google.com/maps/search/?api=1&query=%E7%B4%A1%E7%B9%94%E5%A8%98%E6%B5%AA%E6%BC%AB%E6%B0%91%E5%AE%BF%20%E8%8A%B1%E8%93%AE%E7%B8%A3%E5%90%89%E5%AE%89%E9%84%89%E5%85%89%E8%8F%AF%E6%9D%916%E9%84%B0%E8%8F%AF%E5%9F%8E%E5%85%AB%E8%A1%97113%E8%99%9F
25900,沙戀民宿,屏東縣恆春鎮,,,,,https://www.google.com/maps/search/?api=1&query=%E6%B2%99%E6%88%80%E6%B0%91%E5%AE%BF%20%E5%B1%8F%E6%9D%B1%E7%B8%A3%E6%81%86%E6%98%A5%E9%8E%AE%E5%8D%97%E7%81%A3%E8%B7%AF%E6%9E%97%E6%A3%AE%E5%B7%B722%E8%99%9F
13961,雲月精品會館,臺中市大里區,,,,,https://www.google.com/maps/search/?api=1&query=%E9%9B%B2%E6%9C%88%E7%B2%BE%E5%93%81%E6%9C%83%E9%A4%A8%20%E8%87%BA%E4%B8%AD%E5%B8%82%E5%A4%A7%E9%87%8C%E5%8D%80%E5%8B%9D%E5%88%A9%E4%BA%8C%E8%B7%AF100%E8%99%9F
28550,李家出走,新北市三芝區,,,,,https://www.google.com/maps/search/?api=1&query=%E6%9D%8E%E5%AE%B6%E5%87%BA%E8%B5%B0%20%E6%96%B0%E5%8C%97%E5%B8%82%E4%B8%89%E8%8A%9D%E5%8D%80%E8%A7%80%E6%B5%B7%E8%A1%9720%E8%99%9F
16407,挪威森林精品SPA汽車旅館,新北市新店區,,,,,https://www.google.com/maps/search/?api=1&query=%E6%8C%AA%E5%A8%81%E6%A3%AE%E6%9E%97%E7%B2%BE%E5%93%81SPA%E6%B1%BD%E8%BB%8A%E6%97%85%E9%A4%A8%20%E6%96%B0%E5%8C%97%E5%B8%82%E6%96%B0%E5%BA%97%E5%8D%80%E5%AF%B6%E6%A9%8B%E8%B7%AF235%E5%B7%B715%E8%99%9F
33835,巷弄里歐民宿,花蓮縣花蓮市,,,,,https://www.google.com/maps/search/?api=1&query=%E5%B7%B7%E5%BC%84%E9%87%8C%E6%AD%90%E6%B0%91%E5%AE%BF%20%E8%8A%B1%E8%93%AE%E7%B8%A3%E8%8A%B1%E8%93%AE%E5%B8%82%E4%B8%BB%E5%8A%9B%E9%87%8C4%E9%84%B0%E4%B8%AD%E8%8F%AF%E8%B7%AF317%E5%B7%B72%E4%B9%8B2%E8%99%9F
27026,市中心民宿,花蓮縣花蓮市,,,,,https://www.google.com/maps/search/?api=1&query=%E5%B8%82%E4%B8%AD%E5%BF%83%E6%B0%91%E5%AE%BF%20%E8%8A%B1%E8%93%AE%E7%B8%A3%E8%8A%B1%E8%93%AE%E5%B8%82%E4%B8%BB%E5%95%86%E9%87%8C7%E9%84%B0%E4%B8%AD%E6%AD%A3%E8%B7%AF494%E8%99%9F%E4%BA%8C%E6%A8%93
6756,北國之春和風汽車旅館,新北市鶯歌區,,,,,https://www.google.com/maps/search/?api=1&query=%E5%8C%97%E5%9C%8B%E4%B9%8B%E6%98%A5%E5%92%8C%E9%A2%A8%E6%B1%BD%E8%BB%8A%E6%97%85%E9%A4%A8%20%E6%96%B0%E5%8C%97%E5%B8%82%E9%B6%AF%E6%AD%8C%E5%8D%80%E9%B6%AF%E6%A1%83%E8%B7%AF362%E4%B9%8B1%E8%99%9F
5173,國妃鷹堡汽車旅館仁德館,臺南市仁德區,,,,,https://www.google.com/maps/search/?api=1&query=%E5%9C%8B%E5%A6%83%E9%B7%B9%E5%A0%A1%E6%B1%BD%E8%BB%8A%E6%97%85%E9%A4%A8%E4%BB%81%E5%BE%B7%E9%A4%A8%20%E8%87%BA%E5%8D%97%E5%B8%82%E4%BB%81%E5%BE%B7%E5%8D%80%E4%BB%81%E7%BE%A9%E9%87%8C49%E9%84%B0%E4%BB%81%E7%BE%A9%E8%B7%AF205%E8%99%9F
16710,稻香緣民宿,花蓮縣吉安鄉,,,,,https://www.google.com/maps/search/?api=1&query=%E7%A8%BB%E9%A6%99%E7%B7%A3%E6%B0%91%E5%AE%BF%20%E8%8A%B1%E8%93%AE%E7%B8%A3%E5%90%89%E5%AE%89%E9%84%89%E7%A8%BB%E9%A6%99%E6%9D%91%E7%A8%BB%E8%88%88%E4%BA%8C%E8%A1%97109%E8%99%9F
35478,稻香田園民宿,臺東縣關山鎮,,,,,https://www.google.com/maps/search/?api=1&query=%E7%A8%BB%E9%A6%99%E7%94%B0%E5%9C%92%E6%B0%91%E5%AE%BF%20%E8%87%BA%E6%9D%B1%E7%B8%A3%E9%97%9C%E5%B1%B1%E9%8E%AE%E5%BE%B7%E9%AB%98%E9%87%8C22%E9%84%B0%E5%BF%A0%E6%85%B612%E4%B9%8B3%E8%99%9F
35007,鹿港宏旭民宿,彰化縣鹿港鎮,,,,,https://www.google.com/maps/search/?api=1&query=%E9%B9%BF%E6%B8%AF%E5%AE%8F%E6%97%AD%E6%B0%91%E5%AE%BF%20%E5%BD%B0%E5%8C%96%E7%B8%A3%E9%B9%BF%E6%B8%AF%E9%8E%AE%E6%B0%B8%E5%AE%89%E4%B8%89%E8%B7%AF25%E8%99%9F
27229,雲洞山莊,苗栗縣三義鄉,,,,,https://www.google.com/maps/search/?api=1&query=%E9%9B%B2%E6%B4%9E%E5%B1%B1%E8%8E%8A%20%E8%8B%97%E6%A0%97%E7%B8%A3%E4%B8%89%E7%BE%A9%E9%84%89%E9%9B%99%E6%BD%AD%E6%9D%9116%E9%84%B0%E5%B4%A9%E5%B1%B1%E4%B8%8B45%E8%99%9F
25901,旅浪民宿,屏東縣恆春鎮,,,,,https://www.google.com/maps/search/?api=1&query=%E6%97%85%E6%B5%AA%E6%B0%91%E5%AE%BF%20%E5%B1%8F%E6%9D%B1%E7%B8%A3%E6%81%86%E6%98%A5%E9%8E%AE%E5%8D%97%E7%81%A3%E8%B7%AF%E6%9E%97%E6%A3%AE%E5%B7%B722-1%E8%99%9F
6501,梅花大飯店,高雄市新興區,,,,,https://www.google.com/maps/search/?api=1&query=%E6%A2%85%E8%8A%B1%E5%A4%A7%E9%A3%AF%E5%BA%97%20%E9%AB%98%E9%9B%84%E5%B8%82%E6%96%B0%E8%88%88%E5%8D%80%E5%8D%97%E8%8F%AF%E8%B7%AF188%E8%99%9F
8584,墾丁假期渡假飯店,屏東縣恆春鎮,,,,,https://www.google.com/maps/search/?api=1&query=%E5%A2%BE%E4%B8%81%E5%81%87%E6%9C%9F%E6%B8%A1%E5%81%87%E9%A3%AF%E5%BA%97%20%E5%B1%8F%E6%9D%B1%E7%B8%A3%E6%81%86%E6%98%A5%E9%8E%AE%E6%81%86%E5%85%AC%E8%B7%AF966%E8%99%9F11%E3%80%8112%E6%A8%93
2173,天方夜譚民宿,花蓮縣花蓮市,,,,,https://www.google.com/maps/search/?api=1&query=%E5%A4%A9%E6%96%B9%E5%A4%9C%E8%AD%9A%E6%B0%91%E5%AE%BF%20%E8%8A%B1%E8%93%AE%E7%B8%A3%E8%8A%B1%E8%93%AE%E5%B8%82%E4%B8%AD%E9%A0%86%E8%A1%9761%E5%B7%B78%E8%99%9F
29735,河岸好日子,宜蘭縣五結鄉,,,,,https://www.google.com/maps/search/?api=1&query=%E6%B2%B3%E5%B2%B8%E5%A5%BD%E6%97%A5%E5%AD%90%20%E5%AE%9C%E8%98%AD%E7%B8%A3%E4%BA%94%E7%B5%90%E9%84%89%E4%BA%94%E7%B5%90%E8%B7%AF%E4%B8%80%E6%AE%B5419%E5%B7%B745%E8%99%9F
34426,八里坪民宿,宜蘭縣冬山鄉,,,,,https://www.google.com/maps/search/?api=1&query=%E5%85%AB%E9%87%8C%E5%9D%AA%E6%B0%91%E5%AE%BF%20%E5%AE%9C%E8%98%AD%E7%B8%A3%E5%86%AC%E5%B1%B1%E9%84%89%E4%B8%89%E5%A0%B5%E8%B7%AF33%E8%99%9F
35277,有間民宿,屏東縣恆春鎮,,,,,https://www.google.com/maps/search/?api=1&query=%E6%9C%89%E9%96%93%E6%B0%91%E5%AE%BF%20%E5%B1%8F%E6%9D%B1%E7%B8%A3%E6%81%86%E6%98%A5%E9%8E%AE%E6%81%86%E5%85%AC%E8%B7%AF668%E5%B7%B75%E8%99%9F
32,南國海岸渡假特色民宿,屏東縣琉球鄉,,,,,https://www.google.com/maps/search/?api=1&query=%E5%8D%97%E5%9C%8B%E6%B5%B7%E5%B2%B8%E6%B8%A1%E5%81%87%E7%89%B9%E8%89%B2%E6%B0%91%E5%AE%BF%20%E5%B1%8F%E6%9D%B1%E7%B8%A3%E7%90%89%E7%90%83%E9%84%89%E8%82%9A%E4%BB%94%E5%9D%AA%E8%B7%AF8%E8%99%9F
6368,南苗大旅社,苗栗縣苗栗市,,,,,https://www.google.com/maps/search/?api=1&query=%E5%8D%97%E8%8B%97%E5%A4%A7%E6%97%85%E7%A4%BE%20%E8%8B%97%E6%A0%97%E7%B8%A3%E8%8B%97%E6%A0%97%E5%B8%82%E4%B8%AD%E6%AD%A3%E8%B7%AF898%E8%99%9F
15229,路境行旅-花蓮大同館,花蓮縣花蓮市,,,,,https://www.google.com/maps/search/?api=1&query=%E8%B7%AF%E5%A2%83%E8%A1%8C%E6%97%85-%E8%8A%B1%E8%93%AE%E5%A4%A7%E5%90%8C%E9%A4%A8%20%E8%8A%B1%E8%93%AE%E7%B8%A3%E8%8A%B1%E8%93%AE%E5%B8%82%E5%9C%8B%E5%A8%81%E9%87%8C17%E9%84%B0%E5%A4%A7%E5%90%8C%E8%A1%9729%E8%99%9F
38032,芷築民宿,臺南市中西區,,,,,https://www.google.com/maps/search/?api=1&query=%E8%8A%B7%E7%AF%89%E6%B0%91%E5%AE%BF%20%E8%87%BA%E5%8D%97%E5%B8%82%E4%B8%AD%E8%A5%BF%E5%8D%80%E4%BF%A1%E7%BE%A9%E8%A1%9746%E5%B7%B72%E8%99%9F
8421,雋格大飯店,臺中市東區,,,,,https://www.google.com/maps/search/?api=1&query=%E9%9B%8B%E6%A0%BC%E5%A4%A7%E9%A3%AF%E5%BA%97%20%E8%87%BA%E4%B8%AD%E5%B8%82%E6%9D%B1%E5%8D%80%E5%BB%BA%E6%88%90%E8%B7%AF700%E8%99%9F%EF%BC%8C700%E8%99%9F2%E6%A8%93%E8%87%B35%E6%A8%93%E3%80%81700%E8%99%9F6%E6%A8%93%E4%B9%8B1%E3%80%812%E8%87%B312%E6%A8%93%E4%B9%8B1%E3%80%812
4596,弋式風莊園民宿,臺東縣關山鎮,,,,,https://www.google.com/maps/search/?api=1&query=%E5%BC%8B%E5%BC%8F%E9%A2%A8%E8%8E%8A%E5%9C%92%E6%B0%91%E5%AE%BF%20%E8%87%BA%E6%9D%B1%E7%B8%A3%E9%97%9C%E5%B1%B1%E9%8E%AE%E5%B4%81%E9%A0%8259%E4%B9%8B1%E8%99%9F
30015,民宿記,臺南市安平區,,,,,https://www.google.com/maps/search/?api=1&query=%E6%B0%91%E5%AE%BF%E8%A8%98%20%E8%87%BA%E5%8D%97%E5%B8%82%E5%AE%89%E5%B9%B3%E5%8D%80%E5%9C%8B%E5%8B%9D%E8%B7%AF125%E5%B7%B718%E5%BC%8413%E8%99%9F
7085,寶麗旅宿,臺中市后里區,,,,,https://www.google.com/maps/search/?api=1&query=%E5%AF%B6%E9%BA%97%E6%97%85%E5%AE%BF%20%E8%87%BA%E4%B8%AD%E5%B8%82%E5%90%8E%E9%87%8C%E5%8D%80%E5%AE%89%E7%9C%89%E8%B7%AF116%E5%B7%B7103%E8%99%9F
5045,碧山廬禪的民宿,彰化縣芬園鄉,,,,,https://www.google.com/maps/search/?api=1&query=%E7%A2%A7%E5%B1%B1%E5%BB%AC%E7%A6%AA%E7%9A%84%E6%B0%91%E5%AE%BF%20%E5%BD%B0%E5%8C%96%E7%B8%A3%E8%8A%AC%E5%9C%92%E9%84%89%E6%BA%AA%E9%A0%AD%E6%9D%91%E5%BD%B0%E5%8D%97%E8%B7%AF1%E6%AE%B5103%E5%B7%B7130%E8%99%9F
20082,馬可樓民宿,臺東縣成功鎮,,,,,https://www.google.com/maps/search/?api=1&query=%E9%A6%AC%E5%8F%AF%E6%A8%93%E6%B0%91%E5%AE%BF%20%E8%87%BA%E6%9D%B1%E7%B8%A3%E6%88%90%E5%8A%9F%E9%8E%AE%E8%B1%90%E7%94%B0%E8%B7%AF28-1%E8%99%9F
5790,薩爾茲堡莊園民宿,花蓮縣壽豐鄉,,,,,https://www.google.com/maps/search/?api=1&query=%E8%96%A9%E7%88%BE%E8%8C%B2%E5%A0%A1%E8%8E%8A%E5%9C%92%E6%B0%91%E5%AE%BF%20%E8%8A%B1%E8%93%AE%E7%B8%A3%E5%A3%BD%E8%B1%90%E9%84%89%E6%9C%88%E7%9C%89%E6%9D%91%E6%9C%88%E7%9C%893%E6%AE%B5127%E8%99%9F
27766,光華民宿,屏東縣潮州鎮,,,,,https://www.google.com/maps/search/?api=1&query=%E5%85%89%E8%8F%AF%E6%B0%91%E5%AE%BF%20%E5%B1%8F%E6%9D%B1%E7%B8%A3%E6%BD%AE%E5%B7%9E%E9%8E%AE%E5%85%89%E8%8F%AF%E4%B8%80%E5%B7%B735%E4%B9%8B3%E8%99%9F
28478,喜比民宿,臺東縣成功鎮,,,,,https://www.google.com/maps/search/?api=1&query=%E5%96%9C%E6%AF%94%E6%B0%91%E5%AE%BF%20%E8%87%BA%E6%9D%B1%E7%B8%A3%E6%88%90%E5%8A%9F%E9%8E%AE%E4%B8%89%E4%BB%99%E9%87%8C%E7%99%BD%E8%93%AE%E8%B7%AF122%E8%99%9F
31169,微笑太陽民宿,臺東縣關山鎮,,,,,https://www.google.com/maps/search/?api=1&query=%E5%BE%AE%E7%AC%91%E5%A4%AA%E9%99%BD%E6%B0%91%E5%AE%BF%20%E8%87%BA%E6%9D%B1%E7%B8%A3%E9%97%9C%E5%B1%B1%E9%8E%AE%E8%B1%90%E6%B3%89%E9%87%8C3%E9%84%B0%E5%B9%B3%E7%AD%89%E8%B7%AF62%E8%99%9F
36508,啾來玩民宿,屏東縣恆春鎮,,,,,https://www.google.com/maps/search/?api=1&query=%E5%95%BE%E4%BE%86%E7%8E%A9%E6%B0%91%E5%AE%BF%20%E5%B1%8F%E6%9D%B1%E7%B8%A3%E6%81%86%E6%98%A5%E9%8E%AE%E6%81%86%E8%A5%BF%E8%B7%AF33%E5%B7%B7107%E8%99%9F
33614,甘丹民宿,苗栗縣三義鄉,,,,,https://www.google.com/maps/search/?api=1&query=%E7%94%98%E4%B8%B9%E6%B0%91%E5%AE%BF%20%E8%8B%97%E6%A0%97%E7%B8%A3%E4%B8%89%E7%BE%A9%E9%84%89%E5%8F%8C%E6%B9%96%E6%9D%9115%E9%84%B0%E5%8F%8C%E6%B9%967%E4%B9%8B11%E8%99%9F
36205,熊讚民宿,花蓮縣玉里鎮,,,,,https://www.google.com/maps/search/?api=1&query=%E7%86%8A%E8%AE%9A%E6%B0%91%E5%AE%BF%20%E8%8A%B1%E8%93%AE%E7%B8%A3%E7%8E%89%E9%87%8C%E9%8E%AE%E4%B8%AD%E5%9F%8E%E9%87%8C2%E9%84%B0%E5%BF%A0%E5%AD%9D%E8%B7%AF89%E8%99%9F
14414,立霧左邨民宿,花蓮縣秀林鄉,,,,,https://www.google.com/maps/search/?api=1&query=%E7%AB%8B%E9%9C%A7%E5%B7%A6%E9%82%A8%E6%B0%91%E5%AE%BF%20%E8%8A%B1%E8%93%AE%E7%B8%A3%E7%A7%80%E6%9E%97%E9%84%89%E5%B4%87%E5%BE%B7%E6%9D%91%E5%B4%87%E5%BE%B7198%E4%B9%8B15%E8%99%9F
26277,時尚玩家民宿,臺東縣臺東市,,,,,https://www.google.com/maps/search/?api=1&query=%E6%99%82%E5%B0%9A%E7%8E%A9%E5%AE%B6%E6%B0%91%E5%AE%BF%20%E8%87%BA%E6%9D%B1%E7%B8%A3%E8%87%BA%E6%9D%B1%E5%B8%82%E5%B2%A9%E7%81%A3%E9%87%8C1%E9%84%B0%E6%96%B0%E7%AB%99%E4%BA%8C%E8%A1%9729%E8%99%9F
2812,香榭雅居民宿,花蓮縣花蓮市,,,,,https://www.google.com/maps/search/?api=1&query=%E9%A6%99%E6%A6%AD%E9%9B%85%E5%B1%85%E6%B0%91%E5%AE%BF%20%E8%8A%B1%E8%93%AE%E7%B8%A3%E8%8A%B1%E8%93%AE%E5%B8%82%E4%B8%BB%E5%8B%A4%E9%87%8C9%E9%84%B0%E5%8D%97%E4%BA%AC%E8%A1%97306%E5%B7%B710%E8%99%9F
28325,興海灣運動休閒會館,屏東縣滿州鄉,,,,,https://www.google.com/maps/search/?api=1&query=%E8%88%88%E6%B5%B7%E7%81%A3%E9%81%8B%E5%8B%95%E4%BC%91%E9%96%92%E6%9C%83%E9%A4%A8%20%E5%B1%8F%E6%9D%B1%E7%B8%A3%E6%BB%BF%E5%B7%9E%E9%84%89%E6%B8%AF%E5%8F%A3%E6%9D%9112%E9%84%B0%E8%88%88%E6%B5%B7%E8%B7%AF163%E8%99%9F
34501,瑞柒民宿,屏東縣東港鎮,,,,,https://www.google.com/maps/search/?api=1&query=%E7%91%9E%E6%9F%92%E6%B0%91%E5%AE%BF%20%E5%B1%8F%E6%9D%B1%E7%B8%A3%E6%9D%B1%E6%B8%AF%E9%8E%AE%E6%98%8E%E7%A6%AE%E8%B7%AF176%E5%B7%B726%E8%99%9F
4584,德爾芙快捷酒店,嘉義市東區,,,,,https://www.google.com/maps/search/?api=1&query=%E5%BE%B7%E7%88%BE%E8%8A%99%E5%BF%AB%E6%8D%B7%E9%85%92%E5%BA%97%20%E5%98%89%E7%BE%A9%E5%B8%82%E6%9D%B1%E5%8D%80%E4%BB%81%E6%84%9B%E8%B7%AF361%E8%99%9F5-10%E6%A8%93
7976,八八古藝二館民宿,金門縣金寧鄉,,,,,https://www.google.com/maps/search/?api=1&query=%E5%85%AB%E5%85%AB%E5%8F%A4%E8%97%9D%E4%BA%8C%E9%A4%A8%E6%B0%91%E5%AE%BF%20%E9%87%91%E9%96%80%E7%B8%A3%E9%87%91%E5%AF%A7%E9%84%89%E4%B8%8B%E5%A0%A146%E8%99%9F
32978,肆院民宿,苗栗縣卓蘭鎮,,,,,https://www.google.com/maps/search/?api=1&query=%E8%82%86%E9%99%A2%E6%B0%91%E5%AE%BF%20%E8%8B%97%E6%A0%97%E7%B8%A3%E5%8D%93%E8%98%AD%E9%8E%AE%E8%A5%BF%E5%9D%AA%E9%87%8C4%E9%84%B0%E8%A5%BF%E5%9D%AA43-16%E8%99%9F
22744,將捷金鬱金香酒店,新北市淡水區,,,,,https://www.google.com/maps/search/?api=1&query=%E5%B0%87%E6%8D%B7%E9%87%91%E9%AC%B1%E9%87%91%E9%A6%99%E9%85%92%E5%BA%97%20%E6%96%B0%E5%8C%97%E5%B8%82%E6%B7%A1%E6%B0%B4%E5%8D%80%E4%B8%AD%E6%AD%A3%E8%B7%AF%E4%B8%80%E6%AE%B52%E4%B9%8B1%E8%99%9F
3088,金洙椏休閒民宿,宜蘭縣五結鄉,,,,,https://www.google.com/maps/search/?api=1&query=%E9%87%91%E6%B4%99%E6%A4%8F%E4%BC%91%E9%96%92%E6%B0%91%E5%AE%BF%20%E5%AE%9C%E8%98%AD%E7%B8%A3%E4%BA%94%E7%B5%90%E9%84%89%E5%8D%94%E5%92%8C%E6%9D%911%E9%84%B0%E5%8D%94%E5%92%8C%E4%B8%AD%E8%B7%AF17-27%E8%99%9F
8995,福澳窩背包客民宿,連江縣南竿鄉,,,,,https://www.google.com/maps/search/?api=1&query=%E7%A6%8F%E6%BE%B3%E7%AA%A9%E8%83%8C%E5%8C%85%E5%AE%A2%E6%B0%91%E5%AE%BF%20%E9%80%A3%E6%B1%9F%E7%B8%A3%E5%8D%97%E7%AB%BF%E9%84%89%E7%A6%8F%E6%B2%83%E6%9D%9189%E8%99%9F
24031,菊逸居民宿,澎湖縣馬公市,,,,,https://www.google.com/maps/search/?api=1&query=%E8%8F%8A%E9%80%B8%E5%B1%85%E6%B0%91%E5%AE%BF%20%E6%BE%8E%E6%B9%96%E7%B8%A3%E9%A6%AC%E5%85%AC%E5%B8%82%E6%9D%B1%E8%A1%9B%E9%87%8C19%E9%84%B0%E6%9D%B1%E8%A1%9B6%E4%B9%8B17%E8%99%9F
30791,煙波花時間  花蓮,花蓮縣新城鄉,,,,,https://www.google.com/maps/search/?api=1&query=%E7%85%99%E6%B3%A2%E8%8A%B1%E6%99%82%E9%96%93%20%20%E8%8A%B1%E8%93%AE%20%E8%8A%B1%E8%93%AE%E7%B8%A3%E6%96%B0%E5%9F%8E%E9%84%89%E9%A0%86%E5%AE%89%E6%9D%916%E9%84%B0%E8%8D%89%E6%9E%9710%E4%B9%8B5%E8%99%9F2~6%E6%A8%93
34437,煙波花時間　宜蘭傳藝,宜蘭縣五結鄉,,,,,https://www.google.com/maps/search/?api=1&query=%E7%85%99%E6%B3%A2%E8%8A%B1%E6%99%82%E9%96%93%E3%80%80%E5%AE%9C%E8%98%AD%E5%82%B3%E8%97%9D%20%E5%AE%9C%E8%98%AD%E7%B8%A3%E4%BA%94%E7%B5%90%E9%84%89%E4%BA%94%E6%BF%B1%E8%B7%AF%E4%BA%8C%E6%AE%B5201%E8%99%9F
16516,長鴻精品旅館,金門縣金寧鄉,,,,,https://www.google.com/maps/search/?api=1&query=%E9%95%B7%E9%B4%BB%E7%B2%BE%E5%93%81%E6%97%85%E9%A4%A8%20%E9%87%91%E9%96%80%E7%B8%A3%E9%87%91%E5%AF%A7%E9%84%89%E6%B9%96%E5%9F%94%E6%9D%91%E6%85%88%E6%B9%96%E8%B7%AF%E4%B8%80%E6%AE%B5101%E8%99%9F
22908,璞緻民宿,宜蘭縣五結鄉,,,,,https://www.google.com/maps/search/?api=1&query=%E7%92%9E%E7%B7%BB%E6%B0%91%E5%AE%BF%20%E5%AE%9C%E8%98%AD%E7%B8%A3%E4%BA%94%E7%B5%90%E9%84%89%E4%BA%94%E7%B5%90%E4%B8%AD%E8%B7%AF%E4%BA%8C%E6%AE%B5241%E5%B7%B77%E5%BC%8422%E8%99%9F
33818,森活藝術民宿,新北市石碇區,,,,,https://www.google.com/maps/search/?api=1&query=%E6%A3%AE%E6%B4%BB%E8%97%9D%E8%A1%93%E6%B0%91%E5%AE%BF%20%E6%96%B0%E5%8C%97%E5%B8%82%E7%9F%B3%E7%A2%87%E5%8D%80%E7%95%AA%E5%AD%90%E5%9D%9117%E8%99%9F
34980,百香果民宿,花蓮縣瑞穗鄉,,,,,https://www.google.com/maps/search/?api=1&query=%E7%99%BE%E9%A6%99%E6%9E%9C%E6%B0%91%E5%AE%BF%20%E8%8A%B1%E8%93%AE%E7%B8%A3%E7%91%9E%E7%A9%97%E9%84%89%E7%91%9E%E7%BE%8E%E6%9D%917%E9%84%B0%E4%B8%AD%E8%88%88%E8%B7%AF57%E8%99%9F
38472,眠花糖民宿,臺東縣成功鎮,,,,,https://www.google.com/maps/search/?api=1&query=%E7%9C%A0%E8%8A%B1%E7%B3%96%E6%B0%91%E5%AE%BF%20%E8%87%BA%E6%9D%B1%E7%B8%A3%E6%88%90%E5%8A%9F%E9%8E%AE%E5%BF%A0%E4%BB%81%E9%87%8C%E4%B8%AD%E8%8F%AF%E8%B7%AF104%E8%99%9F
15855,森活會館,屏東縣恆春鎮,,,,,https://www.google.com/maps/search/?api=1&query=%E6%A3%AE%E6%B4%BB%E6%9C%83%E9%A4%A8%20%E5%B1%8F%E6%9D%B1%E7%B8%A3%E6%81%86%E6%98%A5%E9%8E%AE%E7%9C%81%E5%8C%97%E8%B7%AF375%E8%99%9F
34396,鳥藝古厝民宿,金門縣金城鎮,,,,,https://www.google.com/maps/search/?api=1&query=%E9%B3%A5%E8%97%9D%E5%8F%A4%E5%8E%9D%E6%B0%91%E5%AE%BF%20%E9%87%91%E9%96%80%E7%B8%A3%E9%87%91%E5%9F%8E%E9%8E%AE%E5%89%8D%E6%B0%B4%E9%A0%AD6%E8%99%9F
242,蘋果的家渡假別墅民宿,南投縣集集鎮,,,,,https://www.google.com/maps/search/?api=1&query=%E8%98%8B%E6%9E%9C%E7%9A%84%E5%AE%B6%E6%B8%A1%E5%81%87%E5%88%A5%E5%A2%85%E6%B0%91%E5%AE%BF%20%E5%8D%97%E6%8A%95%E7%B8%A3%E9%9B%86%E9%9B%86%E9%8E%AE%E5%85%AB%E5%BC%B5%E9%87%8C1%E9%84%B0%E6%B0%91%E6%AC%8A%E8%B7%AF272%E8%99%9F
32537,艸祭會館,屏東縣恆春鎮,,,,,https://www.google.com/maps/search/?api=1&query=%E8%89%B8%E7%A5%AD%E6%9C%83%E9%A4%A8%20%E5%B1%8F%E6%9D%B1%E7%B8%A3%E6%81%86%E6%98%A5%E9%8E%AE%E5%8D%97%E7%81%A3%E8%B7%AF962%E8%99%9F
7831,新竹福華大飯店,新竹市北區,,,,,https://www.google.com/maps/search/?api=1&query=%E6%96%B0%E7%AB%B9%E7%A6%8F%E8%8F%AF%E5%A4%A7%E9%A3%AF%E5%BA%97%20%E6%96%B0%E7%AB%B9%E5%B8%82%E5%8C%97%E5%8D%80%E4%B8%AD%E6%AD%A3%E8%B7%AF178%E8%99%9F
2134,赫絲珀HSR高鐵行旅,臺中市烏日區,,,,,https://www.google.com/maps/search/?api=1&query=%E8%B5%AB%E7%B5%B2%E7%8F%80HSR%E9%AB%98%E9%90%B5%E8%A1%8C%E6%97%85%20%E8%87%BA%E4%B8%AD%E5%B8%82%E7%83%8F%E6%97%A5%E5%8D%80%E6%96%B0%E8%88%88%E8%B7%AF255%E8%99%9F
2675,八八古藝8館民宿,金門縣金寧鄉,,,,,https://www.google.com/maps/search/?api=1&query=%E5%85%AB%E5%85%AB%E5%8F%A4%E8%97%9D8%E9%A4%A8%E6%B0%91%E5%AE%BF%20%E9%87%91%E9%96%80%E7%B8%A3%E9%87%91%E5%AF%A7%E9%84%89%E7%9B%A4%E5%B1%B1%E6%9D%91%E4%B8%8B%E5%A0%A156%E8%99%9F
1452,水頭人家,苗栗縣大湖鄉,,,,,https://www.google.com/maps/search/?api=1&query=%E6%B0%B4%E9%A0%AD%E4%BA%BA%E5%AE%B6%20%E8%8B%97%E6%A0%97%E7%B8%A3%E5%A4%A7%E6%B9%96%E9%84%89%E5%A4%A7%E5%AF%AE%E6%9D%9110%E9%84%B0%E6%B0%B4%E9%A0%AD%E5%AF%AE14%E4%B9%8B8%E8%99%9F
21460,四季民宿,屏東縣恆春鎮,,,,,https://www.google.com/maps/search/?api=1&query=%E5%9B%9B%E5%AD%A3%E6%B0%91%E5%AE%BF%20%E5%B1%8F%E6%9D%B1%E7%B8%A3%E6%81%86%E6%98%A5%E9%8E%AE%E5%8D%97%E7%81%A3%E8%B7%AF%E9%9E%8D%E5%B1%B1%E5%B7%B72%E8%99%9F
28371,枋山六號店,屏東縣枋山鄉,,,,,https://www.google.com/maps/search/?api=1&query=%E6%9E%8B%E5%B1%B1%E5%85%AD%E8%99%9F%E5%BA%97%20%E5%B1%8F%E6%9D%B1%E7%B8%A3%E6%9E%8B%E5%B1%B1%E9%84%89%E6%9E%8B%E5%B1%B1%E6%9D%91%E4%B8%AD%E5%B1%B1%E8%B7%AF%E5%9B%9B%E6%AE%B56%E8%99%9F
19537,海漣天海岸民宿(特色民宿),澎湖縣馬公市,,,,,https://www.google.com/maps/search/?api=1&query=%E6%B5%B7%E6%BC%A3%E5%A4%A9%E6%B5%B7%E5%B2%B8%E6%B0%91%E5%AE%BF%28%E7%89%B9%E8%89%B2%E6%B0%91%E5%AE%BF%29%20%E6%BE%8E%E6%B9%96%E7%B8%A3%E9%A6%AC%E5%85%AC%E5%B8%82%E8%A5%BF%E6%96%87%E9%87%8C11%E9%84%B0%E8%A5%BF%E6%96%87%E6%BE%B3500%E8%99%9F
22120,雀客快捷,新北市淡水區,,,,,https://www.google.com/maps/search/?api=1&query=%E9%9B%80%E5%AE%A2%E5%BF%AB%E6%8D%B7%20%E6%96%B0%E5%8C%97%E5%B8%82%E6%B7%A1%E6%B0%B4%E5%8D%80%E9%95%B7%E5%BA%9A%E9%87%8C%E4%B8%AD%E5%B1%B1%E8%B7%AF8%E8%99%9F7%E6%A8%93
37569,小鳳民宿,臺東縣關山鎮,,,,,https://www.google.com/maps/search/?api=1&query=%E5%B0%8F%E9%B3%B3%E6%B0%91%E5%AE%BF%20%E8%87%BA%E6%9D%B1%E7%B8%A3%E9%97%9C%E5%B1%B1%E9%8E%AE%E4%B8%AD%E8%8F%AF%E8%B7%AF40%E5%B7%B77%E8%99%9F
7063,悠嫻民宿,彰化縣福興鄉,,,,,https://www.google.com/maps/search/?api=1&query=%E6%82%A0%E5%AB%BB%E6%B0%91%E5%AE%BF%20%E5%BD%B0%E5%8C%96%E7%B8%A3%E7%A6%8F%E8%88%88%E9%84%89%E5%BD%B0%E9%B9%BF%E8%B7%AF7%E6%AE%B5330%E5%B7%B7127%E5%BC%8428%E8%99%9F
26953,台南過小路,臺南市中西區,,,,,https://www.google.com/maps/search/?api=1&query=%E5%8F%B0%E5%8D%97%E9%81%8E%E5%B0%8F%E8%B7%AF%20%E8%87%BA%E5%8D%97%E5%B8%82%E4%B8%AD%E8%A5%BF%E5%8D%80%E5%A4%A7%E5%BE%B7%E8%A1%978%E8%99%9F
5278,雀客嗨夫,宜蘭縣羅東鎮,,,,,https://www.google.com/maps/search/?api=1&query=%E9%9B%80%E5%AE%A2%E5%97%A8%E5%A4%AB%20%E5%AE%9C%E8%98%AD%E7%B8%A3%E7%BE%85%E6%9D%B1%E9%8E%AE%E5%A4%A7%E6%96%B0%E9%87%8C%E5%85%AC%E6%AD%A3%E8%B7%AF38%E8%99%9F
16494,典藏花都民宿,花蓮縣花蓮市,,,,,https://www.google.com/maps/search/?api=1&query=%E5%85%B8%E8%97%8F%E8%8A%B1%E9%83%BD%E6%B0%91%E5%AE%BF%20%E8%8A%B1%E8%93%AE%E7%B8%A3%E8%8A%B1%E8%93%AE%E5%B8%82%E4%B8%AD%E5%8E%9F%E8%B7%AF263%E8%99%9F
34323,愛琴海民宿,金門縣金城鎮,,,,,https://www.google.com/maps/search/?api=1&query=%E6%84%9B%E7%90%B4%E6%B5%B7%E6%B0%91%E5%AE%BF%20%E9%87%91%E9%96%80%E7%B8%A3%E9%87%91%E5%9F%8E%E9%8E%AE%E8%A5%BF%E6%B5%B7%E8%B7%AF%E4%B8%89%E6%AE%B522%E5%B7%B733%E5%BC%8420%E8%99%9F
33812,露予莊園民宿,花蓮縣玉里鎮,,,,,https://www.google.com/maps/search/?api=1&query=%E9%9C%B2%E4%BA%88%E8%8E%8A%E5%9C%92%E6%B0%91%E5%AE%BF%20%E8%8A%B1%E8%93%AE%E7%B8%A3%E7%8E%89%E9%87%8C%E9%8E%AE%E8%A7%80%E9%9F%B3%E9%87%8C14%E9%84%B0%E9%AB%98%E5%AF%AE284%E8%99%9F
30098,像個家plus民宿,花蓮縣花蓮市,,,,,https://www.google.com/maps/search/?api=1&query=%E5%83%8F%E5%80%8B%E5%AE%B6plus%E6%B0%91%E5%AE%BF%20%E8%8A%B1%E8%93%AE%E7%B8%A3%E8%8A%B1%E8%93%AE%E5%B8%82%E6%B0%91%E4%B8%BB%E9%87%8C7%E9%84%B0%E5%8C%97%E6%BF%B1%E8%A1%9712%E5%B7%B716%E8%99%9F
8979,心媞休閒旅館,臺中市北區,,,,,https://www.google.com/maps/search/?api=1&query=%E5%BF%83%E5%AA%9E%E4%BC%91%E9%96%92%E6%97%85%E9%A4%A8%20%E8%87%BA%E4%B8%AD%E5%B8%82%E5%8C%97%E5%8D%80%E5%8C%97%E5%8D%80%E5%8C%97%E5%B9%B3%E8%B7%AF1%E6%AE%B52%E8%99%9F
28362,歪歪斜斜民宿,臺東縣長濱鄉,,,,,https://www.google.com/maps/search/?api=1&query=%E6%AD%AA%E6%AD%AA%E6%96%9C%E6%96%9C%E6%B0%91%E5%AE%BF%20%E8%87%BA%E6%9D%B1%E7%B8%A3%E9%95%B7%E6%BF%B1%E9%84%89%E7%AB%B9%E6%B9%96%E6%9D%91%E4%B8%AD%E6%BF%B128%E8%99%9F
9803,晶園民宿,花蓮縣吉安鄉,,,,,https://www.google.com/maps/search/?api=1&query=%E6%99%B6%E5%9C%92%E6%B0%91%E5%AE%BF%20%E8%8A%B1%E8%93%AE%E7%B8%A3%E5%90%89%E5%AE%89%E9%84%89%E5%8B%9D%E5%AE%89%E6%9D%91%E6%85%88%E6%83%A0%E4%B8%80%E8%A1%9756%E8%99%9F
31088,徐徐民宿,嘉義縣竹崎鄉,,,,,https://www.google.com/maps/search/?api=1&query=%E5%BE%90%E5%BE%90%E6%B0%91%E5%AE%BF%20%E5%98%89%E7%BE%A9%E7%B8%A3%E7%AB%B9%E5%B4%8E%E9%84%89%E7%BE%A9%E4%BB%81%E6%9D%918%E9%84%B0%E7%AB%B9%E6%B0%91%E8%B7%AF321%E8%99%9F
37314,依山棲,南投縣鹿谷鄉,,,,,https://www.google.com/maps/search/?api=1&query=%E4%BE%9D%E5%B1%B1%E6%A3%B2%20%E5%8D%97%E6%8A%95%E7%B8%A3%E9%B9%BF%E8%B0%B7%E9%84%89%E5%8D%97%E6%8A%95%E7%B8%A3%E9%B9%BF%E8%B0%B7%E9%84%89%E9%B3%B3%E5%87%B0%E6%9D%916%E9%84%B0%E6%96%B0%E9%80%B2%E5%B7%B71-37%E8%99%9F
29045,寬院子（稻禾館）,宜蘭縣五結鄉,,,,,https://www.google.com/maps/search/?api=1&query=%E5%AF%AC%E9%99%A2%E5%AD%90%EF%BC%88%E7%A8%BB%E7%A6%BE%E9%A4%A8%EF%BC%89%20%E5%AE%9C%E8%98%AD%E7%B8%A3%E4%BA%94%E7%B5%90%E9%84%89%E8%A6%AA%E6%B2%B3%E8%B7%AF2%E6%AE%B5291%E5%B7%B751%E5%BC%8460-2%E8%99%9F
37719,Mr.M都蘭民宿,臺東縣東河鄉,,,,,https://www.google.com/maps/search/?api=1&query=Mr.M%E9%83%BD%E8%98%AD%E6%B0%91%E5%AE%BF%20%E8%87%BA%E6%9D%B1%E7%B8%A3%E6%9D%B1%E6%B2%B3%E9%84%89%E9%83%BD%E8%98%AD%E6%9D%9116%E9%84%B0%E9%83%BD%E8%98%AD35-5%E8%99%9F
987,木村民宿,宜蘭縣羅東鎮,,,,,https://www.google.com/maps/search/?api=1&query=%E6%9C%A8%E6%9D%91%E6%B0%91%E5%AE%BF%20%E5%AE%9C%E8%98%AD%E7%B8%A3%E7%BE%85%E6%9D%B1%E9%8E%AE%E5%8C%97%E6%8A%95%E8%A1%97133%E5%B7%B712%E8%99%9F
37195,57Villa,屏東縣恆春鎮,,,,,https://www.google.com/maps/search/?api=1&query=57Villa%20%E5%B1%8F%E6%9D%B1%E7%B8%A3%E6%81%86%E6%98%A5%E9%8E%AE%E7%A0%82%E5%B0%BE%E8%B7%AF68%E8%99%9F
35833,彰化華宿文旅,彰化縣彰化市,,,,,https://www.google.com/maps/search/?api=1&query=%E5%BD%B0%E5%8C%96%E8%8F%AF%E5%AE%BF%E6%96%87%E6%97%85%20%E5%BD%B0%E5%8C%96%E7%B8%A3%E5%BD%B0%E5%8C%96%E5%B8%82%E4%B8%AD%E8%88%88%E8%B7%AF19%E8%99%9F
36500,尚荷田院民宿,宜蘭縣礁溪鄉,,,,,https://www.google.com/maps/search/?api=1&query=%E5%B0%9A%E8%8D%B7%E7%94%B0%E9%99%A2%E6%B0%91%E5%AE%BF%20%E5%AE%9C%E8%98%AD%E7%B8%A3%E7%A4%81%E6%BA%AA%E9%84%89%E5%8D%81%E5%85%AD%E7%B5%90%E8%B7%AF39%E4%B9%8B23%E8%99%9F2%E6%A8%93
28262,弍寓民宿,苗栗縣卓蘭鎮,,,,,https://www.google.com/maps/search/?api=1&query=%E5%BC%8D%E5%AF%93%E6%B0%91%E5%AE%BF%20%E8%8B%97%E6%A0%97%E7%B8%A3%E5%8D%93%E8%98%AD%E9%8E%AE%E8%A5%BF%E5%9D%AA%E9%87%8C4%E9%84%B0%E8%A5%BF%E5%9D%AA43%E4%B9%8B18%E8%99%9F
17899,福星旅店,臺中市西屯區,,,,,https://www.google.com/maps/search/?api=1&query=%E7%A6%8F%E6%98%9F%E6%97%85%E5%BA%97%20%E8%87%BA%E4%B8%AD%E5%B8%82%E8%A5%BF%E5%B1%AF%E5%8D%80%E7%A6%8F%E6%98%9F%E5%8C%97%E8%B7%AF45%E8%99%9F
2962,蟬說希臘,金門縣金寧鄉,,,,,https://www.google.com/maps/search/?api=1&query=%E8%9F%AC%E8%AA%AA%E5%B8%8C%E8%87%98%20%E9%87%91%E9%96%80%E7%B8%A3%E9%87%91%E5%AF%A7%E9%84%89%E4%BC%AF%E7%8E%89%E8%B7%AF%E4%BA%8C%E6%AE%B5446%E5%B7%B72%E5%BC%846%E8%99%9F
8467,新京站民宿,花蓮縣花蓮市,,,,,https://www.google.com/maps/search/?api=1&query=%E6%96%B0%E4%BA%AC%E7%AB%99%E6%B0%91%E5%AE%BF%20%E8%8A%B1%E8%93%AE%E7%B8%A3%E8%8A%B1%E8%93%AE%E5%B8%82%E5%AF%8C%E9%99%BD%E8%B7%AF16%E8%99%9F
16040,經典公仔主題民宿,屏東縣恆春鎮,,,,,https://www.google.com/maps/search/?api=1&query=%E7%B6%93%E5%85%B8%E5%85%AC%E4%BB%94%E4%B8%BB%E9%A1%8C%E6%B0%91%E5%AE%BF%20%E5%B1%8F%E6%9D%B1%E7%B8%A3%E6%81%86%E6%98%A5%E9%8E%AE%E7%A6%8F%E5%BE%B7%E8%B7%AF35%E8%99%9F
22061,輕山居,苗栗縣通霄鎮,,,,,https://www.google.com/maps/search/?api=1&query=%E8%BC%95%E5%B1%B1%E5%B1%85%20%E8%8B%97%E6%A0%97%E7%B8%A3%E9%80%9A%E9%9C%84%E9%8E%AE%E7%A6%8F%E8%88%88%E9%87%8C10%E9%84%B0%E7%A6%8F%E8%88%88112%E4%B9%8B33%E8%99%9F
18519,冬山河左岸民宿,宜蘭縣五結鄉,,,,,https://www.google.com/maps/search/?api=1&query=%E5%86%AC%E5%B1%B1%E6%B2%B3%E5%B7%A6%E5%B2%B8%E6%B0%91%E5%AE%BF%20%E5%AE%9C%E8%98%AD%E7%B8%A3%E4%BA%94%E7%B5%90%E9%84%89%E5%8D%94%E5%92%8C%E6%9D%91%E8%A6%AA%E6%B2%B3%E8%B7%AF%E4%BA%8C%E6%AE%B5103%E5%B7%B71%E5%BC%8410%E8%99%9F
34473,漁宅文旅,屏東縣東港鎮,,,,,https://www.google.com/maps/search/?api=1&query=%E6%BC%81%E5%AE%85%E6%96%87%E6%97%85%20%E5%B1%8F%E6%9D%B1%E7%B8%A3%E6%9D%B1%E6%B8%AF%E9%8E%AE%E6%B0%B4%E6%BA%90%E4%BA%8C%E8%A1%972%E8%99%9F
9284,歐堡商務汽車旅館,臺南市新營區,,,,,https://www.google.com/maps/search/?api=1&query=%E6%AD%90%E5%A0%A1%E5%95%86%E5%8B%99%E6%B1%BD%E8%BB%8A%E6%97%85%E9%A4%A8%20%E8%87%BA%E5%8D%97%E5%B8%82%E6%96%B0%E7%87%9F%E5%8D%80%E9%95%B7%E6%A6%AE%E8%B7%AF%E4%B8%80%E6%AE%B541%E8%99%9F
15487,快樂腳休閒屋,南投縣魚池鄉,,,,,https://www.google.com/maps/search/?api=1&query=%E5%BF%AB%E6%A8%82%E8%85%B3%E4%BC%91%E9%96%92%E5%B1%8B%20%E5%8D%97%E6%8A%95%E7%B8%A3%E9%AD%9A%E6%B1%A0%E9%84%89%E5%A4%A7%E9%9B%81%E6%9D%91%E5%A4%A7%E9%9B%81%E5%B7%B733-3%E8%99%9F
27568,水管民宿,花蓮縣吉安鄉,,,,,https://www.google.com/maps/search/?api=1&query=%E6%B0%B4%E7%AE%A1%E6%B0%91%E5%AE%BF%20%E8%8A%B1%E8%93%AE%E7%B8%A3%E5%90%89%E5%AE%89%E9%84%89%E5%8D%97%E6%98%8C%E6%9D%9116%E9%84%B0%E4%B8%AD%E5%B1%B1%E8%B7%AF%E4%BA%8C%E6%AE%B5145%E5%B7%B725%E8%99%9F
5527,童年松花民宿,嘉義縣番路鄉,,,,,https://www.google.com/maps/search/?api=1&query=%E7%AB%A5%E5%B9%B4%E6%9D%BE%E8%8A%B1%E6%B0%91%E5%AE%BF%20%E5%98%89%E7%BE%A9%E7%B8%A3%E7%95%AA%E8%B7%AF%E9%84%89%E4%B8%8B%E5%9D%91%E6%9D%91%E4%B8%8B%E5%9D%9145%E4%B9%8B18%E8%99%9F
36272,漫漫浯島旅棧,金門縣金湖鎮,,,,,https://www.google.com/maps/search/?api=1&query=%E6%BC%AB%E6%BC%AB%E6%B5%AF%E5%B3%B6%E6%97%85%E6%A3%A7%20%E9%87%91%E9%96%80%E7%B8%A3%E9%87%91%E6%B9%96%E9%8E%AE%E5%AE%89%E6%B0%9160%E8%99%9F
26017,荷米輕別館,臺南市中西區,,,,,https://www.google.com/maps/search/?api=1&query=%E8%8D%B7%E7%B1%B3%E8%BC%95%E5%88%A5%E9%A4%A8%20%E8%87%BA%E5%8D%97%E5%B8%82%E4%B8%AD%E8%A5%BF%E5%8D%80%E5%BA%9C%E5%89%8D%E8%B7%AF%E4%B8%80%E6%AE%B5122%E5%B7%B76%E8%99%9F
37635,川賦會館-石門山勞工育樂中心,桃園市龍潭區,,,,,https://www.google.com/maps/search/?api=1&query=%E5%B7%9D%E8%B3%A6%E6%9C%83%E9%A4%A8-%E7%9F%B3%E9%96%80%E5%B1%B1%E5%8B%9E%E5%B7%A5%E8%82%B2%E6%A8%82%E4%B8%AD%E5%BF%83%20%E6%A1%83%E5%9C%92%E5%B8%82%E9%BE%8D%E6%BD%AD%E5%8D%80%E6%B0%91%E6%B2%BB%E5%8D%81%E5%85%AD%E8%A1%9787%E5%B7%B799%E8%99%9F
26995,風海山會館,屏東縣恆春鎮,,,,,https://www.google.com/maps/search/?api=1&query=%E9%A2%A8%E6%B5%B7%E5%B1%B1%E6%9C%83%E9%A4%A8%20%E5%B1%8F%E6%9D%B1%E7%B8%A3%E6%81%86%E6%98%A5%E9%8E%AE%E7%92%B0%E5%9F%8E%E5%8C%97%E8%B7%AF120%E8%99%9F
27245,西湖柚子家民宿,苗栗縣西湖鄉,,,,,https://www.google.com/maps/search/?api=1&query=%E8%A5%BF%E6%B9%96%E6%9F%9A%E5%AD%90%E5%AE%B6%E6%B0%91%E5%AE%BF%20%E8%8B%97%E6%A0%97%E7%B8%A3%E8%A5%BF%E6%B9%96%E9%84%89%E6%B9%96%E6%9D%B1%E6%9D%918%E9%84%B0%E5%9F%94%E9%A0%829%E4%B9%8B45%E8%99%9F
22665,藍海筑夢城民宿,花蓮縣吉安鄉,,,,,https://www.google.com/maps/search/?api=1&query=%E8%97%8D%E6%B5%B7%E7%AD%91%E5%A4%A2%E5%9F%8E%E6%B0%91%E5%AE%BF%20%E8%8A%B1%E8%93%AE%E7%B8%A3%E5%90%89%E5%AE%89%E9%84%89%E4%BB%81%E5%AE%89%E6%9D%9116%E9%84%B0%E5%8D%97%E6%B5%B7%E5%85%AB%E8%A1%97163%E8%99%9F
38635,茶山居民宿,臺東縣關山鎮,,,,,https://www.google.com/maps/search/?api=1&query=%E8%8C%B6%E5%B1%B1%E5%B1%85%E6%B0%91%E5%AE%BF%20%E8%87%BA%E6%9D%B1%E7%B8%A3%E9%97%9C%E5%B1%B1%E9%8E%AE%E8%B1%90%E6%B3%89%E9%87%8C3%E9%84%B0%E5%B9%B3%E7%AD%89%E8%B7%AF45%E8%99%9F
28546,雅漾民宿,花蓮縣花蓮市,,,,,https://www.google.com/maps/search/?api=1&query=%E9%9B%85%E6%BC%BE%E6%B0%91%E5%AE%BF%20%E8%8A%B1%E8%93%AE%E7%B8%A3%E8%8A%B1%E8%93%AE%E5%B8%82%E4%B8%BB%E8%A8%88%E9%87%8C10%E9%84%B0%E4%BF%A1%E7%BE%A9%E8%A1%978%E8%99%9F
9999,望際回家,南投縣竹山鎮,,,,,https://www.google.com/maps/search/?api=1&query=%E6%9C%9B%E9%9A%9B%E5%9B%9E%E5%AE%B6%20%E5%8D%97%E6%8A%95%E7%B8%A3%E7%AB%B9%E5%B1%B1%E9%8E%AE%E7%94%B0%E5%AD%90%E9%87%8C%E5%A4%A7%E6%9E%97%E5%B7%B716-39%E8%99%9F
3639,貴夫人渡假民宿,南投縣魚池鄉,,,,,https://www.google.com/maps/search/?api=1&query=%E8%B2%B4%E5%A4%AB%E4%BA%BA%E6%B8%A1%E5%81%87%E6%B0%91%E5%AE%BF%20%E5%8D%97%E6%8A%95%E7%B8%A3%E9%AD%9A%E6%B1%A0%E9%84%89%E5%85%B1%E5%92%8C%E6%9D%91%E9%95%B7%E8%88%88%E5%B7%B71-8%E8%99%9F
20246,新南一二文創商行,桃園市大溪區,,,,,https://www.google.com/maps/search/?api=1&query=%E6%96%B0%E5%8D%97%E4%B8%80%E4%BA%8C%E6%96%87%E5%89%B5%E5%95%86%E8%A1%8C%20%E6%A1%83%E5%9C%92%E5%B8%82%E5%A4%A7%E6%BA%AA%E5%8D%80%E4%B8%AD%E5%B1%B1%E8%B7%AF12%E8%99%9F
28467,畫宿行旅民宿,宜蘭縣冬山鄉,,,,,https://www.google.com/maps/search/?api=1&query=%E7%95%AB%E5%AE%BF%E8%A1%8C%E6%97%85%E6%B0%91%E5%AE%BF%20%E5%AE%9C%E8%98%AD%E7%B8%A3%E5%86%AC%E5%B1%B1%E9%84%89%E6%9D%B1%E4%BA%8C%E8%B7%AF22%E5%B7%B739%E8%99%9F
16877,悅華大酒店,桃園市龍潭區,,,,,https://www.google.com/maps/search/?api=1&query=%E6%82%85%E8%8F%AF%E5%A4%A7%E9%85%92%E5%BA%97%20%E6%A1%83%E5%9C%92%E5%B8%82%E9%BE%8D%E6%BD%AD%E5%8D%80%E4%B9%9D%E9%BE%8D%E9%87%8C%E6%82%85%E8%8F%AF%E8%B7%AF100%E8%99%9F
25953,蒔花澄旅,屏東縣恆春鎮,,,,,https://www.google.com/maps/search/?api=1&query=%E8%92%94%E8%8A%B1%E6%BE%84%E6%97%85%20%E5%B1%8F%E6%9D%B1%E7%B8%A3%E6%81%86%E6%98%A5%E9%8E%AE%E5%9B%9B%E6%BA%9D%E9%87%8C%E8%88%88%E5%8C%97%E8%B7%AF%E8%88%88%E6%9D%B1%E5%B7%B79%E5%BC%845%E8%99%9F
28432,潤民宿,花蓮縣花蓮市,,,,,https://www.google.com/maps/search/?api=1&query=%E6%BD%A4%E6%B0%91%E5%AE%BF%20%E8%8A%B1%E8%93%AE%E7%B8%A3%E8%8A%B1%E8%93%AE%E5%B8%82%E6%B0%91%E9%81%8B%E9%87%8C2%E9%84%B0%E4%B8%AD%E8%88%88%E8%B7%AF130%E8%99%9F
29018,嚨口十二之一,金門縣金寧鄉,,,,,https://www.google.com/maps/search/?api=1&query=%E5%9A%A8%E5%8F%A3%E5%8D%81%E4%BA%8C%E4%B9%8B%E4%B8%80%20%E9%87%91%E9%96%80%E7%B8%A3%E9%87%91%E5%AF%A7%E9%84%89%E5%90%8E%E7%9B%A4%E6%9D%91%E5%9A%A8%E5%8F%A312-1%E8%99%9F
8468,千霞園(特色民宿),臺南市白河區,,,,,https://www.google.com/maps/search/?api=1&query=%E5%8D%83%E9%9C%9E%E5%9C%92%28%E7%89%B9%E8%89%B2%E6%B0%91%E5%AE%BF%29%20%E8%87%BA%E5%8D%97%E5%B8%82%E7%99%BD%E6%B2%B3%E5%8D%80%E5%85%AD%E6%BA%AA%E9%87%8C%E5%85%AD%E9%87%8D%E6%BA%AA123%E8%99%9F
18730,大夫第民宿,金門縣金城鎮,,,,,https://www.google.com/maps/search/?api=1&query=%E5%A4%A7%E5%A4%AB%E7%AC%AC%E6%B0%91%E5%AE%BF%20%E9%87%91%E9%96%80%E7%B8%A3%E9%87%91%E5%9F%8E%E9%8E%AE%E7%8F%A0%E5%B1%B141%E8%99%9F
18055,擁月星宿民宿,臺東縣成功鎮,,,,,https://www.google.com/maps/search/?api=1&query=%E6%93%81%E6%9C%88%E6%98%9F%E5%AE%BF%E6%B0%91%E5%AE%BF%20%E8%87%BA%E6%9D%B1%E7%B8%A3%E6%88%90%E5%8A%9F%E9%8E%AE%E4%BF%A1%E7%BE%A9%E9%87%8C%E8%B1%90%E7%94%B0%E8%B7%AF25-1%E8%99%9F
38637,安泊民宿,臺東縣關山鎮,,,,,https://www.google.com/maps/search/?api=1&query=%E5%AE%89%E6%B3%8A%E6%B0%91%E5%AE%BF%20%E8%87%BA%E6%9D%B1%E7%B8%A3%E9%97%9C%E5%B1%B1%E9%8E%AE%E8%B1%90%E6%B3%89%E9%87%8C3%E9%84%B0%E5%B9%B3%E7%AD%89%E8%B7%AF70%E8%99%9F
3246,捷喬商務旅館,臺南市中西區,,,,,https://www.google.com/maps/search/?api=1&query=%E6%8D%B7%E5%96%AC%E5%95%86%E5%8B%99%E6%97%85%E9%A4%A8%20%E8%87%BA%E5%8D%97%E5%B8%82%E4%B8%AD%E8%A5%BF%E5%8D%80%E5%B0%8A%E7%8E%8B%E8%B7%AF158%E8%99%9F1%E6%A8%93%E5%8F%8A156%E8%99%9F2%E6%A8%93%E3%80%816%E6%A8%93%E8%87%B38%E6%A8%93
16391,路徒行旅-偵探寓所,花蓮縣花蓮市,,,,,https://www.google.com/maps/search/?api=1&query=%E8%B7%AF%E5%BE%92%E8%A1%8C%E6%97%85-%E5%81%B5%E6%8E%A2%E5%AF%93%E6%89%80%20%E8%8A%B1%E8%93%AE%E7%B8%A3%E8%8A%B1%E8%93%AE%E5%B8%82%E5%9C%8B%E5%A8%81%E9%87%8C20%E9%84%B0%E4%B8%AD%E5%B1%B1%E8%B7%AF361%E8%99%9F
6689,薩圖恩文旅,臺中市北區,,,,,https://www.google.com/maps/search/?api=1&query=%E8%96%A9%E5%9C%96%E6%81%A9%E6%96%87%E6%97%85%20%E8%87%BA%E4%B8%AD%E5%B8%82%E5%8C%97%E5%8D%80%E5%81%A5%E8%A1%8C%E8%B7%AF590%E8%99%9F4-7%E6%A8%93
16099,米南汽車旅館,苗栗縣苗栗市,,,,,https://www.google.com/maps/search/?api=1&query=%E7%B1%B3%E5%8D%97%E6%B1%BD%E8%BB%8A%E6%97%85%E9%A4%A8%20%E8%8B%97%E6%A0%97%E7%B8%A3%E8%8B%97%E6%A0%97%E5%B8%82%E6%96%B0%E8%8B%B1%E9%87%8C%E6%96%B0%E8%8B%B176%E8%99%9F
1554,車站一百米民宿,花蓮縣花蓮市,,,,,https://www.google.com/maps/search/?api=1&query=%E8%BB%8A%E7%AB%99%E4%B8%80%E7%99%BE%E7%B1%B3%E6%B0%91%E5%AE%BF%20%E8%8A%B1%E8%93%AE%E7%B8%A3%E8%8A%B1%E8%93%AE%E5%B8%82%E5%9C%8B%E8%88%88%E4%B8%80%E8%A1%9720%E8%99%9F
31942,135會館,宜蘭縣冬山鄉,,,,,https://www.google.com/maps/search/?api=1&query=135%E6%9C%83%E9%A4%A8%20%E5%AE%9C%E8%98%AD%E7%B8%A3%E5%86%AC%E5%B1%B1%E9%84%89%E6%AD%A6%E7%BD%95%E4%BA%8C%E8%B7%AF135%E8%99%9F
35606,小木旅宿民宿,臺東縣臺東市,,,,,https://www.google.com/maps/search/?api=1&query=%E5%B0%8F%E6%9C%A8%E6%97%85%E5%AE%BF%E6%B0%91%E5%AE%BF%20%E8%87%BA%E6%9D%B1%E7%B8%A3%E8%87%BA%E6%9D%B1%E5%B8%82%E5%9C%8B%E6%B3%B0%E8%A1%9779%E8%99%9F
31282,大魚漫步旅店,臺南市安平區,,,,,https://www.google.com/maps/search/?api=1&query=%E5%A4%A7%E9%AD%9A%E6%BC%AB%E6%AD%A5%E6%97%85%E5%BA%97%20%E8%87%BA%E5%8D%97%E5%B8%82%E5%AE%89%E5%B9%B3%E5%8D%80%E5%B9%B3%E9%80%9A%E9%87%8C27%E9%84%B0%E8%82%B2%E5%B9%B3%E5%85%AB%E8%A1%97146%E8%99%9F
27313,想來就來,臺南市中西區,,,,,https://www.google.com/maps/search/?api=1&query=%E6%83%B3%E4%BE%86%E5%B0%B1%E4%BE%86%20%E8%87%BA%E5%8D%97%E5%B8%82%E4%B8%AD%E8%A5%BF%E5%8D%80%E5%A4%A7%E6%99%BA%E8%A1%9729%E5%B7%B717%E8%99%9F
30257,小豆旅宿民宿,臺東縣臺東市,,,,,https://www.google.com/maps/search/?api=1&query=%E5%B0%8F%E8%B1%86%E6%97%85%E5%AE%BF%E6%B0%91%E5%AE%BF%20%E8%87%BA%E6%9D%B1%E7%B8%A3%E8%87%BA%E6%9D%B1%E5%B8%82%E5%9C%8B%E6%B3%B0%E8%A1%9765%E8%99%9F
20527,兆泓民宿,南投縣魚池鄉,,,,,https://www.google.com/maps/search/?api=1&query=%E5%85%86%E6%B3%93%E6%B0%91%E5%AE%BF%20%E5%8D%97%E6%8A%95%E7%B8%A3%E9%AD%9A%E6%B1%A0%E9%84%89%E6%B0%B4%E7%A4%BE%E6%9D%912%E9%84%B0%E4%B8%AD%E5%B1%B1%E8%B7%AF455%E4%B9%8B2%E8%99%9F
31144,漁海民宿,宜蘭縣礁溪鄉,,,,,https://www.google.com/maps/search/?api=1&query=%E6%BC%81%E6%B5%B7%E6%B0%91%E5%AE%BF%20%E5%AE%9C%E8%98%AD%E7%B8%A3%E7%A4%81%E6%BA%AA%E9%84%89%E5%A4%A7%E5%A1%AD%E8%B7%AF39%E4%B9%8B10%E8%99%9F
1543,德旺商旅,嘉義縣新港鄉,,,,,https://www.google.com/maps/search/?api=1&query=%E5%BE%B7%E6%97%BA%E5%95%86%E6%97%85%20%E5%98%89%E7%BE%A9%E7%B8%A3%E6%96%B0%E6%B8%AF%E9%84%89%E5%AE%AE%E5%89%8D%E6%9D%91%E4%B8%AD%E5%B1%B1%E8%B7%AF43%E8%99%9F
27251,風仙廬香草園民宿,澎湖縣馬公市,,,,,https://www.google.com/maps/search/?api=1&query=%E9%A2%A8%E4%BB%99%E5%BB%AC%E9%A6%99%E8%8D%89%E5%9C%92%E6%B0%91%E5%AE%BF%20%E6%BE%8E%E6%B9%96%E7%B8%A3%E9%A6%AC%E5%85%AC%E5%B8%82%E8%A5%BF%E6%96%87%E9%87%8C11%E9%84%B0%E8%A5%BF%E6%96%87%E6%BE%B397%E4%B9%8B68%E8%99%9F
8251,幸福加油站民宿,花蓮縣花蓮市,,,,,https://www.google.com/maps/search/?api=1&query=%E5%B9%B8%E7%A6%8F%E5%8A%A0%E6%B2%B9%E7%AB%99%E6%B0%91%E5%AE%BF%20%E8%8A%B1%E8%93%AE%E7%B8%A3%E8%8A%B1%E8%93%AE%E5%B8%82%E4%BF%A1%E7%BE%A9%E8%A1%9793%E8%99%9F
37003,八八金歐二館民宿,金門縣金沙鎮,,,,,https://www.google.com/maps/search/?api=1&query=%E5%85%AB%E5%85%AB%E9%87%91%E6%AD%90%E4%BA%8C%E9%A4%A8%E6%B0%91%E5%AE%BF%20%E9%87%91%E9%96%80%E7%B8%A3%E9%87%91%E6%B2%99%E9%8E%AE%E5%90%8E%E5%AE%852%E4%B9%8B1%E8%99%9F
31012,耘居villa,屏東縣恆春鎮,,,,,https://www.google.com/maps/search/?api=1&query=%E8%80%98%E5%B1%85villa%20%E5%B1%8F%E6%9D%B1%E7%B8%A3%E6%81%86%E6%98%A5%E9%8E%AE%E6%81%86%E5%8C%97%E8%B7%AF75%E5%B7%B726%E8%99%9F
18738,山月２２Ｖｉｌｌａ別墅民宿,宜蘭縣礁溪鄉,,,,,https://www.google.com/maps/search/?api=1&query=%E5%B1%B1%E6%9C%88%EF%BC%92%EF%BC%92%EF%BC%B6%EF%BD%89%EF%BD%8C%EF%BD%8C%EF%BD%81%E5%88%A5%E5%A2%85%E6%B0%91%E5%AE%BF%20%E5%AE%9C%E8%98%AD%E7%B8%A3%E7%A4%81%E6%BA%AA%E9%84%89%E5%8D%81%E5%85%AD%E7%B5%90%E8%B7%AF94%E4%B9%8B7%E8%99%9F
33838,沐光小院,宜蘭縣三星鄉,,,,,https://www.google.com/maps/search/?api=1&query=%E6%B2%90%E5%85%89%E5%B0%8F%E9%99%A2%20%E5%AE%9C%E8%98%AD%E7%B8%A3%E4%B8%89%E6%98%9F%E9%84%89%E4%B8%8A%E5%B0%87%E8%B7%AF%E4%B8%89%E6%AE%B5218%E8%99%9F
18944,半天陶坊,南投縣鹿谷鄉,,,,,https://www.google.com/maps/search/?api=1&query=%E5%8D%8A%E5%A4%A9%E9%99%B6%E5%9D%8A%20%E5%8D%97%E6%8A%95%E7%B8%A3%E9%B9%BF%E8%B0%B7%E9%84%89%E7%AB%B9%E6%9E%97%E6%9D%913%E9%84%B0%E6%84%9B%E9%84%89%E8%B7%AF123-5%E8%99%9F
17991,瑞君商務旅館,臺中市東區,,,,,https://www.google.com/maps/search/?api=1&query=%E7%91%9E%E5%90%9B%E5%95%86%E5%8B%99%E6%97%85%E9%A4%A8%20%E8%87%BA%E4%B8%AD%E5%B8%82%E6%9D%B1%E5%8D%80%E5%BE%A9%E8%88%88%E8%B7%AF4%E6%AE%B5100%E8%99%9F11-12%E6%A8%93
19553,挪威森林森森休閒旅館,新北市淡水區,,,,,https://www.google.com/maps/search/?api=1&query=%E6%8C%AA%E5%A8%81%E6%A3%AE%E6%9E%97%E6%A3%AE%E6%A3%AE%E4%BC%91%E9%96%92%E6%97%85%E9%A4%A8%20%E6%96%B0%E5%8C%97%E5%B8%82%E6%B7%A1%E6%B0%B4%E5%8D%80%E5%85%AB%E5%8B%A2%E4%B8%80%E8%A1%9783%E8%99%9F
4462,耀西文旅新美館,臺南市中西區,,,,,https://www.google.com/maps/search/?api=1&query=%E8%80%80%E8%A5%BF%E6%96%87%E6%97%85%E6%96%B0%E7%BE%8E%E9%A4%A8%20%E8%87%BA%E5%8D%97%E5%B8%82%E4%B8%AD%E8%A5%BF%E5%8D%80%E6%96%B0%E7%BE%8E%E8%A1%9721%E8%99%9F2-5%E6%A8%93%2C23%E8%99%9F1-4%E6%A8%93
38076,宅山里,宜蘭縣礁溪鄉,,,,,https://www.google.com/maps/search/?api=1&query=%E5%AE%85%E5%B1%B1%E9%87%8C%20%E5%AE%9C%E8%98%AD%E7%B8%A3%E7%A4%81%E6%BA%AA%E9%84%89%E6%9E%97%E5%B0%BE%E8%B7%AF42-15%E8%99%9F
36135,巷往,宜蘭縣冬山鄉,,,,,https://www.google.com/maps/search/?api=1&query=%E5%B7%B7%E5%BE%80%20%E5%AE%9C%E8%98%AD%E7%B8%A3%E5%86%AC%E5%B1%B1%E9%84%89%E7%BE%8E%E5%92%8C%E8%B7%AF%E4%B8%80%E6%AE%B562%E5%B7%B7197%E8%99%9F
15799,夢想家民宿,屏東縣琉球鄉,,,,,https://www.google.com/maps/search/?api=1&query=%E5%A4%A2%E6%83%B3%E5%AE%B6%E6%B0%91%E5%AE%BF%20%E5%B1%8F%E6%9D%B1%E7%B8%A3%E7%90%89%E7%90%83%E9%84%89%E4%B8%89%E6%B0%91%E8%B7%AF39-1%E8%99%9F
32527,鹹菜巷8號,臺南市中西區,,,,,https://www.google.com/maps/search/?api=1&query=%E9%B9%B9%E8%8F%9C%E5%B7%B78%E8%99%9F%20%E8%87%BA%E5%8D%97%E5%B8%82%E4%B8%AD%E8%A5%BF%E5%8D%80%E9%96%8B%E5%B1%B1%E8%B7%AF122%E5%B7%B756%E5%BC%848%E8%99%9F
35186,66号小院子,屏東縣潮州鎮,,,,,https://www.google.com/maps/search/?api=1&query=66%E5%8F%B7%E5%B0%8F%E9%99%A2%E5%AD%90%20%E5%B1%8F%E6%9D%B1%E7%B8%A3%E6%BD%AE%E5%B7%9E%E9%8E%AE%E7%9B%9B%E6%98%A5%E8%B7%AF66%E8%99%9F
3675,悅來民宿,臺東縣卑南鄉,,,,,https://www.google.com/maps/search/?api=1&query=%E6%82%85%E4%BE%86%E6%B0%91%E5%AE%BF%20%E8%87%BA%E6%9D%B1%E7%B8%A3%E5%8D%91%E5%8D%97%E9%84%89%E5%A4%AA%E5%B9%B3%E6%9D%91%E6%B0%91%E7%94%9F%E8%B7%AF197%E8%99%9F
16158,雀客藏居花蓮林森,花蓮縣花蓮市,,,,,https://www.google.com/maps/search/?api=1&query=%E9%9B%80%E5%AE%A2%E8%97%8F%E5%B1%85%E8%8A%B1%E8%93%AE%E6%9E%97%E6%A3%AE%20%E8%8A%B1%E8%93%AE%E7%B8%A3%E8%8A%B1%E8%93%AE%E5%B8%82%E4%B8%BB%E5%8A%9B%E9%87%8C15%E9%84%B0%E6%9E%97%E6%A3%AE%E8%B7%AF33%E8%99%9F
35843,迦那會館,屏東縣恆春鎮,,,,,https://www.google.com/maps/search/?api=1&query=%E8%BF%A6%E9%82%A3%E6%9C%83%E9%A4%A8%20%E5%B1%8F%E6%9D%B1%E7%B8%A3%E6%81%86%E6%98%A5%E9%8E%AE%E8%88%B9%E5%B8%86%E8%B7%AF846%E5%B7%B772%E8%99%9F
32697,童玩樂親子旅宿,宜蘭縣羅東鎮,,,,,https://www.google.com/maps/search/?api=1&query=%E7%AB%A5%E7%8E%A9%E6%A8%82%E8%A6%AA%E5%AD%90%E6%97%85%E5%AE%BF%20%E5%AE%9C%E8%98%AD%E7%B8%A3%E7%BE%85%E6%9D%B1%E9%8E%AE%E5%80%89%E5%89%8D%E8%B7%AF83%E8%99%9F4%E6%A8%93%E4%B9%8B%201%E3%80%81%E4%B9%8B2%E3%80%81%E4%B9%8B3%E3%80%81%E4%B9%8B5%E3%80%81%E4%B9%8B6%E3%80%81%E4%B9%8B7%E3%80%81%E4%B9%8B8%E3%80%81%E4%B9%8B9%E3%80%81%E4%B9%8B10
27571,南岸山．綺,臺南市安平區,,,,,https://www.google.com/maps/search/?api=1&query=%E5%8D%97%E5%B2%B8%E5%B1%B1%EF%BC%8E%E7%B6%BA%20%E8%87%BA%E5%8D%97%E5%B8%82%E5%AE%89%E5%B9%B3%E5%8D%80%E4%B8%96%E5%B9%B3%E4%BA%94%E8%A1%9710%E5%B7%B735%E8%99%9F
14016,方舟島民宿,花蓮縣新城鄉,,,,,https://www.google.com/maps/search/?api=1&query=%E6%96%B9%E8%88%9F%E5%B3%B6%E6%B0%91%E5%AE%BF%20%E8%8A%B1%E8%93%AE%E7%B8%A3%E6%96%B0%E5%9F%8E%E9%84%89%E4%BD%B3%E6%9E%97%E6%9D%91%E4%BD%B3%E6%9E%97112%E4%B9%8B18%E8%99%9F
20302,御爵渡假山莊,南投縣魚池鄉,,,,,https://www.google.com/maps/search/?api=1&query=%E5%BE%A1%E7%88%B5%E6%B8%A1%E5%81%87%E5%B1%B1%E8%8E%8A%20%E5%8D%97%E6%8A%95%E7%B8%A3%E9%AD%9A%E6%B1%A0%E9%84%89%E6%96%B0%E5%9F%8E%E6%9D%918%E9%84%B0%E9%80%9A%E6%96%87%E5%B7%B73-16%E8%99%9F
25962,白沙35民宿,屏東縣恆春鎮,,,,,https://www.google.com/maps/search/?api=1&query=%E7%99%BD%E6%B2%9935%E6%B0%91%E5%AE%BF%20%E5%B1%8F%E6%9D%B1%E7%B8%A3%E6%81%86%E6%98%A5%E9%8E%AE%E6%B0%B4%E6%B3%89%E9%87%8C%E7%99%BD%E6%B2%99%E8%B7%AF35%E8%99%9F
38102,天成逸旅,花蓮縣瑞穗鄉,,,,,https://www.google.com/maps/search/?api=1&query=%E5%A4%A9%E6%88%90%E9%80%B8%E6%97%85%20%E8%8A%B1%E8%93%AE%E7%B8%A3%E7%91%9E%E7%A9%97%E9%84%89%E8%8A%B1%E8%93%AE%E7%B8%A3%E7%91%9E%E7%A9%97%E9%84%89%E5%BB%A3%E6%9D%B1%E8%B7%AF161%E8%99%9F
18185,春在民宿,宜蘭縣羅東鎮,,,,,https://www.google.com/maps/search/?api=1&query=%E6%98%A5%E5%9C%A8%E6%B0%91%E5%AE%BF%20%E5%AE%9C%E8%98%AD%E7%B8%A3%E7%BE%85%E6%9D%B1%E9%8E%AE%E4%BB%81%E6%84%9B%E9%87%8C%E5%BE%A9%E8%88%88%E8%B7%AF%E4%B8%89%E6%AE%B5496%E5%B7%B713%E8%99%9F
7285,波波的家,臺中市和平區,,,,,https://www.google.com/maps/search/?api=1&query=%E6%B3%A2%E6%B3%A2%E7%9A%84%E5%AE%B6%20%E8%87%BA%E4%B8%AD%E5%B8%82%E5%92%8C%E5%B9%B3%E5%8D%80%E6%9D%B1%E9%97%9C%E8%B7%AF%E4%B8%80%E6%AE%B5%E6%9D%BE%E9%B6%B4%E4%BA%8C%E5%B7%B752%E8%99%9F
26136,小琉球懶人旅宿,屏東縣琉球鄉,,,,,https://www.google.com/maps/search/?api=1&query=%E5%B0%8F%E7%90%89%E7%90%83%E6%87%B6%E4%BA%BA%E6%97%85%E5%AE%BF%20%E5%B1%8F%E6%9D%B1%E7%B8%A3%E7%90%89%E7%90%83%E9%84%89%E6%BC%81%E7%A6%8F%E6%9D%918%E9%84%B0%E4%B8%89%E6%B0%91%E8%B7%AF91%E4%B9%8B5%E8%99%9F
34659,八八觀海古厝民宿,金門縣金沙鎮,,,,,https://www.google.com/maps/search/?api=1&query=%E5%85%AB%E5%85%AB%E8%A7%80%E6%B5%B7%E5%8F%A4%E5%8E%9D%E6%B0%91%E5%AE%BF%20%E9%87%91%E9%96%80%E7%B8%A3%E9%87%91%E6%B2%99%E9%8E%AE%E5%AE%98%E6%BE%B315%E8%99%9F%E3%80%8115%E4%B9%8B1%E8%99%9F
33034,水耘翠Villa會館,宜蘭縣冬山鄉,,,,,https://www.google.com/maps/search/?api=1&query=%E6%B0%B4%E8%80%98%E7%BF%A0Villa%E6%9C%83%E9%A4%A8%20%E5%AE%9C%E8%98%AD%E7%B8%A3%E5%86%AC%E5%B1%B1%E9%84%89%E5%AF%B6%E7%A6%8F%E8%B7%AF225%E8%99%9F
15445,綠窗小築民宿,花蓮縣花蓮市,,,,,https://www.google.com/maps/search/?api=1&query=%E7%B6%A0%E7%AA%97%E5%B0%8F%E7%AF%89%E6%B0%91%E5%AE%BF%20%E8%8A%B1%E8%93%AE%E7%B8%A3%E8%8A%B1%E8%93%AE%E5%B8%82%E4%B8%BB%E5%8A%9B%E9%87%8C%E5%9C%8B%E9%A2%A8%E8%A1%9721%E5%B7%B719%E8%99%9F
6560,台中福華大飯店,臺中市西屯區,,,,,https://www.google.com/maps/search/?api=1&query=%E5%8F%B0%E4%B8%AD%E7%A6%8F%E8%8F%AF%E5%A4%A7%E9%A3%AF%E5%BA%97%20%E8%87%BA%E4%B8%AD%E5%B8%82%E8%A5%BF%E5%B1%AF%E5%8D%80%E5%AE%89%E5%92%8C%E8%B7%AF129%E8%99%9F
3773,旅巷自在輕旅,臺中市中區,,,,,https://www.google.com/maps/search/?api=1&query=%E6%97%85%E5%B7%B7%E8%87%AA%E5%9C%A8%E8%BC%95%E6%97%85%20%E8%87%BA%E4%B8%AD%E5%B8%82%E4%B8%AD%E5%8D%80%E6%88%90%E5%8A%9F%E8%B7%AF10%E8%99%9F5%E6%A8%93%E4%B9%8B1%E3%80%816%E6%A8%93%E4%B9%8B1
22837,後山拾光民宿,花蓮縣玉里鎮,,,,,https://www.google.com/maps/search/?api=1&query=%E5%BE%8C%E5%B1%B1%E6%8B%BE%E5%85%89%E6%B0%91%E5%AE%BF%20%E8%8A%B1%E8%93%AE%E7%B8%A3%E7%8E%89%E9%87%8C%E9%8E%AE%E4%B8%AD%E5%9F%8E%E9%87%8C6%E9%84%B0%E5%9F%8E%E6%9D%B1%E5%9B%9B%E8%A1%977%E8%99%9F
36585,九號碧木嶼,臺南市安平區,,,,,https://www.google.com/maps/search/?api=1&query=%E4%B9%9D%E8%99%9F%E7%A2%A7%E6%9C%A8%E5%B6%BC%20%E8%87%BA%E5%8D%97%E5%B8%82%E5%AE%89%E5%B9%B3%E5%8D%80%E4%B8%96%E5%B9%B3%E8%B7%AF9%E8%99%9F
28567,煙波大飯店花蓮太魯閣沁海館,花蓮縣新城鄉,,,,,https://www.google.com/maps/search/?api=1&query=%E7%85%99%E6%B3%A2%E5%A4%A7%E9%A3%AF%E5%BA%97%E8%8A%B1%E8%93%AE%E5%A4%AA%E9%AD%AF%E9%96%A3%E6%B2%81%E6%B5%B7%E9%A4%A8%20%E8%8A%B1%E8%93%AE%E7%B8%A3%E6%96%B0%E5%9F%8E%E9%84%89%E9%A0%86%E5%AE%89%E6%9D%916%E9%84%B0%E8%8D%89%E6%9E%9710%E4%B9%8B6%E8%99%9F
4928,美夢成真主題民宿,屏東縣恆春鎮,,,,,https://www.google.com/maps/search/?api=1&query=%E7%BE%8E%E5%A4%A2%E6%88%90%E7%9C%9F%E4%B8%BB%E9%A1%8C%E6%B0%91%E5%AE%BF%20%E5%B1%8F%E6%9D%B1%E7%B8%A3%E6%81%86%E6%98%A5%E9%8E%AE%E6%81%86%E8%A5%BF%E8%B7%AF33%E5%B7%B7123%E5%BC%841%E8%99%9F
28403,躲貓貓民宿,臺南市安平區,,,,,https://www.google.com/maps/search/?api=1&query=%E8%BA%B2%E8%B2%93%E8%B2%93%E6%B0%91%E5%AE%BF%20%E8%87%BA%E5%8D%97%E5%B8%82%E5%AE%89%E5%B9%B3%E5%8D%80%E5%AE%89%E5%B9%B3%E8%B7%AF606%E5%B7%B735%E5%BC%8433%E8%99%9F
16782,花蓮雲朵朵民宿,花蓮縣吉安鄉,,,,,https://www.google.com/maps/search/?api=1&query=%E8%8A%B1%E8%93%AE%E9%9B%B2%E6%9C%B5%E6%9C%B5%E6%B0%91%E5%AE%BF%20%E8%8A%B1%E8%93%AE%E7%B8%A3%E5%90%89%E5%AE%89%E9%84%89%E4%BB%81%E5%AE%89%E6%9D%91%E5%8D%97%E6%B5%B7%E5%85%AB%E8%A1%97169%E8%99%9F
3342,伯爵農莊民宿,花蓮縣吉安鄉,,,,,https://www.google.com/maps/search/?api=1&query=%E4%BC%AF%E7%88%B5%E8%BE%B2%E8%8E%8A%E6%B0%91%E5%AE%BF%20%E8%8A%B1%E8%93%AE%E7%B8%A3%E5%90%89%E5%AE%89%E9%84%89%E7%A8%BB%E9%A6%99%E6%9D%91%E7%A8%BB%E8%88%88%E4%B8%80%E8%A1%9788%E8%99%9F
5473,汸宸潤音拾光,高雄市新興區,,,,,https://www.google.com/maps/search/?api=1&query=%E6%B1%B8%E5%AE%B8%E6%BD%A4%E9%9F%B3%E6%8B%BE%E5%85%89%20%E9%AB%98%E9%9B%84%E5%B8%82%E6%96%B0%E8%88%88%E5%8D%80%E4%BA%94%E7%A6%8F%E4%B8%80%E8%B7%AF106%E8%99%9F6%E8%87%B311%E6%A8%93
21918,藏闊民宿,宜蘭縣五結鄉,,,,,https://www.google.com/maps/search/?api=1&query=%E8%97%8F%E9%97%8A%E6%B0%91%E5%AE%BF%20%E5%AE%9C%E8%98%AD%E7%B8%A3%E4%BA%94%E7%B5%90%E9%84%89%E4%BA%94%E7%B5%90%E4%B8%AD%E8%B7%AF2%E6%AE%B5241%E5%B7%B77%E5%BC%8423%E8%99%9F
33852,小時公館民宿,花蓮縣玉里鎮,,,,,https://www.google.com/maps/search/?api=1&query=%E5%B0%8F%E6%99%82%E5%85%AC%E9%A4%A8%E6%B0%91%E5%AE%BF%20%E8%8A%B1%E8%93%AE%E7%B8%A3%E7%8E%89%E9%87%8C%E9%8E%AE%E4%B8%AD%E5%9F%8E%E9%87%8C18%E9%84%B0%E5%9F%8E%E8%A5%BF%E4%B8%80%E8%A1%9796%E8%99%9F
3368,四季民宿,花蓮縣吉安鄉,,,,,https://www.google.com/maps/search/?api=1&query=%E5%9B%9B%E5%AD%A3%E6%B0%91%E5%AE%BF%20%E8%8A%B1%E8%93%AE%E7%B8%A3%E5%90%89%E5%AE%89%E9%84%89%E5%90%89%E5%AE%89%E6%9D%9117%E9%84%B0%E4%B8%AD%E8%88%88%E8%B7%AF186%E5%B7%B75%E4%B9%8B2%E8%99%9F
35495,五分醒,宜蘭縣三星鄉,,,,,https://www.google.com/maps/search/?api=1&query=%E4%BA%94%E5%88%86%E9%86%92%20%E5%AE%9C%E8%98%AD%E7%B8%A3%E4%B8%89%E6%98%9F%E9%84%89%E4%BA%94%E5%88%86%E8%B7%AF%E4%B8%80%E6%AE%B5143%E8%99%9F
30036,輕旅行,臺南市中西區,,,,,https://www.google.com/maps/search/?api=1&query=%E8%BC%95%E6%97%85%E8%A1%8C%20%E8%87%BA%E5%8D%97%E5%B8%82%E4%B8%AD%E8%A5%BF%E5%8D%80%E5%BF%A0%E5%AD%9D%E8%A1%9778%E5%B7%B721%E8%99%9F
915,燦路都飯店,臺北市中山區,,,,,https://www.google.com/maps/search/?api=1&query=%E7%87%A6%E8%B7%AF%E9%83%BD%E9%A3%AF%E5%BA%97%20%E8%87%BA%E5%8C%97%E5%B8%82%E4%B8%AD%E5%B1%B1%E5%8D%80%E6%B0%91%E6%AC%8A%E6%9D%B1%E8%B7%AF1%E6%AE%B59%E8%99%9F%E5%9C%B0%E4%B8%8B1%E6%A8%93%E3%80%812-10%E6%A8%93
27848,三星小北歐699,宜蘭縣三星鄉,,,,,https://www.google.com/maps/search/?api=1&query=%E4%B8%89%E6%98%9F%E5%B0%8F%E5%8C%97%E6%AD%90699%20%E5%AE%9C%E8%98%AD%E7%B8%A3%E4%B8%89%E6%98%9F%E9%84%89%E4%B8%8A%E5%B0%87%E8%B7%AF%E4%BA%8C%E6%AE%B5699%E8%99%9F
29751,挪威森林文創休閒旅館,臺中市南區,,,,,https://www.google.com/maps/search/?api=1&query=%E6%8C%AA%E5%A8%81%E6%A3%AE%E6%9E%97%E6%96%87%E5%89%B5%E4%BC%91%E9%96%92%E6%97%85%E9%A4%A8%20%E8%87%BA%E4%B8%AD%E5%B8%82%E5%8D%97%E5%8D%80%E6%AD%A3%E6%B0%A3%E8%A1%9736%E8%99%9F
8671,新艾米渡假會館,屏東縣恆春鎮,,,,,https://www.google.com/maps/search/?api=1&query=%E6%96%B0%E8%89%BE%E7%B1%B3%E6%B8%A1%E5%81%87%E6%9C%83%E9%A4%A8%20%E5%B1%8F%E6%9D%B1%E7%B8%A3%E6%81%86%E6%98%A5%E9%8E%AE%E5%A4%A7%E5%9F%94%E8%B7%AF16%E8%99%9F
28154,享居,臺南市中西區,,,,,https://www.google.com/maps/search/?api=1&query=%E4%BA%AB%E5%B1%85%20%E8%87%BA%E5%8D%97%E5%B8%82%E4%B8%AD%E8%A5%BF%E5%8D%80%E8%A5%BF%E9%96%80%E8%B7%AF%E4%BA%8C%E6%AE%B5307%E5%B7%B730%E8%99%9F
14755,大立大飯店,臺南市中西區,,,,,https://www.google.com/maps/search/?api=1&query=%E5%A4%A7%E7%AB%8B%E5%A4%A7%E9%A3%AF%E5%BA%97%20%E8%87%BA%E5%8D%97%E5%B8%82%E4%B8%AD%E8%A5%BF%E5%8D%80%E4%B8%AD%E6%88%90%E8%B7%AF6%E8%99%9F2-8%E6%A8%93
4511,同居,高雄市新興區,,,,,https://www.google.com/maps/search/?api=1&query=%E5%90%8C%E5%B1%85%20%E9%AB%98%E9%9B%84%E5%B8%82%E6%96%B0%E8%88%88%E5%8D%80%E6%96%87%E6%A9%AB%E4%B8%80%E8%B7%AF5%E5%B7%B728%E8%99%9F
6769,食宿玩家民宿,南投縣魚池鄉,,,,,https://www.google.com/maps/search/?api=1&query=%E9%A3%9F%E5%AE%BF%E7%8E%A9%E5%AE%B6%E6%B0%91%E5%AE%BF%20%E5%8D%97%E6%8A%95%E7%B8%A3%E9%AD%9A%E6%B1%A0%E9%84%89%E6%97%A5%E6%9C%88%E6%9D%91%E6%97%A5%E6%9C%88%E8%A1%9739%E8%99%9F
6359,沙里仙渡假飯店,南投縣信義鄉,,,,,https://www.google.com/maps/search/?api=1&query=%E6%B2%99%E9%87%8C%E4%BB%99%E6%B8%A1%E5%81%87%E9%A3%AF%E5%BA%97%20%E5%8D%97%E6%8A%95%E7%B8%A3%E4%BF%A1%E7%BE%A9%E9%84%89%E6%9D%B1%E5%9F%94%E6%9D%91%E9%96%8B%E9%AB%98%E5%B7%B774%E8%99%9F
28938,旋轉吧小人國親子民宿,花蓮縣吉安鄉,,,,,https://www.google.com/maps/search/?api=1&query=%E6%97%8B%E8%BD%89%E5%90%A7%E5%B0%8F%E4%BA%BA%E5%9C%8B%E8%A6%AA%E5%AD%90%E6%B0%91%E5%AE%BF%20%E8%8A%B1%E8%93%AE%E7%B8%A3%E5%90%89%E5%AE%89%E9%84%89%E6%85%B6%E8%B1%90%E6%9D%918%E9%84%B0%E4%B8%AD%E5%B1%B1%E8%B7%AF%E4%B8%89%E6%AE%B5482%E4%B9%8B1%E8%99%9F
26179,故鄉民宿二館,連江縣莒光鄉,,,,,https://www.google.com/maps/search/?api=1&query=%E6%95%85%E9%84%89%E6%B0%91%E5%AE%BF%E4%BA%8C%E9%A4%A8%20%E9%80%A3%E6%B1%9F%E7%B8%A3%E8%8E%92%E5%85%89%E9%84%89%E5%A4%A7%E5%9D%AA%E6%9D%9179%E8%99%9F
26864,一府民宿,臺南市中西區,,,,,https://www.google.com/maps/search/?api=1&query=%E4%B8%80%E5%BA%9C%E6%B0%91%E5%AE%BF%20%E8%87%BA%E5%8D%97%E5%B8%82%E4%B8%AD%E8%A5%BF%E5%8D%80%E5%9C%8B%E8%8F%AF%E8%A1%97%E4%BA%8C%E6%AE%B575%E8%99%9F
36078,濱灣文旅民宿,屏東縣東港鎮,,,,,https://www.google.com/maps/search/?api=1&query=%E6%BF%B1%E7%81%A3%E6%96%87%E6%97%85%E6%B0%91%E5%AE%BF%20%E5%B1%8F%E6%9D%B1%E7%B8%A3%E6%9D%B1%E6%B8%AF%E9%8E%AE%E5%A4%A7%E5%92%8C%E8%A1%9733%E8%99%9F
19286,雀客藏居 台南永康,臺南市永康區,,,,,https://www.google.com/maps/search/?api=1&query=%E9%9B%80%E5%AE%A2%E8%97%8F%E5%B1%85%20%E5%8F%B0%E5%8D%97%E6%B0%B8%E5%BA%B7%20%E8%87%BA%E5%8D%97%E5%B8%82%E6%B0%B8%E5%BA%B7%E5%8D%80%E4%B8%AD%E6%AD%A3%E5%8C%97%E8%B7%AF218%E8%99%9F
7512,馬祖藍灣景觀餐廳民宿,連江縣莒光鄉,,,,,https://www.google.com/maps/search/?api=1&query=%E9%A6%AC%E7%A5%96%E8%97%8D%E7%81%A3%E6%99%AF%E8%A7%80%E9%A4%90%E5%BB%B3%E6%B0%91%E5%AE%BF%20%E9%80%A3%E6%B1%9F%E7%B8%A3%E8%8E%92%E5%85%89%E9%84%89%E7%A6%8F%E6%AD%A3%E6%9D%9158%E8%99%9F
8788,悅樂旅店,臺中市中區,,,,,https://www.google.com/maps/search/?api=1&query=%E6%82%85%E6%A8%82%E6%97%85%E5%BA%97%20%E8%87%BA%E4%B8%AD%E5%B8%82%E4%B8%AD%E5%8D%80%E4%B8%AD%E5%B1%B1%E8%B7%AF55%E8%99%9F
420,睿凡的家民宿,臺東縣成功鎮,,,,,https://www.google.com/maps/search/?api=1&query=%E7%9D%BF%E5%87%A1%E7%9A%84%E5%AE%B6%E6%B0%91%E5%AE%BF%20%E8%87%BA%E6%9D%B1%E7%B8%A3%E6%88%90%E5%8A%9F%E9%8E%AE%E9%BA%92%E9%BA%9F%E8%B7%AF88-1%E8%99%9F
14087,荷比8號電梯民宿,臺東縣臺東市,,,,,https://www.google.com/maps/search/?api=1&query=%E8%8D%B7%E6%AF%948%E8%99%9F%E9%9B%BB%E6%A2%AF%E6%B0%91%E5%AE%BF%20%E8%87%BA%E6%9D%B1%E7%B8%A3%E8%87%BA%E6%9D%B1%E5%B8%82%E4%B8%AD%E8%88%88%E8%B7%AF%E4%B8%89%E6%AE%B5275%E5%B7%B746%E5%BC%848%E8%99%9F
34601,LOVE米會館民宿,宜蘭縣五結鄉,,,,,https://www.google.com/maps/search/?api=1&query=LOVE%E7%B1%B3%E6%9C%83%E9%A4%A8%E6%B0%91%E5%AE%BF%20%E5%AE%9C%E8%98%AD%E7%B8%A3%E4%BA%94%E7%B5%90%E9%84%89%E4%BA%94%E7%B5%90%E4%B8%AD%E8%B7%AF%E4%B8%80%E6%AE%B568%E8%99%9F
20422,解語花軒民宿,臺東縣臺東市,,,,,https://www.google.com/maps/search/?api=1&query=%E8%A7%A3%E8%AA%9E%E8%8A%B1%E8%BB%92%E6%B0%91%E5%AE%BF%20%E8%87%BA%E6%9D%B1%E7%B8%A3%E8%87%BA%E6%9D%B1%E5%B8%82%E5%BF%97%E8%88%AA%E8%B7%AF1%E6%AE%B5412%E5%B7%B717%E5%BC%8435%E8%99%9F
9814,旅人驛站米豆文旅,臺東縣臺東市,,,,,https://www.google.com/maps/search/?api=1&query=%E6%97%85%E4%BA%BA%E9%A9%9B%E7%AB%99%E7%B1%B3%E8%B1%86%E6%96%87%E6%97%85%20%E8%87%BA%E6%9D%B1%E7%B8%A3%E8%87%BA%E6%9D%B1%E5%B8%82%E4%B8%AD%E8%8F%AF%E8%B7%AF%E4%B8%80%E6%AE%B5237%E8%99%9F
15604,合悅都會商旅,新竹市北區,,,,,https://www.google.com/maps/search/?api=1&query=%E5%90%88%E6%82%85%E9%83%BD%E6%9C%83%E5%95%86%E6%97%85%20%E6%96%B0%E7%AB%B9%E5%B8%82%E5%8C%97%E5%8D%80%E8%A5%BF%E5%A4%A7%E8%B7%AF417%E8%99%9F
34294,嶼民宿,新北市瑞芳區,,,,,https://www.google.com/maps/search/?api=1&query=%E5%B6%BC%E6%B0%91%E5%AE%BF%20%E6%96%B0%E5%8C%97%E5%B8%82%E7%91%9E%E8%8A%B3%E5%8D%80%E8%A1%97%E9%A0%82%E5%B7%B732%E8%99%9F
15914,瓏山林台北中和飯店,新北市中和區,,,,,https://www.google.com/maps/search/?api=1&query=%E7%93%8F%E5%B1%B1%E6%9E%97%E5%8F%B0%E5%8C%97%E4%B8%AD%E5%92%8C%E9%A3%AF%E5%BA%97%20%E6%96%B0%E5%8C%97%E5%B8%82%E4%B8%AD%E5%92%8C%E5%8D%80%E4%B8%AD%E6%AD%A3%E8%B7%AF631%E8%99%9F1%E8%87%B312%E6%A8%93%EF%BC%88%E5%8C%85%E5%90%AB%E5%9C%B0%E4%B8%8B%EF%BC%91%E8%87%B3%EF%BC%93%E5%B1%A4%EF%BC%89
4657,頭等艙飯店綠園道館,臺中市西區,,,,,https://www.google.com/maps/search/?api=1&query=%E9%A0%AD%E7%AD%89%E8%89%99%E9%A3%AF%E5%BA%97%E7%B6%A0%E5%9C%92%E9%81%93%E9%A4%A8%20%E8%87%BA%E4%B8%AD%E5%B8%82%E8%A5%BF%E5%8D%80%E7%BE%8E%E6%9D%91%E8%B7%AF%E4%B8%80%E6%AE%B522%E8%99%9F4%E6%A8%93%E4%B9%8B1%E8%87%B34%E6%A8%93%E4%B9%8B104%E3%80%815%E6%A8%93%E4%B9%8B1%E8%87%B35%E6%A8%93%E4%B9%8B104
21183,亞伯大飯店,臺南市東區,,,,,https://www.google.com/maps/search/?api=1&query=%E4%BA%9E%E4%BC%AF%E5%A4%A7%E9%A3%AF%E5%BA%97%20%E8%87%BA%E5%8D%97%E5%B8%82%E6%9D%B1%E5%8D%80%E5%A4%A7%E5%90%8C%E8%B7%AF%E4%BA%8C%E6%AE%B5615%E8%99%9F3-4%E6%A8%93%E3%80%81617%E8%99%9F1-2%E6%A8%93
8689,津沙文化村,連江縣南竿鄉,,,,,https://www.google.com/maps/search/?api=1&query=%E6%B4%A5%E6%B2%99%E6%96%87%E5%8C%96%E6%9D%91%20%E9%80%A3%E6%B1%9F%E7%B8%A3%E5%8D%97%E7%AB%BF%E9%84%89%E6%B4%A5%E6%B2%99%E6%9D%9170%E8%99%9F
38088,快樂小築,宜蘭縣頭城鎮,,,,,https://www.google.com/maps/search/?api=1&query=%E5%BF%AB%E6%A8%82%E5%B0%8F%E7%AF%89%20%E5%AE%9C%E8%98%AD%E7%B8%A3%E9%A0%AD%E5%9F%8E%E9%8E%AE%E9%A0%AD%E6%BF%B1%E8%B7%AF%E4%BA%8C%E6%AE%B5208-1%E8%99%9F
1732,霽月山莊民宿,新竹縣新埔鎮,,,,,https://www.google.com/maps/search/?api=1&query=%E9%9C%BD%E6%9C%88%E5%B1%B1%E8%8E%8A%E6%B0%91%E5%AE%BF%20%E6%96%B0%E7%AB%B9%E7%B8%A3%E6%96%B0%E5%9F%94%E9%8E%AE%E7%85%A7%E9%96%80%E9%87%8C6%E9%84%B0%E4%B9%9D%E8%8A%8E%E6%B9%9615-7%E8%99%9F
32627,荷米輕新館,臺南市中西區,,,,,https://www.google.com/maps/search/?api=1&query=%E8%8D%B7%E7%B1%B3%E8%BC%95%E6%96%B0%E9%A4%A8%20%E8%87%BA%E5%8D%97%E5%B8%82%E4%B8%AD%E8%A5%BF%E5%8D%80%E5%BB%BA%E6%A5%AD%E8%A1%9739%E8%99%9F%E4%B9%8B2
26382,巨地花園渡假莊園,臺南市新市區,,,,,https://www.google.com/maps/search/?api=1&query=%E5%B7%A8%E5%9C%B0%E8%8A%B1%E5%9C%92%E6%B8%A1%E5%81%87%E8%8E%8A%E5%9C%92%20%E8%87%BA%E5%8D%97%E5%B8%82%E6%96%B0%E5%B8%82%E5%8D%80%E5%A4%A7%E7%87%9F%E9%87%8C16%E9%84%B0%E5%A4%A7%E7%87%9F133%E8%99%9F1%E8%87%B32%E6%A8%93%28A%E3%80%81B%E6%A3%9F%29
23991,八八古藝民宿三館,金門縣金寧鄉,,,,,https://www.google.com/maps/search/?api=1&query=%E5%85%AB%E5%85%AB%E5%8F%A4%E8%97%9D%E6%B0%91%E5%AE%BF%E4%B8%89%E9%A4%A8%20%E9%87%91%E9%96%80%E7%B8%A3%E9%87%91%E5%AF%A7%E9%84%89%E7%9B%A4%E5%B1%B1%E6%9D%91%E4%B8%8B%E5%A0%A181%E8%99%9F
31791,沃丘民宿,屏東縣恆春鎮,,,,,https://www.google.com/maps/search/?api=1&query=%E6%B2%83%E4%B8%98%E6%B0%91%E5%AE%BF%20%E5%B1%8F%E6%9D%B1%E7%B8%A3%E6%81%86%E6%98%A5%E9%8E%AE%E5%9B%9B%E6%BA%9D%E8%B7%AF76%E8%99%9F
32176,光粼民宿,花蓮縣花蓮市,,,,,https://www.google.com/maps/search/?api=1&query=%E5%85%89%E7%B2%BC%E6%B0%91%E5%AE%BF%20%E8%8A%B1%E8%93%AE%E7%B8%A3%E8%8A%B1%E8%93%AE%E5%B8%82%E4%B8%BB%E5%AE%89%E9%87%8C11%E9%84%B0%E4%B8%AD%E6%AD%A3%E8%B7%AF184%E5%B7%B732%E8%99%9F
36088,YOHO輕旅民宿,嘉義縣民雄鄉,,,,,https://www.google.com/maps/search/?api=1&query=YOHO%E8%BC%95%E6%97%85%E6%B0%91%E5%AE%BF%20%E5%98%89%E7%BE%A9%E7%B8%A3%E6%B0%91%E9%9B%84%E9%84%89%E6%9D%B1%E8%88%88%E6%9D%91%E8%91%89%E5%AD%90%E5%AF%AE25%E4%B9%8B10%E8%99%9F
3384,墾丁光現特色民宿,屏東縣恆春鎮,,,,,https://www.google.com/maps/search/?api=1&query=%E5%A2%BE%E4%B8%81%E5%85%89%E7%8F%BE%E7%89%B9%E8%89%B2%E6%B0%91%E5%AE%BF%20%E5%B1%8F%E6%9D%B1%E7%B8%A3%E6%81%86%E6%98%A5%E9%8E%AE%E5%A4%A7%E5%85%89%E8%B7%AF78%E4%B9%8B6%E8%99%9F
8314,天安居民宿,花蓮縣花蓮市,,,,,https://www.google.com/maps/search/?api=1&query=%E5%A4%A9%E5%AE%89%E5%B1%85%E6%B0%91%E5%AE%BF%20%E8%8A%B1%E8%93%AE%E7%B8%A3%E8%8A%B1%E8%93%AE%E5%B8%82%E4%B8%BB%E5%8A%9B%E9%87%8C%E5%9C%8B%E9%A2%A8%E8%A1%9721%E5%B7%B717%E8%99%9F
17431,恆春老街文化旅社,屏東縣恆春鎮,,,,,https://www.google.com/maps/search/?api=1&query=%E6%81%86%E6%98%A5%E8%80%81%E8%A1%97%E6%96%87%E5%8C%96%E6%97%85%E7%A4%BE%20%E5%B1%8F%E6%9D%B1%E7%B8%A3%E6%81%86%E6%98%A5%E9%8E%AE%E4%B8%AD%E5%B1%B1%E8%B7%AF41%E8%99%9F
9504,鈴之宇民宿,花蓮縣壽豐鄉,,,,,https://www.google.com/maps/search/?api=1&query=%E9%88%B4%E4%B9%8B%E5%AE%87%E6%B0%91%E5%AE%BF%20%E8%8A%B1%E8%93%AE%E7%B8%A3%E5%A3%BD%E8%B1%90%E9%84%89%E6%9C%88%E7%9C%89%E6%9D%91%E6%9C%88%E7%9C%89%E5%85%AD%E6%AE%B518%E8%99%9F
26125,莒光英雄館民宿,連江縣莒光鄉,,,,,https://www.google.com/maps/search/?api=1&query=%E8%8E%92%E5%85%89%E8%8B%B1%E9%9B%84%E9%A4%A8%E6%B0%91%E5%AE%BF%20%E9%80%A3%E6%B1%9F%E7%B8%A3%E8%8E%92%E5%85%89%E9%84%89%E5%A4%A7%E5%9D%AA%E6%9D%913-3%E8%99%9F
6083,赤樓古巷,臺南市中西區,,,,,https://www.google.com/maps/search/?api=1&query=%E8%B5%A4%E6%A8%93%E5%8F%A4%E5%B7%B7%20%E8%87%BA%E5%8D%97%E5%B8%82%E4%B8%AD%E8%A5%BF%E5%8D%80%E6%B0%91%E6%97%8F%E8%B7%AF%E4%BA%8C%E6%AE%B5317%E5%B7%B718%E8%99%9F
17918,柏竺山莊,苗栗縣三義鄉,,,,,https://www.google.com/maps/search/?api=1&query=%E6%9F%8F%E7%AB%BA%E5%B1%B1%E8%8E%8A%20%E8%8B%97%E6%A0%97%E7%B8%A3%E4%B8%89%E7%BE%A9%E9%84%89%E9%9B%99%E6%BD%AD%E6%9D%9113%E9%84%B0%E5%B4%A9%E5%B1%B1%E4%B8%8B10%E8%99%9F
4825,陽光味宿民宿,新北市瑞芳區,,,,,https://www.google.com/maps/search/?api=1&query=%E9%99%BD%E5%85%89%E5%91%B3%E5%AE%BF%E6%B0%91%E5%AE%BF%20%E6%96%B0%E5%8C%97%E5%B8%82%E7%91%9E%E8%8A%B3%E5%8D%80%E8%B1%8E%E5%B4%8E%E8%B7%AF56%E8%99%9F
26325,馬祖藍灣景觀餐廳民宿南館,連江縣南竿鄉,,,,,https://www.google.com/maps/search/?api=1&query=%E9%A6%AC%E7%A5%96%E8%97%8D%E7%81%A3%E6%99%AF%E8%A7%80%E9%A4%90%E5%BB%B3%E6%B0%91%E5%AE%BF%E5%8D%97%E9%A4%A8%20%E9%80%A3%E6%B1%9F%E7%B8%A3%E5%8D%97%E7%AB%BF%E9%84%89%E7%8F%A0%E8%9E%BA%E6%9D%9152-1%E8%99%9F
3653,伯爵民宿,金門縣金湖鎮,,,,,https://www.google.com/maps/search/?api=1&query=%E4%BC%AF%E7%88%B5%E6%B0%91%E5%AE%BF%20%E9%87%91%E9%96%80%E7%B8%A3%E9%87%91%E6%B9%96%E9%8E%AE%E6%96%B0%E6%B9%96%E9%87%8C%E5%A1%94%E5%90%8E47-11%E8%99%9F
4426,星夜神農,臺南市中西區,,,,,https://www.google.com/maps/search/?api=1&query=%E6%98%9F%E5%A4%9C%E7%A5%9E%E8%BE%B2%20%E8%87%BA%E5%8D%97%E5%B8%82%E4%B8%AD%E8%A5%BF%E5%8D%80%E6%B0%91%E6%AC%8A%E9%87%8C%E9%87%91%E8%8F%AF%E8%B7%AF%E5%9B%9B%E6%AE%B582%E8%99%9F
38259,金品旅店,屏東縣枋寮鄉,,,,,https://www.google.com/maps/search/?api=1&query=%E9%87%91%E5%93%81%E6%97%85%E5%BA%97%20%E5%B1%8F%E6%9D%B1%E7%B8%A3%E6%9E%8B%E5%AF%AE%E9%84%89%E5%83%91%E5%BE%B7%E8%B7%AF218%E8%99%9F
35031,穗美人民宿,花蓮縣瑞穗鄉,,,,,https://www.google.com/maps/search/?api=1&query=%E7%A9%97%E7%BE%8E%E4%BA%BA%E6%B0%91%E5%AE%BF%20%E8%8A%B1%E8%93%AE%E7%B8%A3%E7%91%9E%E7%A9%97%E9%84%89%E7%91%9E%E7%BE%8E%E6%9D%917%E9%84%B0%E4%B8%AD%E8%88%88%E8%B7%AF53%E8%99%9F
16654,金門老爺山莊,金門縣金湖鎮,,,,,https://www.google.com/maps/search/?api=1&query=%E9%87%91%E9%96%80%E8%80%81%E7%88%BA%E5%B1%B1%E8%8E%8A%20%E9%87%91%E9%96%80%E7%B8%A3%E9%87%91%E6%B9%96%E9%8E%AE%E7%93%8A%E6%9E%97%E9%87%8C%E7%8F%A9%E5%8E%9D1-1%E8%99%9F
20667,小敏民宿,花蓮縣吉安鄉,,,,,https://www.google.com/maps/search/?api=1&query=%E5%B0%8F%E6%95%8F%E6%B0%91%E5%AE%BF%20%E8%8A%B1%E8%93%AE%E7%B8%A3%E5%90%89%E5%AE%89%E9%84%89%E7%A6%8F%E8%88%88%E6%9D%91%E8%88%8A%E6%9D%91%E5%85%AD%E8%A1%97137%E8%99%9F
29883,小米那裡民宿,臺東縣臺東市,,,,,https://www.google.com/maps/search/?api=1&query=%E5%B0%8F%E7%B1%B3%E9%82%A3%E8%A3%A1%E6%B0%91%E5%AE%BF%20%E8%87%BA%E6%9D%B1%E7%B8%A3%E8%87%BA%E6%9D%B1%E5%B8%82%E5%B2%A9%E7%81%A3%E9%87%8C1%E9%84%B0%E8%88%88%E5%AE%89%E8%B7%AF%E4%B8%80%E6%AE%B5200%E5%B7%B721%E5%BC%8429%E8%99%9F
3896,杰克山莊大飯店,花蓮縣花蓮市,,,,,https://www.google.com/maps/search/?api=1&query=%E6%9D%B0%E5%85%8B%E5%B1%B1%E8%8E%8A%E5%A4%A7%E9%A3%AF%E5%BA%97%20%E8%8A%B1%E8%93%AE%E7%B8%A3%E8%8A%B1%E8%93%AE%E5%B8%82%E8%8A%B1%E8%93%AE%E5%B8%82%E6%B0%91%E6%97%8F%E9%87%8C8%E9%84%B0%E5%BE%A9%E8%88%88%E8%A1%9729%E8%99%9F
516,海墘民宿,屏東縣琉球鄉,,,,,https://www.google.com/maps/search/?api=1&query=%E6%B5%B7%E5%A2%98%E6%B0%91%E5%AE%BF%20%E5%B1%8F%E6%9D%B1%E7%B8%A3%E7%90%89%E7%90%83%E9%84%89%E4%B8%89%E6%B0%91%E8%B7%AF28%E8%99%9F
590,晶華酒店,臺北市中山區,,,,,https://www.google.com/maps/search/?api=1&query=%E6%99%B6%E8%8F%AF%E9%85%92%E5%BA%97%20%E8%87%BA%E5%8C%97%E5%B8%82%E4%B8%AD%E5%B1%B1%E5%8D%80%E4%B8%AD%E5%B1%B1%E5%8C%97%E8%B7%AF2%E6%AE%B539%E5%B7%B73%E8%99%9F
16280,23Here民宿,花蓮縣花蓮市,,,,,https://www.google.com/maps/search/?api=1&query=23Here%E6%B0%91%E5%AE%BF%20%E8%8A%B1%E8%93%AE%E7%B8%A3%E8%8A%B1%E8%93%AE%E5%B8%82%E5%9C%8B%E8%81%AF%E4%BA%94%E8%B7%AF23%E8%99%9F
320,十街民宿,花蓮縣花蓮市,,,,,https://www.google.com/maps/search/?api=1&query=%E5%8D%81%E8%A1%97%E6%B0%91%E5%AE%BF%20%E8%8A%B1%E8%93%AE%E7%B8%A3%E8%8A%B1%E8%93%AE%E5%B8%82%E5%9C%8B%E5%AF%8C%E9%87%8C%E5%9C%8B%E5%AF%8C%E5%8D%81%E8%A1%9739%E8%99%9F
7558,瑞穗天合國際觀光酒店,花蓮縣瑞穗鄉,,,,,https://www.google.com/maps/search/?api=1&query=%E7%91%9E%E7%A9%97%E5%A4%A9%E5%90%88%E5%9C%8B%E9%9A%9B%E8%A7%80%E5%85%89%E9%85%92%E5%BA%97%20%E8%8A%B1%E8%93%AE%E7%B8%A3%E7%91%9E%E7%A9%97%E9%84%89%E7%91%9E%E7%A5%A5%E6%9D%91%E6%BA%AB%E6%B3%89%E8%B7%AF2%E6%AE%B5368%E8%99%9F
26772,想窩11旅館,臺中市沙鹿區,,,,,https://www.google.com/maps/search/?api=1&query=%E6%83%B3%E7%AA%A911%E6%97%85%E9%A4%A8%20%E8%87%BA%E4%B8%AD%E5%B8%82%E6%B2%99%E9%B9%BF%E5%8D%80%E6%9D%B1%E6%99%89%E4%B8%80%E8%A1%9711%E8%99%9F%281~5%E6%A8%93%29
21502,凱撒大飯店,屏東縣恆春鎮,,,,,https://www.google.com/maps/search/?api=1&query=%E5%87%B1%E6%92%92%E5%A4%A7%E9%A3%AF%E5%BA%97%20%E5%B1%8F%E6%9D%B1%E7%B8%A3%E6%81%86%E6%98%A5%E9%8E%AE%E5%A2%BE%E4%B8%81%E8%B7%AF6%E8%99%9F
5032,覓夏旅店民宿,屏東縣恆春鎮,,,,,https://www.google.com/maps/search/?api=1&query=%E8%A6%93%E5%A4%8F%E6%97%85%E5%BA%97%E6%B0%91%E5%AE%BF%20%E5%B1%8F%E6%9D%B1%E7%B8%A3%E6%81%86%E6%98%A5%E9%8E%AE%E5%8D%97%E7%81%A3%E8%B7%AF104%E8%99%9F
33205,光域文旅民宿,花蓮縣花蓮市,,,,,https://www.google.com/maps/search/?api=1&query=%E5%85%89%E5%9F%9F%E6%96%87%E6%97%85%E6%B0%91%E5%AE%BF%20%E8%8A%B1%E8%93%AE%E7%B8%A3%E8%8A%B1%E8%93%AE%E5%B8%82%E4%B8%BB%E5%8A%9B%E9%87%8C15%E9%84%B0%E6%A6%AE%E6%AD%A3%E8%A1%97186%E5%B7%B72%E8%99%9F
3588,吾宅溜滑梯親子民宿,臺南市安平區,,,,,https://www.google.com/maps/search/?api=1&query=%E5%90%BE%E5%AE%85%E6%BA%9C%E6%BB%91%E6%A2%AF%E8%A6%AA%E5%AD%90%E6%B0%91%E5%AE%BF%20%E8%87%BA%E5%8D%97%E5%B8%82%E5%AE%89%E5%B9%B3%E5%8D%80%E6%85%B6%E5%B9%B3%E8%B7%AF110%E8%99%9F
39287,荷米輕洋樓,臺南市中西區,,,,,https://www.google.com/maps/search/?api=1&query=%E8%8D%B7%E7%B1%B3%E8%BC%95%E6%B4%8B%E6%A8%93%20%E8%87%BA%E5%8D%97%E5%B8%82%E4%B8%AD%E8%A5%BF%E5%8D%80%E6%96%B0%E7%BE%8E%E8%A1%97160%E8%99%9F
36366,日月戀海民宿,花蓮縣花蓮市,,,,,https://www.google.com/maps/search/?api=1&query=%E6%97%A5%E6%9C%88%E6%88%80%E6%B5%B7%E6%B0%91%E5%AE%BF%20%E8%8A%B1%E8%93%AE%E7%B8%A3%E8%8A%B1%E8%93%AE%E5%B8%82%E5%9C%8B%E7%9B%9B%E9%87%8C26%E9%84%B0%E5%9C%8B%E7%9B%9B%E4%B8%83%E8%A1%9741%E8%99%9F
14307,比歐緻居,高雄市新興區,,,,,https://www.google.com/maps/search/?api=1&query=%E6%AF%94%E6%AD%90%E7%B7%BB%E5%B1%85%20%E9%AB%98%E9%9B%84%E5%B8%82%E6%96%B0%E8%88%88%E5%8D%80%E4%B8%AD%E5%B1%B1%E4%B8%80%E8%B7%AF14%E4%B9%8B26%E8%99%9F
16389,愛力根汽車旅館,臺中市梧棲區,,,,,https://www.google.com/maps/search/?api=1&query=%E6%84%9B%E5%8A%9B%E6%A0%B9%E6%B1%BD%E8%BB%8A%E6%97%85%E9%A4%A8%20%E8%87%BA%E4%B8%AD%E5%B8%82%E6%A2%A7%E6%A3%B2%E5%8D%80%E6%B8%AF%E5%9F%A0%E8%B7%AF%E4%BA%8C%E6%AE%B5450%E8%99%9F
3800,九份高媽媽民宿,新北市瑞芳區,,,,,https://www.google.com/maps/search/?api=1&query=%E4%B9%9D%E4%BB%BD%E9%AB%98%E5%AA%BD%E5%AA%BD%E6%B0%91%E5%AE%BF%20%E6%96%B0%E5%8C%97%E5%B8%82%E7%91%9E%E8%8A%B3%E5%8D%80%E6%B1%BD%E8%BB%8A%E8%B7%AF7%E4%B9%8B5%E8%99%9F
4160,添福商務旅館,臺南市新營區,,,,,https://www.google.com/maps/search/?api=1&query=%E6%B7%BB%E7%A6%8F%E5%95%86%E5%8B%99%E6%97%85%E9%A4%A8%20%E8%87%BA%E5%8D%97%E5%B8%82%E6%96%B0%E7%87%9F%E5%8D%80%E4%B8%AD%E5%B1%B1%E8%B7%AF47%E3%80%8151%E8%99%9F
35405,神隱之月民宿,新北市瑞芳區,,,,,https://www.google.com/maps/search/?api=1&query=%E7%A5%9E%E9%9A%B1%E4%B9%8B%E6%9C%88%E6%B0%91%E5%AE%BF%20%E6%96%B0%E5%8C%97%E5%B8%82%E7%91%9E%E8%8A%B3%E5%8D%80%E6%B4%9E%E9%A0%82%E8%B7%AF253%E8%99%9F
22052,歸來民宿,澎湖縣馬公市,,,,,https://www.google.com/maps/search/?api=1&query=%E6%AD%B8%E4%BE%86%E6%B0%91%E5%AE%BF%20%E6%BE%8E%E6%B9%96%E7%B8%A3%E9%A6%AC%E5%85%AC%E5%B8%82%E8%A5%BF%E8%A1%9B%E9%87%8C26%E9%84%B0%E8%A5%BF%E8%A1%9B691%E8%99%9F
28341,六宿,臺南市北區,,,,,https://www.google.com/maps/search/?api=1&query=%E5%85%AD%E5%AE%BF%20%E8%87%BA%E5%8D%97%E5%B8%82%E5%8C%97%E5%8D%80%E5%85%AC%E5%9C%92%E5%8C%97%E8%B7%AF116%E5%B7%B77-1%E8%99%9F
19979,塔木德酒店-台中館,臺中市西屯區,,,,,https://www.google.com/maps/search/?api=1&query=%E5%A1%94%E6%9C%A8%E5%BE%B7%E9%85%92%E5%BA%97-%E5%8F%B0%E4%B8%AD%E9%A4%A8%20%E8%87%BA%E4%B8%AD%E5%B8%82%E8%A5%BF%E5%B1%AF%E5%8D%80%E8%A5%BF%E5%B1%AF%E8%B7%AF%E4%BA%8C%E6%AE%B5200%E8%99%9F
2630,Hana花宿民宿,屏東縣恆春鎮,,,,,https://www.google.com/maps/search/?api=1&query=Hana%E8%8A%B1%E5%AE%BF%E6%B0%91%E5%AE%BF%20%E5%B1%8F%E6%9D%B1%E7%B8%A3%E6%81%86%E6%98%A5%E9%8E%AE%E8%88%B9%E5%B8%86%E8%B7%AF846%E5%B7%B725%E8%99%9F
36858,洛津做夢,彰化縣鹿港鎮,,,,,https://www.google.com/maps/search/?api=1&query=%E6%B4%9B%E6%B4%A5%E5%81%9A%E5%A4%A2%20%E5%BD%B0%E5%8C%96%E7%B8%A3%E9%B9%BF%E6%B8%AF%E9%8E%AE%E4%B8%AD%E5%B1%B1%E8%B7%AF163%E8%99%9F
20885,纏民宿,臺東縣關山鎮,,,,,https://www.google.com/maps/search/?api=1&query=%E7%BA%8F%E6%B0%91%E5%AE%BF%20%E8%87%BA%E6%9D%B1%E7%B8%A3%E9%97%9C%E5%B1%B1%E9%8E%AE%E5%B4%81%E9%A0%8295-12%E8%99%9F
21594,旅行者之家民宿,花蓮縣花蓮市,,,,,https://www.google.com/maps/search/?api=1&query=%E6%97%85%E8%A1%8C%E8%80%85%E4%B9%8B%E5%AE%B6%E6%B0%91%E5%AE%BF%20%E8%8A%B1%E8%93%AE%E7%B8%A3%E8%8A%B1%E8%93%AE%E5%B8%82%E5%9C%8B%E8%81%AF%E9%87%8C15%E9%84%B0%E5%9C%8B%E8%81%AF%E4%BA%8C%E8%B7%AF82%E8%99%9F
30143,雀客童媽吉親子旅館,宜蘭縣羅東鎮,,,,,https://www.google.com/maps/search/?api=1&query=%E9%9B%80%E5%AE%A2%E7%AB%A5%E5%AA%BD%E5%90%89%E8%A6%AA%E5%AD%90%E6%97%85%E9%A4%A8%20%E5%AE%9C%E8%98%AD%E7%B8%A3%E7%BE%85%E6%9D%B1%E9%8E%AE%E5%A4%A7%E6%96%B0%E9%87%8C6%E9%84%B0%E5%AE%89%E5%B9%B3%E8%B7%AF16%E8%99%9F
4868,花蓮S.E.A.民宿,花蓮縣花蓮市,,,,,https://www.google.com/maps/search/?api=1&query=%E8%8A%B1%E8%93%AES.E.A.%E6%B0%91%E5%AE%BF%20%E8%8A%B1%E8%93%AE%E7%B8%A3%E8%8A%B1%E8%93%AE%E5%B8%82%E6%B0%91%E4%B8%BB%E9%87%8C5%E9%84%B0%E6%B5%B7%E6%BF%B1%E8%A1%9772%E8%99%9F
14279,華登商務大飯店,臺中市北屯區,,,,,https://www.google.com/maps/search/?api=1&query=%E8%8F%AF%E7%99%BB%E5%95%86%E5%8B%99%E5%A4%A7%E9%A3%AF%E5%BA%97%20%E8%87%BA%E4%B8%AD%E5%B8%82%E5%8C%97%E5%B1%AF%E5%8D%80%E7%80%8B%E9%99%BD%E8%B7%AF1%E6%AE%B584%E8%99%9F1%E8%87%B37%E6%A8%93
35682,邱比特民宿,屏東縣恆春鎮,,,,,https://www.google.com/maps/search/?api=1&query=%E9%82%B1%E6%AF%94%E7%89%B9%E6%B0%91%E5%AE%BF%20%E5%B1%8F%E6%9D%B1%E7%B8%A3%E6%81%86%E6%98%A5%E9%8E%AE%E6%81%86%E8%A5%BF%E8%B7%AF1%E5%B7%B75%E8%99%9F%E4%B9%8B8
26816,玹玹映月民宿,屏東縣恆春鎮,,,,,https://www.google.com/maps/search/?api=1&query=%E7%8E%B9%E7%8E%B9%E6%98%A0%E6%9C%88%E6%B0%91%E5%AE%BF%20%E5%B1%8F%E6%9D%B1%E7%B8%A3%E6%81%86%E6%98%A5%E9%8E%AE%E4%B8%8B%E6%B3%89%E8%B7%AF5-6%E8%99%9F
3074,祿宸衿后禾居,高雄市新興區,,,,,https://www.google.com/maps/search/?api=1&query=%E7%A5%BF%E5%AE%B8%E8%A1%BF%E5%90%8E%E7%A6%BE%E5%B1%85%20%E9%AB%98%E9%9B%84%E5%B8%82%E6%96%B0%E8%88%88%E5%8D%80%E5%BF%A0%E5%AD%9D%E4%B8%80%E8%B7%AF482%E8%99%9F
28286,奧麗雅安莊園民宿,臺東縣成功鎮,,,,,https://www.google.com/maps/search/?api=1&query=%E5%A5%A7%E9%BA%97%E9%9B%85%E5%AE%89%E8%8E%8A%E5%9C%92%E6%B0%91%E5%AE%BF%20%E8%87%BA%E6%9D%B1%E7%B8%A3%E6%88%90%E5%8A%9F%E9%8E%AE%E5%B0%8F%E9%A6%AC%E8%B7%AF134-18%E8%99%9F
14703,西文旅,臺南市中西區,,,,,https://www.google.com/maps/search/?api=1&query=%E8%A5%BF%E6%96%87%E6%97%85%20%E8%87%BA%E5%8D%97%E5%B8%82%E4%B8%AD%E8%A5%BF%E5%8D%80%E6%96%B0%E7%BE%8E%E8%A1%9715%E8%99%9F
15397,路境行旅-台南西門館,臺南市中西區,,,,,https://www.google.com/maps/search/?api=1&query=%E8%B7%AF%E5%A2%83%E8%A1%8C%E6%97%85-%E5%8F%B0%E5%8D%97%E8%A5%BF%E9%96%80%E9%A4%A8%20%E8%87%BA%E5%8D%97%E5%B8%82%E4%B8%AD%E8%A5%BF%E5%8D%80%E8%A5%BF%E9%96%80%E8%B7%AF%E4%BA%8C%E6%AE%B576%E8%99%9F
6292,君瑞精品旅店,臺中市東區,,,,,https://www.google.com/maps/search/?api=1&query=%E5%90%9B%E7%91%9E%E7%B2%BE%E5%93%81%E6%97%85%E5%BA%97%20%E8%87%BA%E4%B8%AD%E5%B8%82%E6%9D%B1%E5%8D%80%E5%BE%A9%E8%88%88%E8%B7%AF%E5%9B%9B%E6%AE%B5100%E8%99%9F9%E6%A8%93%E4%B9%8B1%E3%80%8110%E6%A8%93%E4%B9%8B1
32087,花藝雅築民宿,金門縣金湖鎮,,,,,https://www.google.com/maps/search/?api=1&query=%E8%8A%B1%E8%97%9D%E9%9B%85%E7%AF%89%E6%B0%91%E5%AE%BF%20%E9%87%91%E9%96%80%E7%B8%A3%E9%87%91%E6%B9%96%E9%8E%AE%E7%93%8A%E7%BE%A9%E8%B7%AF461%E8%99%9F%E3%80%81461%E8%99%9F2%E6%A8%93%E3%80%81461%E8%99%9F3%E6%A8%93
22017,森林鹿紅茶民宿,臺南市中西區,,,,,https://www.google.com/maps/search/?api=1&query=%E6%A3%AE%E6%9E%97%E9%B9%BF%E7%B4%85%E8%8C%B6%E6%B0%91%E5%AE%BF%20%E8%87%BA%E5%8D%97%E5%B8%82%E4%B8%AD%E8%A5%BF%E5%8D%80%E9%87%91%E8%8F%AF%E8%B7%AF%E5%9B%9B%E6%AE%B528%E8%99%9F
4388,煙波大飯店花蓮館,花蓮縣花蓮市,,,,,https://www.google.com/maps/search/?api=1&query=%E7%85%99%E6%B3%A2%E5%A4%A7%E9%A3%AF%E5%BA%97%E8%8A%B1%E8%93%AE%E9%A4%A8%20%E8%8A%B1%E8%93%AE%E7%B8%A3%E8%8A%B1%E8%93%AE%E5%B8%82%E6%B0%91%E7%AB%8B%E9%87%8C1%E9%84%B0%E4%B8%AD%E7%BE%8E%E8%B7%AF142%E8%99%9F
14049,金沙汽車旅館,臺中市北區,,,,,https://www.google.com/maps/search/?api=1&query=%E9%87%91%E6%B2%99%E6%B1%BD%E8%BB%8A%E6%97%85%E9%A4%A8%20%E8%87%BA%E4%B8%AD%E5%B8%82%E5%8C%97%E5%8D%80%E5%A4%AA%E5%B9%B3%E8%B7%AF201%E8%99%9F
779,SINGLE INN單人房,高雄市新興區,,,,,https://www.google.com/maps/search/?api=1&query=SINGLE%20INN%E5%96%AE%E4%BA%BA%E6%88%BF%20%E9%AB%98%E9%9B%84%E5%B8%82%E6%96%B0%E8%88%88%E5%8D%80%E6%9E%97%E6%A3%AE%E4%B8%80%E8%B7%AF267%E8%99%9F%E5%9C%B0%E4%B8%8B%E4%B8%80%E6%A8%93
34455,童玩樂親子旅宿2館,宜蘭縣羅東鎮,,,,,https://www.google.com/maps/search/?api=1&query=%E7%AB%A5%E7%8E%A9%E6%A8%82%E8%A6%AA%E5%AD%90%E6%97%85%E5%AE%BF2%E9%A4%A8%20%E5%AE%9C%E8%98%AD%E7%B8%A3%E7%BE%85%E6%9D%B1%E9%8E%AE%E5%80%89%E5%89%8D%E8%B7%AF83%E8%99%9F2%E6%A8%93
6695,公園６１號民宿,宜蘭縣羅東鎮,,,,,https://www.google.com/maps/search/?api=1&query=%E5%85%AC%E5%9C%92%EF%BC%96%EF%BC%91%E8%99%9F%E6%B0%91%E5%AE%BF%20%E5%AE%9C%E8%98%AD%E7%B8%A3%E7%BE%85%E6%9D%B1%E9%8E%AE%E5%BF%A0%E5%AD%9D%E6%96%B0%E6%9D%9161%E8%99%9F
28115,閒雲小居會館,臺中市中區,,,,,https://www.google.com/maps/search/?api=1&query=%E9%96%92%E9%9B%B2%E5%B0%8F%E5%B1%85%E6%9C%83%E9%A4%A8%20%E8%87%BA%E4%B8%AD%E5%B8%82%E4%B8%AD%E5%8D%80%E7%B9%BC%E5%85%89%E8%A1%97123%E8%99%9F2%E8%87%B36%E6%A8%93
2573,康橋商旅員林館,彰化縣員林市,,,,,https://www.google.com/maps/search/?api=1&query=%E5%BA%B7%E6%A9%8B%E5%95%86%E6%97%85%E5%93%A1%E6%9E%97%E9%A4%A8%20%E5%BD%B0%E5%8C%96%E7%B8%A3%E5%93%A1%E6%9E%97%E5%B8%82%E9%9D%9C%E4%BF%AE%E8%B7%AF12%E8%99%9F5-7%E6%A8%93
1768,單人房 SINGLE INN-站前館,高雄市新興區,,,,,https://www.google.com/maps/search/?api=1&query=%E5%96%AE%E4%BA%BA%E6%88%BF%20SINGLE%20INN-%E7%AB%99%E5%89%8D%E9%A4%A8%20%E9%AB%98%E9%9B%84%E5%B8%82%E6%96%B0%E8%88%88%E5%8D%80%E5%85%AB%E5%BE%B7%E4%B8%80%E8%B7%AF392%E8%99%9F
22621,雀客旅館新北蘆洲,新北市蘆洲區,,,,,https://www.google.com/maps/search/?api=1&query=%E9%9B%80%E5%AE%A2%E6%97%85%E9%A4%A8%E6%96%B0%E5%8C%97%E8%98%86%E6%B4%B2%20%E6%96%B0%E5%8C%97%E5%B8%82%E8%98%86%E6%B4%B2%E5%8D%80%E9%9B%86%E8%B3%A2%E8%B7%AF409%E8%99%9F2%E6%A8%93%281%E5%B1%A4%29%E3%80%813%E6%A8%93%E8%87%B39%E6%A8%93
4902,煙波大飯店蘇澳館,宜蘭縣蘇澳鎮,,,,,https://www.google.com/maps/search/?api=1&query=%E7%85%99%E6%B3%A2%E5%A4%A7%E9%A3%AF%E5%BA%97%E8%98%87%E6%BE%B3%E9%A4%A8%20%E5%AE%9C%E8%98%AD%E7%B8%A3%E8%98%87%E6%BE%B3%E9%8E%AE%E4%B8%AD%E6%AD%A3%E8%B7%AF38%E8%99%9F
16701,元氣滿屋民宿,花蓮縣秀林鄉,,,,,https://www.google.com/maps/search/?api=1&query=%E5%85%83%E6%B0%A3%E6%BB%BF%E5%B1%8B%E6%B0%91%E5%AE%BF%20%E8%8A%B1%E8%93%AE%E7%B8%A3%E7%A7%80%E6%9E%97%E9%84%89%E6%99%AF%E7%BE%8E%E6%9D%91%E5%8A%A0%E7%81%A3177%E4%B9%8B7%E8%99%9F
26819,棒棒積木飯店（親子館）,嘉義縣太保市,,,,,https://www.google.com/maps/search/?api=1&query=%E6%A3%92%E6%A3%92%E7%A9%8D%E6%9C%A8%E9%A3%AF%E5%BA%97%EF%BC%88%E8%A6%AA%E5%AD%90%E9%A4%A8%EF%BC%89%20%E5%98%89%E7%BE%A9%E7%B8%A3%E5%A4%AA%E4%BF%9D%E5%B8%82%E6%95%85%E5%AE%AE%E5%A4%A7%E9%81%93809-1%E8%99%9F
15761,緣羊軒民宿,臺東縣臺東市,,,,,https://www.google.com/maps/search/?api=1&query=%E7%B7%A3%E7%BE%8A%E8%BB%92%E6%B0%91%E5%AE%BF%20%E8%87%BA%E6%9D%B1%E7%B8%A3%E8%87%BA%E6%9D%B1%E5%B8%82%E5%8D%97%E4%B8%80%E8%A1%9796%E8%99%9F
9776,好望角民宿,宜蘭縣大同鄉,,,,,https://www.google.com/maps/search/?api=1&query=%E5%A5%BD%E6%9C%9B%E8%A7%92%E6%B0%91%E5%AE%BF%20%E5%AE%9C%E8%98%AD%E7%B8%A3%E5%A4%A7%E5%90%8C%E9%84%89%E6%9D%BE%E7%BE%85%E6%9D%91%E7%8E%89%E8%98%AD46%E8%99%9F
30687,達布旅,臺南市中西區,,,,,https://www.google.com/maps/search/?api=1&query=%E9%81%94%E5%B8%83%E6%97%85%20%E8%87%BA%E5%8D%97%E5%B8%82%E4%B8%AD%E8%A5%BF%E5%8D%80%E5%BF%A0%E6%98%8E%E8%A1%976%E8%99%9F
35439,田心仔民宿,嘉義縣溪口鄉,,,,,https://www.google.com/maps/search/?api=1&query=%E7%94%B0%E5%BF%83%E4%BB%94%E6%B0%91%E5%AE%BF%20%E5%98%89%E7%BE%A9%E7%B8%A3%E6%BA%AA%E5%8F%A3%E9%84%89%E6%9E%97%E8%85%B3%E6%9D%9114%E9%84%B0%E7%94%B0%E5%BF%83%E4%BB%9418%E8%99%9F
15161,蘭心山莊民宿,屏東縣枋寮鄉,,,,,https://www.google.com/maps/search/?api=1&query=%E8%98%AD%E5%BF%83%E5%B1%B1%E8%8E%8A%E6%B0%91%E5%AE%BF%20%E5%B1%8F%E6%9D%B1%E7%B8%A3%E6%9E%8B%E5%AF%AE%E9%84%89%E4%B8%AD%E6%AD%A3%E5%A4%A7%E8%B7%AF666-2%E8%99%9F
21668,田中央旅店,臺中市東區,,,,,https://www.google.com/maps/search/?api=1&query=%E7%94%B0%E4%B8%AD%E5%A4%AE%E6%97%85%E5%BA%97%20%E8%87%BA%E4%B8%AD%E5%B8%82%E6%9D%B1%E5%8D%80%E5%A4%A7%E6%99%BA%E8%B7%AF65%E8%99%9F1%E8%87%B311%E6%A8%93
34607,東美佇所民宿,臺東縣臺東市,,,,,https://www.google.com/maps/search/?api=1&query=%E6%9D%B1%E7%BE%8E%E4%BD%87%E6%89%80%E6%B0%91%E5%AE%BF%20%E8%87%BA%E6%9D%B1%E7%B8%A3%E8%87%BA%E6%9D%B1%E5%B8%82%E6%9D%AD%E5%B7%9E%E8%A1%97220%E5%B7%B718%E8%99%9F
17481,亞馨文創休閒旅館,花蓮縣花蓮市,,,,,https://www.google.com/maps/search/?api=1&query=%E4%BA%9E%E9%A6%A8%E6%96%87%E5%89%B5%E4%BC%91%E9%96%92%E6%97%85%E9%A4%A8%20%E8%8A%B1%E8%93%AE%E7%B8%A3%E8%8A%B1%E8%93%AE%E5%B8%82%E4%B8%BB%E5%AD%B8%E9%87%8C9%E9%84%B0%E4%B8%AD%E6%AD%A3%E8%B7%AF336%E5%B7%B71%E5%BC%841%E8%99%9F
19873,快樂腳旅棧,臺中市中區,,,,,https://www.google.com/maps/search/?api=1&query=%E5%BF%AB%E6%A8%82%E8%85%B3%E6%97%85%E6%A3%A7%20%E8%87%BA%E4%B8%AD%E5%B8%82%E4%B8%AD%E5%8D%80%E4%B8%AD%E8%8F%AF%E8%B7%AF%E4%B8%80%E6%AE%B5185%E8%99%9F9%E6%A8%93%E4%B9%8B1%E8%87%B39%E6%A8%93%E4%B9%8B16%E3%80%8110%E6%A8%93%E4%B9%8B1%E8%87%B310%E6%A8%93%E4%B9%8B17
6757,墾丁夏都沙灘酒店,屏東縣恆春鎮,,,,,https://www.google.com/maps/search/?api=1&query=%E5%A2%BE%E4%B8%81%E5%A4%8F%E9%83%BD%E6%B2%99%E7%81%98%E9%85%92%E5%BA%97%20%E5%B1%8F%E6%9D%B1%E7%B8%A3%E6%81%86%E6%98%A5%E9%8E%AE%E5%A2%BE%E4%B8%81%E8%B7%AF451%E8%99%9F
38514,Villa Samaya Awan 紗幔雅雲灣 B,宜蘭縣冬山鄉,,,,,https://www.google.com/maps/search/?api=1&query=Villa%20Samaya%20Awan%20%E7%B4%97%E5%B9%94%E9%9B%85%E9%9B%B2%E7%81%A3%20B%20%E5%AE%9C%E8%98%AD%E7%B8%A3%E5%86%AC%E5%B1%B1%E9%84%89%E4%B8%89%E9%A0%86%E8%B7%AF39%E5%B7%B79%E8%99%9F
37286,白袍斜老,南投縣竹山鎮,,,,,https://www.google.com/maps/search/?api=1&query=%E7%99%BD%E8%A2%8D%E6%96%9C%E8%80%81%20%E5%8D%97%E6%8A%95%E7%B8%A3%E7%AB%B9%E5%B1%B1%E9%8E%AE%E9%9B%B2%E6%9E%97%E9%87%8C16%E9%84%B0%E5%A4%A7%E6%98%8E%E8%B7%AF525%E5%B7%B716%E8%99%9F
8796,夏約民宿,金門縣金湖鎮,,,,,https://www.google.com/maps/search/?api=1&query=%E5%A4%8F%E7%B4%84%E6%B0%91%E5%AE%BF%20%E9%87%91%E9%96%80%E7%B8%A3%E9%87%91%E6%B9%96%E9%8E%AE%E5%A1%94%E5%90%8E158%E4%B9%8B7%E8%99%9F
26229,向草語蟲民宿,苗栗縣三義鄉,,,,,https://www.google.com/maps/search/?api=1&query=%E5%90%91%E8%8D%89%E8%AA%9E%E8%9F%B2%E6%B0%91%E5%AE%BF%20%E8%8B%97%E6%A0%97%E7%B8%A3%E4%B8%89%E7%BE%A9%E9%84%89%E5%8B%9D%E8%88%88%E6%9D%9113%E9%84%B0%E5%8B%9D%E8%88%8850%E4%B9%8B1%E8%99%9F
29090,水明漾私人VILLA,宜蘭縣三星鄉,,,,,https://www.google.com/maps/search/?api=1&query=%E6%B0%B4%E6%98%8E%E6%BC%BE%E7%A7%81%E4%BA%BAVILLA%20%E5%AE%9C%E8%98%AD%E7%B8%A3%E4%B8%89%E6%98%9F%E9%84%89%E5%B0%9A%E8%B2%B4%E8%B7%AF1%E6%AE%B589%E8%99%9F
28145,尚好居,宜蘭縣員山鄉,,,,,https://www.google.com/maps/search/?api=1&query=%E5%B0%9A%E5%A5%BD%E5%B1%85%20%E5%AE%9C%E8%98%AD%E7%B8%A3%E5%93%A1%E5%B1%B1%E9%84%89%E6%B7%B1%E6%B4%B2%E4%BA%8C%E8%B7%AF83%E8%99%9F
8779,悄悄話旅宿,臺中市后里區,,,,,https://www.google.com/maps/search/?api=1&query=%E6%82%84%E6%82%84%E8%A9%B1%E6%97%85%E5%AE%BF%20%E8%87%BA%E4%B8%AD%E5%B8%82%E5%90%8E%E9%87%8C%E5%8D%80%E5%AE%89%E7%9C%89%E8%B7%AF116%E5%B7%B7101%E8%99%9F
39072,曉園輕旅,金門縣金湖鎮,,,,,https://www.google.com/maps/search/?api=1&query=%E6%9B%89%E5%9C%92%E8%BC%95%E6%97%85%20%E9%87%91%E9%96%80%E7%B8%A3%E9%87%91%E6%B9%96%E9%8E%AE%E6%88%90%E5%8A%9F1%E4%B9%8B6%E8%99%9F
21724,臺邦商旅,臺南市安平區,,,,,https://www.google.com/maps/search/?api=1&query=%E8%87%BA%E9%82%A6%E5%95%86%E6%97%85%20%E8%87%BA%E5%8D%97%E5%B8%82%E5%AE%89%E5%B9%B3%E5%8D%80%E6%B0%B8%E8%8F%AF%E4%BA%8C%E8%A1%97199%E8%99%9F
21113,輕塵別院,宜蘭縣五結鄉,,,,,https://www.google.com/maps/search/?api=1&query=%E8%BC%95%E5%A1%B5%E5%88%A5%E9%99%A2%20%E5%AE%9C%E8%98%AD%E7%B8%A3%E4%BA%94%E7%B5%90%E9%84%89%E5%A4%A7%E5%90%89%E4%BA%94%E8%B7%AF157%E5%B7%B768%E8%99%9F
3680,富士都商務汽車會館,臺南市仁德區,,,,,https://www.google.com/maps/search/?api=1&query=%E5%AF%8C%E5%A3%AB%E9%83%BD%E5%95%86%E5%8B%99%E6%B1%BD%E8%BB%8A%E6%9C%83%E9%A4%A8%20%E8%87%BA%E5%8D%97%E5%B8%82%E4%BB%81%E5%BE%B7%E5%8D%80%E6%96%87%E8%8F%AF%E8%B7%AF%E4%B8%89%E6%AE%B5500%E8%99%9F
3867,川岸空中Ｖｉｌｌａ,宜蘭縣羅東鎮,,,,,https://www.google.com/maps/search/?api=1&query=%E5%B7%9D%E5%B2%B8%E7%A9%BA%E4%B8%AD%EF%BC%B6%EF%BD%89%EF%BD%8C%EF%BD%8C%EF%BD%81%20%E5%AE%9C%E8%98%AD%E7%B8%A3%E7%BE%85%E6%9D%B1%E9%8E%AE%E6%96%B0%E7%BE%A4%E5%8D%97%E8%B7%AF347%E5%B7%B782%E5%BC%848%E8%99%9F
6845,達斯旅店,臺中市西屯區,,,,,https://www.google.com/maps/search/?api=1&query=%E9%81%94%E6%96%AF%E6%97%85%E5%BA%97%20%E8%87%BA%E4%B8%AD%E5%B8%82%E8%A5%BF%E5%B1%AF%E5%8D%80%E8%A5%BF%E5%B9%B3%E9%87%8C%E9%80%A2%E7%94%B2%E8%B7%AF19%E5%B7%B716%E8%99%9F7%E6%A8%93%E4%B9%8B1%E8%87%B37%E6%A8%93%E4%B9%8B32%EF%BC%88%E5%85%B129%E6%88%B6%EF%BC%89
32855,山間一宿民宿,花蓮縣吉安鄉,,,,,https://www.google.com/maps/search/?api=1&query=%E5%B1%B1%E9%96%93%E4%B8%80%E5%AE%BF%E6%B0%91%E5%AE%BF%20%E8%8A%B1%E8%93%AE%E7%B8%A3%E5%90%89%E5%AE%89%E9%84%89%E7%A6%8F%E8%88%88%E6%9D%9111%E9%84%B0%E7%A6%8F%E6%98%8C%E4%B8%89%E8%A1%97270%E8%99%9F
34367,由扉寓所,臺中市西屯區,,,,,https://www.google.com/maps/search/?api=1&query=%E7%94%B1%E6%89%89%E5%AF%93%E6%89%80%20%E8%87%BA%E4%B8%AD%E5%B8%82%E8%A5%BF%E5%B1%AF%E5%8D%80%E6%BC%A2%E7%BF%94%E8%B7%AF111%E8%99%9F2%E6%A8%93%E4%B9%8B1%E8%87%B33%E3%80%812%E6%A8%93%E4%B9%8B5%E8%87%B311%E3%80%813%E6%A8%93%E4%B9%8B1%E8%87%B33%E3%80%813%E6%A8%93%E4%B9%8B5%E8%87%B310%E3%80%814%E6%A8%93%E4%B9%8B1%E8%87%B33%E3%80%814%E6%A8%93%E4%B9%8B5%E8%87%B311%E3%80%815%E6%A8%93%E4%B9%8B1%E8%87%B33%E3%80%815%E6%A8%93%E4%B9%8B5%E8%87%B310%E3%80%816%E6%A8%93%E4%B9%8B1%E8%87%B32%E3%80%816%E6%A8%93%E4%B9%8B5%E8%87%B36%E3%80%816%E6%A8%93%E4%B9%8B9%E8%87%B311%E5%8F%8A113%E8%99%9F
17776,海洋渡假村,澎湖縣馬公市,,,,,https://www.google.com/maps/search/?api=1&query=%E6%B5%B7%E6%B4%8B%E6%B8%A1%E5%81%87%E6%9D%91%20%E6%BE%8E%E6%B9%96%E7%B8%A3%E9%A6%AC%E5%85%AC%E5%B8%82%E5%95%9F%E6%98%8E%E9%87%8C%E8%87%A8%E6%B5%B7%E8%B7%AF3%E8%99%9F
198,夏樂民宿,屏東縣恆春鎮,,,,,https://www.google.com/maps/search/?api=1&query=%E5%A4%8F%E6%A8%82%E6%B0%91%E5%AE%BF%20%E5%B1%8F%E6%9D%B1%E7%B8%A3%E6%81%86%E6%98%A5%E9%8E%AE%E6%81%86%E8%A5%BF%E8%B7%AF33%E5%B7%B7123%E5%BC%848%E8%99%9F
38959,橙木隱園民宿,嘉義市西區,,,,,https://www.google.com/maps/search/?api=1&query=%E6%A9%99%E6%9C%A8%E9%9A%B1%E5%9C%92%E6%B0%91%E5%AE%BF%20%E5%98%89%E7%BE%A9%E5%B8%82%E8%A5%BF%E5%8D%80%E4%B8%AD%E5%A4%AE%E7%AC%AC%E4%B8%80%E5%95%86%E5%A0%B458%E8%99%9F
26015,Inn巷文創旅店,屏東縣恆春鎮,,,,,https://www.google.com/maps/search/?api=1&query=Inn%E5%B7%B7%E6%96%87%E5%89%B5%E6%97%85%E5%BA%97%20%E5%B1%8F%E6%9D%B1%E7%B8%A3%E6%81%86%E6%98%A5%E9%8E%AE%E8%88%88%E5%8C%97%E8%B7%AF%E8%88%88%E6%9D%B1%E5%B7%B79%E5%BC%8420%E8%99%9F
37175,牛角一邊厝,連江縣南竿鄉,,,,,https://www.google.com/maps/search/?api=1&query=%E7%89%9B%E8%A7%92%E4%B8%80%E9%82%8A%E5%8E%9D%20%E9%80%A3%E6%B1%9F%E7%B8%A3%E5%8D%97%E7%AB%BF%E9%84%89%E5%BE%A9%E8%88%88%E6%9D%91124%E8%99%9F
16160,福棧,臺中市大甲區,,,,,https://www.google.com/maps/search/?api=1&query=%E7%A6%8F%E6%A3%A7%20%E8%87%BA%E4%B8%AD%E5%B8%82%E5%A4%A7%E7%94%B2%E5%8D%80%E8%82%B2%E5%BE%B7%E8%B7%AF21%E8%99%9F
16425,探索汽車旅館永和館,新北市永和區,,,,,https://www.google.com/maps/search/?api=1&query=%E6%8E%A2%E7%B4%A2%E6%B1%BD%E8%BB%8A%E6%97%85%E9%A4%A8%E6%B0%B8%E5%92%8C%E9%A4%A8%20%E6%96%B0%E5%8C%97%E5%B8%82%E6%B0%B8%E5%92%8C%E5%8D%80%E4%BF%9D%E9%A0%86%E8%B7%AF27%E5%8F%8A31%E8%99%9F
34469,滿滿BNB民宿,南投縣水里鄉,,,,,https://www.google.com/maps/search/?api=1&query=%E6%BB%BF%E6%BB%BFBNB%E6%B0%91%E5%AE%BF%20%E5%8D%97%E6%8A%95%E7%B8%A3%E6%B0%B4%E9%87%8C%E9%84%89%E5%8C%97%E5%9F%94%E6%9D%91%E5%8D%9A%E6%84%9B%E8%B7%AF188%E8%99%9F
7348,余舍行旅,臺中市西屯區,,,,,https://www.google.com/maps/search/?api=1&query=%E4%BD%99%E8%88%8D%E8%A1%8C%E6%97%85%20%E8%87%BA%E4%B8%AD%E5%B8%82%E8%A5%BF%E5%B1%AF%E5%8D%80%E7%92%B0%E4%B8%AD%E8%B7%AF%E4%BA%8C%E6%AE%B51129%E8%99%9F
35928,九號和和民宿,臺南市安平區,,,,,https://www.google.com/maps/search/?api=1&query=%E4%B9%9D%E8%99%9F%E5%92%8C%E5%92%8C%E6%B0%91%E5%AE%BF%20%E8%87%BA%E5%8D%97%E5%B8%82%E5%AE%89%E5%B9%B3%E5%8D%80%E5%B7%9E%E5%B9%B3%E4%BA%8C%E8%A1%9753%E8%99%9F
38620,湘河,宜蘭縣員山鄉,,,,,https://www.google.com/maps/search/?api=1&query=%E6%B9%98%E6%B2%B3%20%E5%AE%9C%E8%98%AD%E7%B8%A3%E5%93%A1%E5%B1%B1%E9%84%89%E6%B7%B1%E6%B4%B2%E8%B7%AF179%E5%B7%B720%E8%99%9F
7258,長榮桂冠酒店(基隆),基隆市中正區,,,,,https://www.google.com/maps/search/?api=1&query=%E9%95%B7%E6%A6%AE%E6%A1%82%E5%86%A0%E9%85%92%E5%BA%97%28%E5%9F%BA%E9%9A%86%29%20%E5%9F%BA%E9%9A%86%E5%B8%82%E4%B8%AD%E6%AD%A3%E5%8D%80%E4%B8%AD%E6%AD%A3%E8%B7%AF62%E8%99%9F%E4%B9%8B1
3937,河堤墾丁渡假酒店,屏東縣恆春鎮,,,,,https://www.google.com/maps/search/?api=1&query=%E6%B2%B3%E5%A0%A4%E5%A2%BE%E4%B8%81%E6%B8%A1%E5%81%87%E9%85%92%E5%BA%97%20%E5%B1%8F%E6%9D%B1%E7%B8%A3%E6%81%86%E6%98%A5%E9%8E%AE%E6%81%86%E5%85%AC%E8%B7%AF1178%E8%99%9F2%E6%A8%93%2C1180%E8%99%9F1-15%E6%A8%93
37779,華宿彰濱快捷商旅,彰化縣線西鄉,,,,,https://www.google.com/maps/search/?api=1&query=%E8%8F%AF%E5%AE%BF%E5%BD%B0%E6%BF%B1%E5%BF%AB%E6%8D%B7%E5%95%86%E6%97%85%20%E5%BD%B0%E5%8C%96%E7%B8%A3%E7%B7%9A%E8%A5%BF%E9%84%89%E5%BD%B0%E5%8C%96%E7%B8%A3%E7%B7%9A%E8%A5%BF%E9%84%89%E6%85%B6%E6%BF%B1%E8%B7%AF6%E8%99%9F
21627,中科后豐會館,臺中市神岡區,,,,,https://www.google.com/maps/search/?api=1&query=%E4%B8%AD%E7%A7%91%E5%90%8E%E8%B1%90%E6%9C%83%E9%A4%A8%20%E8%87%BA%E4%B8%AD%E5%B8%82%E7%A5%9E%E5%B2%A1%E5%8D%80%E8%B1%90%E6%B4%B2%E9%87%8C%E4%BA%94%E6%AC%8A%E8%B7%AF128%E8%99%9F
15784,悅樂旅店,花蓮縣花蓮市,,,,,https://www.google.com/maps/search/?api=1&query=%E6%82%85%E6%A8%82%E6%97%85%E5%BA%97%20%E8%8A%B1%E8%93%AE%E7%B8%A3%E8%8A%B1%E8%93%AE%E5%B8%82%E4%B8%BB%E5%92%8C%E9%87%8C25%E9%84%B0%E4%B8%AD%E7%A6%8F%E8%B7%AF122%E8%99%9F
35844,朋友家民宿,屏東縣車城鄉,,,,,https://www.google.com/maps/search/?api=1&query=%E6%9C%8B%E5%8F%8B%E5%AE%B6%E6%B0%91%E5%AE%BF%20%E5%B1%8F%E6%9D%B1%E7%B8%A3%E8%BB%8A%E5%9F%8E%E9%84%89%E5%BF%A0%E5%AD%9D%E8%B7%AF96%E5%B7%B74%E8%99%9F
20189,維悅酒店,臺南市安平區,,,,,https://www.google.com/maps/search/?api=1&query=%E7%B6%AD%E6%82%85%E9%85%92%E5%BA%97%20%E8%87%BA%E5%8D%97%E5%B8%82%E5%AE%89%E5%B9%B3%E5%8D%80%E6%85%B6%E5%B9%B3%E8%B7%AF539%E8%99%9FB1%2C1-5%E6%A8%93
14257,檜之園民宿,花蓮縣吉安鄉,,,,,https://www.google.com/maps/search/?api=1&query=%E6%AA%9C%E4%B9%8B%E5%9C%92%E6%B0%91%E5%AE%BF%20%E8%8A%B1%E8%93%AE%E7%B8%A3%E5%90%89%E5%AE%89%E9%84%89%E5%8B%9D%E5%AE%89%E6%9D%91%E8%87%AA%E5%BC%B7%E8%B7%AF2%E8%99%9F
31446,馬祖藍灣景觀餐廳民宿南館2館,連江縣南竿鄉,,,,,https://www.google.com/maps/search/?api=1&query=%E9%A6%AC%E7%A5%96%E8%97%8D%E7%81%A3%E6%99%AF%E8%A7%80%E9%A4%90%E5%BB%B3%E6%B0%91%E5%AE%BF%E5%8D%97%E9%A4%A82%E9%A4%A8%20%E9%80%A3%E6%B1%9F%E7%B8%A3%E5%8D%97%E7%AB%BF%E9%84%89%E7%8F%A0%E8%9E%BA%E6%9D%9152%E8%99%9F
19877,芹壁地中海民宿,連江縣北竿鄉,,,,,https://www.google.com/maps/search/?api=1&query=%E8%8A%B9%E5%A3%81%E5%9C%B0%E4%B8%AD%E6%B5%B7%E6%B0%91%E5%AE%BF%20%E9%80%A3%E6%B1%9F%E7%B8%A3%E5%8C%97%E7%AB%BF%E9%84%89%E8%8A%B9%E5%A3%81%E6%9D%9168%E8%99%9F%28%E6%B0%B8%E5%BA%B7%E5%B1%85%29
26067,久窩行旅-一中館,臺中市北區,,,,,https://www.google.com/maps/search/?api=1&query=%E4%B9%85%E7%AA%A9%E8%A1%8C%E6%97%85-%E4%B8%80%E4%B8%AD%E9%A4%A8%20%E8%87%BA%E4%B8%AD%E5%B8%82%E5%8C%97%E5%8D%80%E4%B8%89%E6%B0%91%E8%B7%AF%E4%B8%89%E6%AE%B592-3%E8%99%9F9~10%E6%A8%93
21937,橘色,屏東縣恆春鎮,,,,,https://www.google.com/maps/search/?api=1&query=%E6%A9%98%E8%89%B2%20%E5%B1%8F%E6%9D%B1%E7%B8%A3%E6%81%86%E6%98%A5%E9%8E%AE%E6%81%86%E5%85%AC%E8%B7%AF208%E5%B7%B77%E8%99%9F
6790,沐蘭汽車旅館,臺中市西屯區,,,,,https://www.google.com/maps/search/?api=1&query=%E6%B2%90%E8%98%AD%E6%B1%BD%E8%BB%8A%E6%97%85%E9%A4%A8%20%E8%87%BA%E4%B8%AD%E5%B8%82%E8%A5%BF%E5%B1%AF%E5%8D%80%E5%B8%82%E6%94%BF%E8%B7%AF245%E8%99%9F
37455,漫居,臺南市中西區,,,,,https://www.google.com/maps/search/?api=1&query=%E6%BC%AB%E5%B1%85%20%E8%87%BA%E5%8D%97%E5%B8%82%E4%B8%AD%E8%A5%BF%E5%8D%80%E5%A4%A7%E5%9F%94%E8%A1%9732%E8%99%9F
2955,看山民宿,屏東縣車城鄉,,,,,https://www.google.com/maps/search/?api=1&query=%E7%9C%8B%E5%B1%B1%E6%B0%91%E5%AE%BF%20%E5%B1%8F%E6%9D%B1%E7%B8%A3%E8%BB%8A%E5%9F%8E%E9%84%89%E6%BA%AB%E6%B3%89%E8%B7%AF251-62%E8%99%9F
17613,米力旅店,臺中市西屯區,,,,,https://www.google.com/maps/search/?api=1&query=%E7%B1%B3%E5%8A%9B%E6%97%85%E5%BA%97%20%E8%87%BA%E4%B8%AD%E5%B8%82%E8%A5%BF%E5%B1%AF%E5%8D%80%E7%A6%8F%E6%98%9F%E5%8C%97%E4%B8%80%E8%A1%9715%E8%99%9F
25738,有空常來,臺南市中西區,,,,,https://www.google.com/maps/search/?api=1&query=%E6%9C%89%E7%A9%BA%E5%B8%B8%E4%BE%86%20%E8%87%BA%E5%8D%97%E5%B8%82%E4%B8%AD%E8%A5%BF%E5%8D%80%E5%AE%AE%E5%BE%8C%E8%A1%9713%E8%99%9F
7032,九乘九民宿,花蓮縣花蓮市,,,,,https://www.google.com/maps/search/?api=1&query=%E4%B9%9D%E4%B9%98%E4%B9%9D%E6%B0%91%E5%AE%BF%20%E8%8A%B1%E8%93%AE%E7%B8%A3%E8%8A%B1%E8%93%AE%E5%B8%82%E5%BA%9C%E5%89%8D%E8%B7%AF296%E5%B7%B75%E8%99%9F
9752,童伴親子民宿,花蓮縣新城鄉,,,,,https://www.google.com/maps/search/?api=1&query=%E7%AB%A5%E4%BC%B4%E8%A6%AA%E5%AD%90%E6%B0%91%E5%AE%BF%20%E8%8A%B1%E8%93%AE%E7%B8%A3%E6%96%B0%E5%9F%8E%E9%84%89%E5%8C%97%E5%9F%94%E6%9D%9123%E9%84%B0%E5%8C%97%E5%9F%94%E8%B7%AF163%E5%B7%B73%E5%BC%842%E8%99%9F
76,阿里巴巴運動休閒民宿,花蓮縣花蓮市,,,,,https://www.google.com/maps/search/?api=1&query=%E9%98%BF%E9%87%8C%E5%B7%B4%E5%B7%B4%E9%81%8B%E5%8B%95%E4%BC%91%E9%96%92%E6%B0%91%E5%AE%BF%20%E8%8A%B1%E8%93%AE%E7%B8%A3%E8%8A%B1%E8%93%AE%E5%B8%82%E4%B8%BB%E8%BE%B2%E9%87%8C%E4%B8%AD%E9%A0%86%E8%A1%97132%E8%99%9F
27183,上禾居,臺南市安平區,,,,,https://www.google.com/maps/search/?api=1&query=%E4%B8%8A%E7%A6%BE%E5%B1%85%20%E8%87%BA%E5%8D%97%E5%B8%82%E5%AE%89%E5%B9%B3%E5%8D%80%E4%B8%96%E5%B9%B3%E4%B8%80%E8%A1%978%E5%B7%B750%E8%99%9F
5534,雲那裡民宿,花蓮縣吉安鄉,,,,,https://www.google.com/maps/search/?api=1&query=%E9%9B%B2%E9%82%A3%E8%A3%A1%E6%B0%91%E5%AE%BF%20%E8%8A%B1%E8%93%AE%E7%B8%A3%E5%90%89%E5%AE%89%E9%84%89%E5%B9%B2%E5%9F%8E%E6%9D%91%E5%90%89%E5%AE%89%E8%B7%AF%E5%85%AD%E6%AE%B5646%E5%B7%B78%E8%99%9F
18694,柯達大飯店台北松江,臺北市中山區,,,,,https://www.google.com/maps/search/?api=1&query=%E6%9F%AF%E9%81%94%E5%A4%A7%E9%A3%AF%E5%BA%97%E5%8F%B0%E5%8C%97%E6%9D%BE%E6%B1%9F%20%E8%87%BA%E5%8C%97%E5%B8%82%E4%B8%AD%E5%B1%B1%E5%8D%80%E6%9D%BE%E6%B1%9F%E8%B7%AF251%E8%99%9F
35895,好咖民宿,屏東縣恆春鎮,,,,,https://www.google.com/maps/search/?api=1&query=%E5%A5%BD%E5%92%96%E6%B0%91%E5%AE%BF%20%E5%B1%8F%E6%9D%B1%E7%B8%A3%E6%81%86%E6%98%A5%E9%8E%AE%E6%81%86%E5%85%AC%E8%B7%AF208%E5%B7%B715%E5%BC%8430%E8%99%9F
9396,朝日溫泉民宿,新竹縣尖石鄉,,,,,https://www.google.com/maps/search/?api=1&query=%E6%9C%9D%E6%97%A5%E6%BA%AB%E6%B3%89%E6%B0%91%E5%AE%BF%20%E6%96%B0%E7%AB%B9%E7%B8%A3%E5%B0%96%E7%9F%B3%E9%84%89%E9%8C%A6%E5%B1%8F%E6%9D%914%E9%84%B032%E8%99%9F
18727,逢甲25行館,臺中市西屯區,,,,,https://www.google.com/maps/search/?api=1&query=%E9%80%A2%E7%94%B225%E8%A1%8C%E9%A4%A8%20%E8%87%BA%E4%B8%AD%E5%B8%82%E8%A5%BF%E5%B1%AF%E5%8D%80%E9%80%A2%E7%94%B2%E8%B7%AF301%E5%B7%B722%E5%BC%841%E8%99%9F%E5%8F%8A1%E8%99%9F2~6%E6%A8%93
15195,心想事成主題民宿,屏東縣恆春鎮,,,,,https://www.google.com/maps/search/?api=1&query=%E5%BF%83%E6%83%B3%E4%BA%8B%E6%88%90%E4%B8%BB%E9%A1%8C%E6%B0%91%E5%AE%BF%20%E5%B1%8F%E6%9D%B1%E7%B8%A3%E6%81%86%E6%98%A5%E9%8E%AE%E6%81%86%E8%A5%BF%E8%B7%AF33%E5%B7%B7123%E5%BC%842%E8%99%9F
17055,樂逸文旅-六合復興館,高雄市新興區,,,,,https://www.google.com/maps/search/?api=1&query=%E6%A8%82%E9%80%B8%E6%96%87%E6%97%85-%E5%85%AD%E5%90%88%E5%BE%A9%E8%88%88%E9%A4%A8%20%E9%AB%98%E9%9B%84%E5%B8%82%E6%96%B0%E8%88%88%E5%8D%80%E5%85%AD%E5%90%88%E4%B8%80%E8%B7%AF92%E8%99%9F3-10%E6%A8%93
3985,嘉億時尚大飯店,嘉義市西區,,,,,https://www.google.com/maps/search/?api=1&query=%E5%98%89%E5%84%84%E6%99%82%E5%B0%9A%E5%A4%A7%E9%A3%AF%E5%BA%97%20%E5%98%89%E7%BE%A9%E5%B8%82%E8%A5%BF%E5%8D%80%E6%B0%B8%E5%92%8C%E9%87%8C%E5%9E%82%E6%A5%8A%E8%B7%AF860%E8%99%9F1~3%E3%80%818~12%E5%B1%A4%E6%A8%93
31110,雀客藏居新北三重水漾,新北市三重區,,,,,https://www.google.com/maps/search/?api=1&query=%E9%9B%80%E5%AE%A2%E8%97%8F%E5%B1%85%E6%96%B0%E5%8C%97%E4%B8%89%E9%87%8D%E6%B0%B4%E6%BC%BE%20%E6%96%B0%E5%8C%97%E5%B8%82%E4%B8%89%E9%87%8D%E5%8D%80%E6%96%B0%E5%8C%97%E5%B8%82%E4%B8%89%E9%87%8D%E5%8D%80%E6%8D%B7%E9%81%8B%E8%B7%AF77%E8%99%9F2%E8%87%B317%E6%A8%93
33101,煙波大飯店花蓮太魯閣山闊館,花蓮縣新城鄉,,,,,https://www.google.com/maps/search/?api=1&query=%E7%85%99%E6%B3%A2%E5%A4%A7%E9%A3%AF%E5%BA%97%E8%8A%B1%E8%93%AE%E5%A4%AA%E9%AD%AF%E9%96%A3%E5%B1%B1%E9%97%8A%E9%A4%A8%20%E8%8A%B1%E8%93%AE%E7%B8%A3%E6%96%B0%E5%9F%8E%E9%84%89%E9%A0%86%E5%AE%89%E6%9D%916%E9%84%B0%E8%8D%89%E6%9E%9710%E4%B9%8B7%E8%99%9F
3017,市居民宿,花蓮縣玉里鎮,,,,,https://www.google.com/maps/search/?api=1&query=%E5%B8%82%E5%B1%85%E6%B0%91%E5%AE%BF%20%E8%8A%B1%E8%93%AE%E7%B8%A3%E7%8E%89%E9%87%8C%E9%8E%AE%E4%B8%AD%E5%B1%B1%E8%B7%AF%E4%BA%8C%E6%AE%B5121%E8%99%9F
30236,小逗民宿,臺東縣臺東市,,,,,https://www.google.com/maps/search/?api=1&query=%E5%B0%8F%E9%80%97%E6%B0%91%E5%AE%BF%20%E8%87%BA%E6%9D%B1%E7%B8%A3%E8%87%BA%E6%9D%B1%E5%B8%82%E5%9C%8B%E6%B3%B0%E8%A1%97123%E8%99%9F
9142,當歸民宿,嘉義縣番路鄉,,,,,https://www.google.com/maps/search/?api=1&query=%E7%95%B6%E6%AD%B8%E6%B0%91%E5%AE%BF%20%E5%98%89%E7%BE%A9%E7%B8%A3%E7%95%AA%E8%B7%AF%E9%84%89%E5%85%AC%E7%94%B0%E6%9D%91%E9%BE%8D%E9%A0%AD%E8%B7%AF18-4%E8%99%9F
8330,蔚藍海岸休閒SPA汽車旅館,基隆市安樂區,,,,,https://www.google.com/maps/search/?api=1&query=%E8%94%9A%E8%97%8D%E6%B5%B7%E5%B2%B8%E4%BC%91%E9%96%92SPA%E6%B1%BD%E8%BB%8A%E6%97%85%E9%A4%A8%20%E5%9F%BA%E9%9A%86%E5%B8%82%E5%AE%89%E6%A8%82%E5%8D%80%E6%AD%A6%E9%9A%86%E8%A1%9767%E8%99%9F
32650,二十五度日光民宿,屏東縣恆春鎮,,,,,https://www.google.com/maps/search/?api=1&query=%E4%BA%8C%E5%8D%81%E4%BA%94%E5%BA%A6%E6%97%A5%E5%85%89%E6%B0%91%E5%AE%BF%20%E5%B1%8F%E6%9D%B1%E7%B8%A3%E6%81%86%E6%98%A5%E9%8E%AE%E5%A4%A7%E5%9F%94%E8%B7%AF81-33%E8%99%9F
20840,三石山小棧,南投縣鹿谷鄉,,,,,https://www.google.com/maps/search/?api=1&query=%E4%B8%89%E7%9F%B3%E5%B1%B1%E5%B0%8F%E6%A3%A7%20%E5%8D%97%E6%8A%95%E7%B8%A3%E9%B9%BF%E8%B0%B7%E9%84%89%E5%92%8C%E9%9B%85%E6%9D%91%E6%84%9B%E9%84%89%E8%B7%AF2-16%E8%99%9F
9928,法托里亞民宿,花蓮縣花蓮市,,,,,https://www.google.com/maps/search/?api=1&query=%E6%B3%95%E6%89%98%E9%87%8C%E4%BA%9E%E6%B0%91%E5%AE%BF%20%E8%8A%B1%E8%93%AE%E7%B8%A3%E8%8A%B1%E8%93%AE%E5%B8%82%E5%9C%8B%E8%88%88%E4%B8%80%E8%A1%9718%E8%99%9F
28490,稻浪九五八民宿,臺東縣池上鄉,,,,,https://www.google.com/maps/search/?api=1&query=%E7%A8%BB%E6%B5%AA%E4%B9%9D%E4%BA%94%E5%85%AB%E6%B0%91%E5%AE%BF%20%E8%87%BA%E6%9D%B1%E7%B8%A3%E6%B1%A0%E4%B8%8A%E9%84%89%E7%A6%8F%E6%BA%90%E6%9D%915%E9%84%B0%E4%BB%81%E6%84%9B%E8%B7%AF10%E8%99%9F
38298,T&C 民宿,宜蘭縣五結鄉,,,,,https://www.google.com/maps/search/?api=1&query=T%26C%20%E6%B0%91%E5%AE%BF%20%E5%AE%9C%E8%98%AD%E7%B8%A3%E4%BA%94%E7%B5%90%E9%84%89%E4%B8%8B%E7%A6%8F%E6%9D%B1%E8%B7%AF23-2%E8%99%9F
34005,川岸民宿二館,宜蘭縣羅東鎮,,,,,https://www.google.com/maps/search/?api=1&query=%E5%B7%9D%E5%B2%B8%E6%B0%91%E5%AE%BF%E4%BA%8C%E9%A4%A8%20%E5%AE%9C%E8%98%AD%E7%B8%A3%E7%BE%85%E6%9D%B1%E9%8E%AE%E6%96%B0%E7%BE%A4%E5%8D%97%E8%B7%AF347%E5%B7%B782%E5%BC%841%E8%99%9F
34411,好時光電梯民宿,臺東縣臺東市,,,,,https://www.google.com/maps/search/?api=1&query=%E5%A5%BD%E6%99%82%E5%85%89%E9%9B%BB%E6%A2%AF%E6%B0%91%E5%AE%BF%20%E8%87%BA%E6%9D%B1%E7%B8%A3%E8%87%BA%E6%9D%B1%E5%B8%82%E5%8C%97%E5%AE%89%E8%B7%AF52%E5%B7%B7110%E8%99%9F
38512,Villa Samaya Awan 紗幔雅雲灣 A,宜蘭縣冬山鄉,,,,,https://www.google.com/maps/search/?api=1&query=Villa%20Samaya%20Awan%20%E7%B4%97%E5%B9%94%E9%9B%85%E9%9B%B2%E7%81%A3%20A%20%E5%AE%9C%E8%98%AD%E7%B8%A3%E5%86%AC%E5%B1%B1%E9%84%89%E4%B8%89%E9%A0%86%E8%B7%AF37%E8%99%9F
5133,山形閣,宜蘭縣礁溪鄉,,,,,https://www.google.com/maps/search/?api=1&query=%E5%B1%B1%E5%BD%A2%E9%96%A3%20%E5%AE%9C%E8%98%AD%E7%B8%A3%E7%A4%81%E6%BA%AA%E9%84%89%E4%B8%AD%E5%B1%B1%E8%B7%AF%E4%BA%8C%E6%AE%B5187%E8%99%9F
777,墾丁沐林會館,屏東縣恆春鎮,,,,,https://www.google.com/maps/search/?api=1&query=%E5%A2%BE%E4%B8%81%E6%B2%90%E6%9E%97%E6%9C%83%E9%A4%A8%20%E5%B1%8F%E6%9D%B1%E7%B8%A3%E6%81%86%E6%98%A5%E9%8E%AE%E6%81%86%E5%85%AC%E8%B7%AF230%E8%99%9F
2211,遇見，白居旅宿,屏東縣恆春鎮,,,,,https://www.google.com/maps/search/?api=1&query=%E9%81%87%E8%A6%8B%EF%BC%8C%E7%99%BD%E5%B1%85%E6%97%85%E5%AE%BF%20%E5%B1%8F%E6%9D%B1%E7%B8%A3%E6%81%86%E6%98%A5%E9%8E%AE%E5%8C%97%E9%96%80%E8%B7%AF110%E5%B7%B715%E8%99%9F
37002,集光悠宅,南投縣集集鎮,,,,,https://www.google.com/maps/search/?api=1&query=%E9%9B%86%E5%85%89%E6%82%A0%E5%AE%85%20%E5%8D%97%E6%8A%95%E7%B8%A3%E9%9B%86%E9%9B%86%E9%8E%AE%E6%9E%97%E5%B0%BE%E9%87%8C%E6%9E%97%E5%B0%BE%E4%B8%80%E8%A1%9723%E8%99%9F
8507,海韵閣民宿,臺東縣臺東市,,,,,https://www.google.com/maps/search/?api=1&query=%E6%B5%B7%E9%9F%B5%E9%96%A3%E6%B0%91%E5%AE%BF%20%E8%87%BA%E6%9D%B1%E7%B8%A3%E8%87%BA%E6%9D%B1%E5%B8%82%E7%9F%A5%E6%9C%AC%E8%B7%AF%E4%B8%89%E6%AE%B5398%E5%B7%B737%E8%99%9F
16763,悅豪大飯店,新竹市東區,,,,,https://www.google.com/maps/search/?api=1&query=%E6%82%85%E8%B1%AA%E5%A4%A7%E9%A3%AF%E5%BA%97%20%E6%96%B0%E7%AB%B9%E5%B8%82%E6%9D%B1%E5%8D%80%E5%BE%A9%E8%88%88%E8%B7%AF22%E8%99%9F
17303,台南老爺行旅,臺南市東區,,,,,https://www.google.com/maps/search/?api=1&query=%E5%8F%B0%E5%8D%97%E8%80%81%E7%88%BA%E8%A1%8C%E6%97%85%20%E8%87%BA%E5%8D%97%E5%B8%82%E6%9D%B1%E5%8D%80%E6%9D%B1%E5%85%89%E9%87%8C1%E9%84%B0%E4%B8%AD%E8%8F%AF%E6%9D%B1%E8%B7%AF%E4%B8%80%E6%AE%B5368%E8%99%9F1%E6%A8%93%E3%80%816%E6%A8%93%E8%87%B310%E6%A8%93
32786,厝旅店,屏東縣恆春鎮,,,,,https://www.google.com/maps/search/?api=1&query=%E5%8E%9D%E6%97%85%E5%BA%97%20%E5%B1%8F%E6%9D%B1%E7%B8%A3%E6%81%86%E6%98%A5%E9%8E%AE%E5%8D%97%E7%81%A3%E8%B7%AF130%E8%99%9F
32042,澳漫民宿,宜蘭縣冬山鄉,,,,,https://www.google.com/maps/search/?api=1&query=%E6%BE%B3%E6%BC%AB%E6%B0%91%E5%AE%BF%20%E5%AE%9C%E8%98%AD%E7%B8%A3%E5%86%AC%E5%B1%B1%E9%84%89%E8%A3%9C%E5%9F%8E%E8%B7%AF690%E8%99%9F
3720,臺中公園智選假日飯店,臺中市中區,,,,,https://www.google.com/maps/search/?api=1&query=%E8%87%BA%E4%B8%AD%E5%85%AC%E5%9C%92%E6%99%BA%E9%81%B8%E5%81%87%E6%97%A5%E9%A3%AF%E5%BA%97%20%E8%87%BA%E4%B8%AD%E5%B8%82%E4%B8%AD%E5%8D%80%E8%87%AA%E7%94%B1%E8%B7%AF2%E6%AE%B594%E8%99%9F1%2C3%2C4%2C5%2C12%2C13%E6%A8%93
6858,花蓮統茂渡假莊園,花蓮縣吉安鄉,,,,,https://www.google.com/maps/search/?api=1&query=%E8%8A%B1%E8%93%AE%E7%B5%B1%E8%8C%82%E6%B8%A1%E5%81%87%E8%8E%8A%E5%9C%92%20%E8%8A%B1%E8%93%AE%E7%B8%A3%E5%90%89%E5%AE%89%E9%84%89%E7%A8%BB%E9%A6%99%E6%9D%9122%E9%84%B0%E5%90%89%E8%B1%90%E8%B7%AF%E4%BA%8C%E6%AE%B5199%E8%99%9F
27533,巧人文旅民宿,南投縣魚池鄉,,,,,https://www.google.com/maps/search/?api=1&query=%E5%B7%A7%E4%BA%BA%E6%96%87%E6%97%85%E6%B0%91%E5%AE%BF%20%E5%8D%97%E6%8A%95%E7%B8%A3%E9%AD%9A%E6%B1%A0%E9%84%89%E9%AD%9A%E6%B1%A0%E6%9D%91%E6%96%B0%E5%BA%97%E5%B7%B725%E4%B9%8B18%E8%99%9F
958,雲朵朵民宿,宜蘭縣羅東鎮,,,,,https://www.google.com/maps/search/?api=1&query=%E9%9B%B2%E6%9C%B5%E6%9C%B5%E6%B0%91%E5%AE%BF%20%E5%AE%9C%E8%98%AD%E7%B8%A3%E7%BE%85%E6%9D%B1%E9%8E%AE%E5%8C%97%E6%8A%95%E8%A1%9770%E8%99%9F
38299,繽紛民宿,南投縣集集鎮,,,,,https://www.google.com/maps/search/?api=1&query=%E7%B9%BD%E7%B4%9B%E6%B0%91%E5%AE%BF%20%E5%8D%97%E6%8A%95%E7%B8%A3%E9%9B%86%E9%9B%86%E9%8E%AE%E6%9E%97%E5%B0%BE%E4%B8%80%E8%A1%9721%E8%99%9F
23303,魚池櫻宴民宿,南投縣魚池鄉,,,,,https://www.google.com/maps/search/?api=1&query=%E9%AD%9A%E6%B1%A0%E6%AB%BB%E5%AE%B4%E6%B0%91%E5%AE%BF%20%E5%8D%97%E6%8A%95%E7%B8%A3%E9%AD%9A%E6%B1%A0%E9%84%89%E9%AD%9A%E6%B1%A0%E6%9D%91%E9%AD%9A%E6%B1%A0%E8%A1%97362%E5%B7%B714%E8%99%9F
35216,大湖一品苑,苗栗縣大湖鄉,,,,,https://www.google.com/maps/search/?api=1&query=%E5%A4%A7%E6%B9%96%E4%B8%80%E5%93%81%E8%8B%91%20%E8%8B%97%E6%A0%97%E7%B8%A3%E5%A4%A7%E6%B9%96%E9%84%89%E9%9D%9C%E6%B9%96%E6%9D%915%E9%84%B0%E5%92%8C%E5%B9%B3%E8%B7%AF12%E8%99%9F
27789,呆整天民宿,屏東縣恆春鎮,,,,,https://www.google.com/maps/search/?api=1&query=%E5%91%86%E6%95%B4%E5%A4%A9%E6%B0%91%E5%AE%BF%20%E5%B1%8F%E6%9D%B1%E7%B8%A3%E6%81%86%E6%98%A5%E9%8E%AE%E6%81%86%E8%A5%BF%E8%B7%AF33%E5%B7%B7123%E5%BC%843%E8%99%9F
16113,牧光。角落民宿,臺東縣臺東市,,,,,https://www.google.com/maps/search/?api=1&query=%E7%89%A7%E5%85%89%E3%80%82%E8%A7%92%E8%90%BD%E6%B0%91%E5%AE%BF%20%E8%87%BA%E6%9D%B1%E7%B8%A3%E8%87%BA%E6%9D%B1%E5%B8%82%E5%9C%8B%E6%B3%B0%E8%A1%97113%E8%99%9F
6896,98旅店,屏東縣琉球鄉,,,,,https://www.google.com/maps/search/?api=1&query=98%E6%97%85%E5%BA%97%20%E5%B1%8F%E6%9D%B1%E7%B8%A3%E7%90%89%E7%90%83%E9%84%89%E7%9B%B8%E5%9F%94%E8%B7%AF98%E8%99%9F
1630,風尚會館,屏東縣恆春鎮,,,,,https://www.google.com/maps/search/?api=1&query=%E9%A2%A8%E5%B0%9A%E6%9C%83%E9%A4%A8%20%E5%B1%8F%E6%9D%B1%E7%B8%A3%E6%81%86%E6%98%A5%E9%8E%AE%E8%88%B9%E5%B8%86%E8%B7%AF676%E5%B7%B75-1%E8%99%9F
1458,路徒行旅-東大館,花蓮縣花蓮市,,,,,https://www.google.com/maps/search/?api=1&query=%E8%B7%AF%E5%BE%92%E8%A1%8C%E6%97%85-%E6%9D%B1%E5%A4%A7%E9%A4%A8%20%E8%8A%B1%E8%93%AE%E7%B8%A3%E8%8A%B1%E8%93%AE%E5%B8%82%E4%B8%BB%E5%95%86%E9%87%8C4%E9%84%B0%E5%85%89%E5%BE%A9%E8%A1%9745%E8%99%9F
7275,魚雅築渡假民宿,宜蘭縣冬山鄉,,,,,https://www.google.com/maps/search/?api=1&query=%E9%AD%9A%E9%9B%85%E7%AF%89%E6%B8%A1%E5%81%87%E6%B0%91%E5%AE%BF%20%E5%AE%9C%E8%98%AD%E7%B8%A3%E5%86%AC%E5%B1%B1%E9%84%89%E6%9F%AF%E6%9E%97%E6%9D%91%E5%85%89%E8%8F%AF%E4%B8%80%E8%B7%AF407%E8%99%9F
235,123會館,宜蘭縣五結鄉,,,,,https://www.google.com/maps/search/?api=1&query=123%E6%9C%83%E9%A4%A8%20%E5%AE%9C%E8%98%AD%E7%B8%A3%E4%BA%94%E7%B5%90%E9%84%89%E5%85%AC%E5%9C%92%E4%B8%80%E8%B7%AF18%E8%99%9F
16116,松柏林民宿,高雄市六龜區,,,,,https://www.google.com/maps/search/?api=1&query=%E6%9D%BE%E6%9F%8F%E6%9E%97%E6%B0%91%E5%AE%BF%20%E9%AB%98%E9%9B%84%E5%B8%82%E5%85%AD%E9%BE%9C%E5%8D%80%E8%88%88%E9%BE%8D%E9%87%8C3%E9%84%B0%E5%9C%9F%E5%A3%9F37-8%E8%99%9F
38735,緩寓,新北市瑞芳區,,,,,https://www.google.com/maps/search/?api=1&query=%E7%B7%A9%E5%AF%93%20%E6%96%B0%E5%8C%97%E5%B8%82%E7%91%9E%E8%8A%B3%E5%8D%80%E7%83%8F%E5%8B%A2%E5%B7%B757%E8%99%9F
4977,高雄福華大飯店,高雄市新興區,,,,,https://www.google.com/maps/search/?api=1&query=%E9%AB%98%E9%9B%84%E7%A6%8F%E8%8F%AF%E5%A4%A7%E9%A3%AF%E5%BA%97%20%E9%AB%98%E9%9B%84%E5%B8%82%E6%96%B0%E8%88%88%E5%8D%80%E4%B8%83%E8%B3%A2%E4%B8%80%E8%B7%AF311%E8%99%9F
2133,月兒田,宜蘭縣礁溪鄉,,,,,https://www.google.com/maps/search/?api=1&query=%E6%9C%88%E5%85%92%E7%94%B0%20%E5%AE%9C%E8%98%AD%E7%B8%A3%E7%A4%81%E6%BA%AA%E9%84%89%E7%8E%89%E5%85%89%E6%9D%91%E7%91%AA%E5%83%AF%E8%B7%AF35-22%E8%99%9F
1914,微醺,金門縣金城鎮,,,,,https://www.google.com/maps/search/?api=1&query=%E5%BE%AE%E9%86%BA%20%E9%87%91%E9%96%80%E7%B8%A3%E9%87%91%E5%9F%8E%E9%8E%AE%E5%8F%A4%E5%9F%8E%E9%87%8C6%E9%84%B0%E9%87%91%E9%96%80%E5%9F%8E68%E4%B9%8B3%E8%99%9F
36613,壹貳貳洋樓,嘉義市東區,,,,,https://www.google.com/maps/search/?api=1&query=%E5%A3%B9%E8%B2%B3%E8%B2%B3%E6%B4%8B%E6%A8%93%20%E5%98%89%E7%BE%A9%E5%B8%82%E6%9D%B1%E5%8D%80%E5%9C%8B%E8%8F%AF%E8%A1%97122%E8%99%9F
37553,津沙小筑,連江縣南竿鄉,,,,,https://www.google.com/maps/search/?api=1&query=%E6%B4%A5%E6%B2%99%E5%B0%8F%E7%AD%91%20%E9%80%A3%E6%B1%9F%E7%B8%A3%E5%8D%97%E7%AB%BF%E9%84%89%E6%B4%A5%E6%B2%99%E6%9D%91101-1%E8%99%9F
22725,禾家商旅,苗栗縣苗栗市,,,,,https://www.google.com/maps/search/?api=1&query=%E7%A6%BE%E5%AE%B6%E5%95%86%E6%97%85%20%E8%8B%97%E6%A0%97%E7%B8%A3%E8%8B%97%E6%A0%97%E5%B8%82%E5%BB%BA%E5%8A%9F%E9%87%8C%E5%BF%A0%E5%AD%9D%E8%B7%AF77%E8%99%9F
1675,欖人生態民宿,臺南市七股區,,,,,https://www.google.com/maps/search/?api=1&query=%E6%AC%96%E4%BA%BA%E7%94%9F%E6%85%8B%E6%B0%91%E5%AE%BF%20%E8%87%BA%E5%8D%97%E5%B8%82%E4%B8%83%E8%82%A1%E5%8D%80%E5%8D%81%E4%BB%BD%E9%87%8C13%E9%84%B0%E5%8D%81%E4%BB%BD74%E8%99%9F%E4%B9%8B10
30106,埔里城民宿,南投縣埔里鎮,,,,,https://www.google.com/maps/search/?api=1&query=%E5%9F%94%E9%87%8C%E5%9F%8E%E6%B0%91%E5%AE%BF%20%E5%8D%97%E6%8A%95%E7%B8%A3%E5%9F%94%E9%87%8C%E9%8E%AE%E5%8C%97%E6%A2%85%E9%87%8C%E8%A5%BF%E5%AE%89%E8%B7%AF%E4%B8%80%E6%AE%B5306%E8%99%9F
36538,八八金歐(王金城)洋樓民宿,金門縣金沙鎮,,,,,https://www.google.com/maps/search/?api=1&query=%E5%85%AB%E5%85%AB%E9%87%91%E6%AD%90%28%E7%8E%8B%E9%87%91%E5%9F%8E%29%E6%B4%8B%E6%A8%93%E6%B0%91%E5%AE%BF%20%E9%87%91%E9%96%80%E7%B8%A3%E9%87%91%E6%B2%99%E9%8E%AE%E5%90%8E%E5%AE%852%E8%99%9F
5772,飛螢農莊,苗栗縣通霄鎮,,,,,https://www.google.com/maps/search/?api=1&query=%E9%A3%9B%E8%9E%A2%E8%BE%B2%E8%8E%8A%20%E8%8B%97%E6%A0%97%E7%B8%A3%E9%80%9A%E9%9C%84%E9%8E%AE%E7%A6%8F%E8%88%88%E9%87%8C11%E9%84%B0%E7%A6%8F%E8%88%88126%E8%99%9F
593,葉綠宿 台中車站館,臺中市中區,,,,,https://www.google.com/maps/search/?api=1&query=%E8%91%89%E7%B6%A0%E5%AE%BF%20%E5%8F%B0%E4%B8%AD%E8%BB%8A%E7%AB%99%E9%A4%A8%20%E8%87%BA%E4%B8%AD%E5%B8%82%E4%B8%AD%E5%8D%80%E5%BB%BA%E5%9C%8B%E8%B7%AF173%E8%99%9F
7793,牛奶糖民宿,屏東縣恆春鎮,,,,,https://www.google.com/maps/search/?api=1&query=%E7%89%9B%E5%A5%B6%E7%B3%96%E6%B0%91%E5%AE%BF%20%E5%B1%8F%E6%9D%B1%E7%B8%A3%E6%81%86%E6%98%A5%E9%8E%AE%E5%8C%97%E9%96%80%E8%B7%AF32%2C34%E8%99%9F
21310,二十輪旅店,臺北市萬華區,,,,,https://www.google.com/maps/search/?api=1&query=%E4%BA%8C%E5%8D%81%E8%BC%AA%E6%97%85%E5%BA%97%20%E8%87%BA%E5%8C%97%E5%B8%82%E8%90%AC%E8%8F%AF%E5%8D%80%E6%AD%A6%E6%98%8C%E8%A1%97%E4%BA%8C%E6%AE%B572%E8%99%9F5%E6%A8%93%E3%80%816%E6%A8%93%E3%80%8110%E6%A8%93
9932,香狄亞民宿,宜蘭縣羅東鎮,,,,,https://www.google.com/maps/search/?api=1&query=%E9%A6%99%E7%8B%84%E4%BA%9E%E6%B0%91%E5%AE%BF%20%E5%AE%9C%E8%98%AD%E7%B8%A3%E7%BE%85%E6%9D%B1%E9%8E%AE%E5%9B%9B%E7%B6%AD%E8%B7%AF100%E8%99%9F
21185,幸福肥屋民宿,臺東縣臺東市,,,,,https://www.google.com/maps/search/?api=1&query=%E5%B9%B8%E7%A6%8F%E8%82%A5%E5%B1%8B%E6%B0%91%E5%AE%BF%20%E8%87%BA%E6%9D%B1%E7%B8%A3%E8%87%BA%E6%9D%B1%E5%B8%82%E6%9B%B4%E7%94%9F%E5%8C%97%E8%B7%AF293%E5%B7%B710%E8%99%9F
4898,夏綠地民宿,屏東縣恆春鎮,,,,,https://www.google.com/maps/search/?api=1&query=%E5%A4%8F%E7%B6%A0%E5%9C%B0%E6%B0%91%E5%AE%BF%20%E5%B1%8F%E6%9D%B1%E7%B8%A3%E6%81%86%E6%98%A5%E9%8E%AE%E7%A4%BE%E8%88%88%E8%B7%AF156%E8%99%9F
8741,煙波大飯店宜蘭館,宜蘭縣宜蘭市,,,,,https://www.google.com/maps/search/?api=1&query=%E7%85%99%E6%B3%A2%E5%A4%A7%E9%A3%AF%E5%BA%97%E5%AE%9C%E8%98%AD%E9%A4%A8%20%E5%AE%9C%E8%98%AD%E7%B8%A3%E5%AE%9C%E8%98%AD%E5%B8%82%E5%87%B1%E6%97%8B%E8%B7%AF135%E8%99%9F%E3%80%81135%E8%99%9F2%E8%87%B39%E6%A8%93
5771,柯達大飯店(永和店),新北市永和區,,,,,https://www.google.com/maps/search/?api=1&query=%E6%9F%AF%E9%81%94%E5%A4%A7%E9%A3%AF%E5%BA%97%28%E6%B0%B8%E5%92%8C%E5%BA%97%29%20%E6%96%B0%E5%8C%97%E5%B8%82%E6%B0%B8%E5%92%8C%E5%8D%80%E6%B0%B8%E5%92%8C%E8%B7%AF1%E6%AE%B5103%E8%99%9F
21821,福爾摩莎民宿,南投縣仁愛鄉,,,,,https://www.google.com/maps/search/?api=1&query=%E7%A6%8F%E7%88%BE%E6%91%A9%E8%8E%8E%E6%B0%91%E5%AE%BF%20%E5%8D%97%E6%8A%95%E7%B8%A3%E4%BB%81%E6%84%9B%E9%84%89%E5%A4%A7%E5%90%8C%E6%9D%91%E4%BB%81%E5%92%8C%E8%B7%AF223-1%E8%99%9F
2444,勝華大飯店,南投縣信義鄉,,,,,https://www.google.com/maps/search/?api=1&query=%E5%8B%9D%E8%8F%AF%E5%A4%A7%E9%A3%AF%E5%BA%97%20%E5%8D%97%E6%8A%95%E7%B8%A3%E4%BF%A1%E7%BE%A9%E9%84%89%E6%9D%B1%E5%9F%94%E6%9D%91%E9%96%8B%E9%AB%98%E5%B7%B760%E8%99%9F
3809,采岩汽車旅館,臺中市北屯區,,,,,https://www.google.com/maps/search/?api=1&query=%E9%87%87%E5%B2%A9%E6%B1%BD%E8%BB%8A%E6%97%85%E9%A4%A8%20%E8%87%BA%E4%B8%AD%E5%B8%82%E5%8C%97%E5%B1%AF%E5%8D%80%E5%B4%87%E5%BE%B7%E8%B7%AF%E4%B8%89%E6%AE%B5111%E8%99%9F
13718,松鶴雅緻商務旅館,澎湖縣馬公市,,,,,https://www.google.com/maps/search/?api=1&query=%E6%9D%BE%E9%B6%B4%E9%9B%85%E7%B7%BB%E5%95%86%E5%8B%99%E6%97%85%E9%A4%A8%20%E6%BE%8E%E6%B9%96%E7%B8%A3%E9%A6%AC%E5%85%AC%E5%B8%82%E9%99%BD%E6%98%8E%E9%87%8C%E6%96%B0%E6%98%8E%E8%B7%AF21%E8%99%9F7%E6%A8%93
13801,雅薇精品休閒旅館-凱御旅店,南投縣名間鄉,,,,,https://www.google.com/maps/search/?api=1&query=%E9%9B%85%E8%96%87%E7%B2%BE%E5%93%81%E4%BC%91%E9%96%92%E6%97%85%E9%A4%A8-%E5%87%B1%E5%BE%A1%E6%97%85%E5%BA%97%20%E5%8D%97%E6%8A%95%E7%B8%A3%E5%90%8D%E9%96%93%E9%84%89%E6%96%B0%E8%A1%97%E6%9D%91%E5%BD%B0%E5%8D%97%E8%B7%AF556%E8%99%9F
10433,馥格堡酒店,臺中市西區,,,,,https://www.google.com/maps/search/?api=1&query=%E9%A6%A5%E6%A0%BC%E5%A0%A1%E9%85%92%E5%BA%97%20%E8%87%BA%E4%B8%AD%E5%B8%82%E8%A5%BF%E5%8D%80%E7%BE%8E%E6%9D%91%E8%B7%AF%E4%B8%80%E6%AE%B522%E8%99%9F3%E6%A8%93%E4%B9%8B1%E8%87%B33%E6%A8%93%E4%B9%8B111
10444,府城商旅,臺南市東區,,,,,https://www.google.com/maps/search/?api=1&query=%E5%BA%9C%E5%9F%8E%E5%95%86%E6%97%85%20%E8%87%BA%E5%8D%97%E5%B8%82%E6%9D%B1%E5%8D%80%E5%B4%87%E5%AD%B8%E9%87%8C%E6%A6%AE%E8%AD%BD%E8%A1%97292%E8%99%9F
13574,懷鄉園渡假別墅,宜蘭縣礁溪鄉,,,,,https://www.google.com/maps/search/?api=1&query=%E6%87%B7%E9%84%89%E5%9C%92%E6%B8%A1%E5%81%87%E5%88%A5%E5%A2%85%20%E5%AE%9C%E8%98%AD%E7%B8%A3%E7%A4%81%E6%BA%AA%E9%84%89%E4%BA%8C%E9%BE%8D%E6%9D%91%E6%B7%87%E6%AD%A6%E8%98%AD%E8%B7%AF12-1%E8%99%9F
13560,國妃鷹堡汽車旅館,臺南市南區,,,,,https://www.google.com/maps/search/?api=1&query=%E5%9C%8B%E5%A6%83%E9%B7%B9%E5%A0%A1%E6%B1%BD%E8%BB%8A%E6%97%85%E9%A4%A8%20%E8%87%BA%E5%8D%97%E5%B8%82%E5%8D%97%E5%8D%80%E5%81%A5%E5%BA%B7%E8%B7%AF%E4%BA%8C%E6%AE%B5500%2C502%E8%99%9F
13214,玉榮府,金門縣金寧鄉,,,,,https://www.google.com/maps/search/?api=1&query=%E7%8E%89%E6%A6%AE%E5%BA%9C%20%E9%87%91%E9%96%80%E7%B8%A3%E9%87%91%E5%AF%A7%E9%84%89%E7%9B%A4%E5%B1%B1%E6%9D%91%E4%B8%8B%E5%A0%A147%E8%99%9F
10140,城市物語民宿,花蓮縣花蓮市,,,,,https://www.google.com/maps/search/?api=1&query=%E5%9F%8E%E5%B8%82%E7%89%A9%E8%AA%9E%E6%B0%91%E5%AE%BF%20%E8%8A%B1%E8%93%AE%E7%B8%A3%E8%8A%B1%E8%93%AE%E5%B8%82%E4%BF%A1%E7%BE%A9%E8%A1%9736-6%E8%99%9F
10032,台北漢來大飯店,臺北市南港區,,,,,https://www.google.com/maps/search/?api=1&query=%E5%8F%B0%E5%8C%97%E6%BC%A2%E4%BE%86%E5%A4%A7%E9%A3%AF%E5%BA%97%20%E8%87%BA%E5%8C%97%E5%B8%82%E5%8D%97%E6%B8%AF%E5%8D%80%E7%B6%93%E8%B2%BF%E4%B8%80%E8%B7%AF168%E8%99%9F
1247,Ｆ１民宿,宜蘭縣五結鄉,,,,,https://www.google.com/maps/search/?api=1&query=%EF%BC%A6%EF%BC%91%E6%B0%91%E5%AE%BF%20%E5%AE%9C%E8%98%AD%E7%B8%A3%E4%BA%94%E7%B5%90%E9%84%89%E5%85%AC%E5%9C%92%E4%B8%89%E8%B7%AF107%E8%99%9F
13572,貓天空鄉村民宿,宜蘭縣三星鄉,,,,,https://www.google.com/maps/search/?api=1&query=%E8%B2%93%E5%A4%A9%E7%A9%BA%E9%84%89%E6%9D%91%E6%B0%91%E5%AE%BF%20%E5%AE%9C%E8%98%AD%E7%B8%A3%E4%B8%89%E6%98%9F%E9%84%89%E8%A1%8C%E5%81%A5%E6%9D%91%E8%A1%8C%E5%81%A5%E4%BA%94%E8%B7%AF88%E5%B7%B715%E8%99%9F
13408,一起一起旅店-花蓮中山館,花蓮縣花蓮市,,,,,https://www.google.com/maps/search/?api=1&query=%E4%B8%80%E8%B5%B7%E4%B8%80%E8%B5%B7%E6%97%85%E5%BA%97-%E8%8A%B1%E8%93%AE%E4%B8%AD%E5%B1%B1%E9%A4%A8%20%E8%8A%B1%E8%93%AE%E7%B8%A3%E8%8A%B1%E8%93%AE%E5%B8%82%E6%B0%91%E6%97%8F%E9%87%8C5%E9%84%B0%E4%B8%AD%E5%B1%B1%E8%B7%AF101%E8%99%9F
10192,淡水嶘民宿,新北市淡水區,,,,,https://www.google.com/maps/search/?api=1&query=%E6%B7%A1%E6%B0%B4%E5%B6%98%E6%B0%91%E5%AE%BF%20%E6%96%B0%E5%8C%97%E5%B8%82%E6%B7%A1%E6%B0%B4%E5%8D%80%E9%95%B7%E8%88%88%E8%A1%9731%E8%99%9F
1092,旅人驛站鐵道館,臺東縣臺東市,,,,,https://www.google.com/maps/search/?api=1&query=%E6%97%85%E4%BA%BA%E9%A9%9B%E7%AB%99%E9%90%B5%E9%81%93%E9%A4%A8%20%E8%87%BA%E6%9D%B1%E7%B8%A3%E8%87%BA%E6%9D%B1%E5%B8%82%E9%90%B5%E8%8A%B1%E8%B7%AF296%E8%99%9F
1382,吳居吾宿,臺南市中西區,,,,,https://www.google.com/maps/search/?api=1&query=%E5%90%B3%E5%B1%85%E5%90%BE%E5%AE%BF%20%E8%87%BA%E5%8D%97%E5%B8%82%E4%B8%AD%E8%A5%BF%E5%8D%80%E6%99%AE%E6%BF%9F%E8%A1%9745%E8%99%9F
12569,艾薇卡民宿,宜蘭縣五結鄉,,,,,https://www.google.com/maps/search/?api=1&query=%E8%89%BE%E8%96%87%E5%8D%A1%E6%B0%91%E5%AE%BF%20%E5%AE%9C%E8%98%AD%E7%B8%A3%E4%BA%94%E7%B5%90%E9%84%89%E5%A4%A7%E5%90%89%E6%9D%91%E5%A4%A7%E5%90%89%E4%B8%80%E8%B7%AF15%E5%B7%B76%E8%99%9F
12324,百麗旅店,新北市板橋區,,,,,https://www.google.com/maps/search/?api=1&query=%E7%99%BE%E9%BA%97%E6%97%85%E5%BA%97%20%E6%96%B0%E5%8C%97%E5%B8%82%E6%9D%BF%E6%A9%8B%E5%8D%80%E5%8D%97%E9%96%80%E8%A1%971%E5%B7%B72%E8%99%9F
10615,熊旅溫泉飯店,新北市三峽區,,,,,https://www.google.com/maps/search/?api=1&query=%E7%86%8A%E6%97%85%E6%BA%AB%E6%B3%89%E9%A3%AF%E5%BA%97%20%E6%96%B0%E5%8C%97%E5%B8%82%E4%B8%89%E5%B3%BD%E5%8D%80%E5%A4%A7%E5%BE%B7%E8%B7%AF213%E8%99%9F
13302,蓮園民宿,連江縣南竿鄉,,,,,https://www.google.com/maps/search/?api=1&query=%E8%93%AE%E5%9C%92%E6%B0%91%E5%AE%BF%20%E9%80%A3%E6%B1%9F%E7%B8%A3%E5%8D%97%E7%AB%BF%E9%84%89%E9%A6%AC%E7%A5%96%E6%9D%9179%E8%99%9F
10560,可倫巴,南投縣集集鎮,,,,,https://www.google.com/maps/search/?api=1&query=%E5%8F%AF%E5%80%AB%E5%B7%B4%20%E5%8D%97%E6%8A%95%E7%B8%A3%E9%9B%86%E9%9B%86%E9%8E%AE%E5%85%AB%E5%BC%B5%E9%87%8C%E5%85%AB%E5%BC%B5%E8%A1%9746%E8%99%9F
12505,新堡汽車旅館,宜蘭縣羅東鎮,,,,,https://www.google.com/maps/search/?api=1&query=%E6%96%B0%E5%A0%A1%E6%B1%BD%E8%BB%8A%E6%97%85%E9%A4%A8%20%E5%AE%9C%E8%98%AD%E7%B8%A3%E7%BE%85%E6%9D%B1%E9%8E%AE%E5%BE%A9%E8%88%88%E8%B7%AF%E4%BA%8C%E6%AE%B5238%E5%B7%B719%E8%99%9F1-3%E6%A8%93
10111,履舍民宿,臺東縣臺東市,,,,,https://www.google.com/maps/search/?api=1&query=%E5%B1%A5%E8%88%8D%E6%B0%91%E5%AE%BF%20%E8%87%BA%E6%9D%B1%E7%B8%A3%E8%87%BA%E6%9D%B1%E5%B8%82%E5%85%89%E6%98%8E%E8%B7%AF170%E8%99%9F
13058,屋光拾舍民宿,澎湖縣湖西鄉,,,,,https://www.google.com/maps/search/?api=1&query=%E5%B1%8B%E5%85%89%E6%8B%BE%E8%88%8D%E6%B0%91%E5%AE%BF%20%E6%BE%8E%E6%B9%96%E7%B8%A3%E6%B9%96%E8%A5%BF%E9%84%89%E5%8C%97%E5%AF%AE%E6%9D%916%E9%84%B0%E5%8C%97%E5%AF%AE41%E4%B9%8B10%E8%99%9F
13696,帝王大飯店,宜蘭縣礁溪鄉,,,,,https://www.google.com/maps/search/?api=1&query=%E5%B8%9D%E7%8E%8B%E5%A4%A7%E9%A3%AF%E5%BA%97%20%E5%AE%9C%E8%98%AD%E7%B8%A3%E7%A4%81%E6%BA%AA%E9%84%89%E7%A4%81%E6%BA%AA%E8%B7%AF%E4%BA%94%E6%AE%B5156%E8%99%9F
13358,劍橋大飯店,臺南市中西區,,,,,https://www.google.com/maps/search/?api=1&query=%E5%8A%8D%E6%A9%8B%E5%A4%A7%E9%A3%AF%E5%BA%97%20%E8%87%BA%E5%8D%97%E5%B8%82%E4%B8%AD%E8%A5%BF%E5%8D%80%E6%B0%91%E6%97%8F%E8%B7%AF%E4%BA%8C%E6%AE%B5271%E8%99%9F5-11%E6%A8%93
10669,瑞穗溫泉旅社,花蓮縣萬榮鄉,,,,,https://www.google.com/maps/search/?api=1&query=%E7%91%9E%E7%A9%97%E6%BA%AB%E6%B3%89%E6%97%85%E7%A4%BE%20%E8%8A%B1%E8%93%AE%E7%B8%A3%E8%90%AC%E6%A6%AE%E9%84%89%E7%B4%85%E8%91%89%E6%9D%911%E9%84%B0%E7%B4%85%E8%91%8923%E8%99%9F
10396,天工享棧SUPER INN主題民宿,屏東縣恆春鎮,,,,,https://www.google.com/maps/search/?api=1&query=%E5%A4%A9%E5%B7%A5%E4%BA%AB%E6%A3%A7SUPER%20INN%E4%B8%BB%E9%A1%8C%E6%B0%91%E5%AE%BF%20%E5%B1%8F%E6%9D%B1%E7%B8%A3%E6%81%86%E6%98%A5%E9%8E%AE%E6%81%86%E8%A5%BF%E8%B7%AF33%E5%B7%B7123%E5%BC%846%E8%99%9F
11330,花彤林民宿,花蓮縣吉安鄉,,,,,https://www.google.com/maps/search/?api=1&query=%E8%8A%B1%E5%BD%A4%E6%9E%97%E6%B0%91%E5%AE%BF%20%E8%8A%B1%E8%93%AE%E7%B8%A3%E5%90%89%E5%AE%89%E9%84%89%E7%A8%BB%E9%A6%99%E6%9D%91%E5%BB%A3%E8%B1%90%E4%BA%8C%E8%A1%9769%E8%99%9F
1287,海灣Villa會館,金門縣金沙鎮,,,,,https://www.google.com/maps/search/?api=1&query=%E6%B5%B7%E7%81%A3Villa%E6%9C%83%E9%A4%A8%20%E9%87%91%E9%96%80%E7%B8%A3%E9%87%91%E6%B2%99%E9%8E%AE%E6%B5%A6%E5%B1%B1%E9%87%8C%E5%90%8E%E5%AE%8576%E8%99%9F
10956,茶田關舍民宿,臺東縣關山鎮,,,,,https://www.google.com/maps/search/?api=1&query=%E8%8C%B6%E7%94%B0%E9%97%9C%E8%88%8D%E6%B0%91%E5%AE%BF%20%E8%87%BA%E6%9D%B1%E7%B8%A3%E9%97%9C%E5%B1%B1%E9%8E%AE%E8%B1%90%E6%B3%89%E9%87%8C3%E9%84%B0%E5%B9%B3%E7%AD%89%E8%B7%AF99%E8%99%9F
12058,烏山頭大飯店,臺南市官田區,,,,,https://www.google.com/maps/search/?api=1&query=%E7%83%8F%E5%B1%B1%E9%A0%AD%E5%A4%A7%E9%A3%AF%E5%BA%97%20%E8%87%BA%E5%8D%97%E5%B8%82%E5%AE%98%E7%94%B0%E5%8D%80%E7%83%8F%E5%B1%B1%E9%A0%AD%E9%87%8C%E5%85%AB%E7%94%B0%E8%B7%AF%E4%B8%89%E6%AE%B5%E6%AB%BB%E8%8A%B1%E5%B7%B745%E8%99%9F
10830,安蘭居國際青年館,嘉義市西區,,,,,https://www.google.com/maps/search/?api=1&query=%E5%AE%89%E8%98%AD%E5%B1%85%E5%9C%8B%E9%9A%9B%E9%9D%92%E5%B9%B4%E9%A4%A8%20%E5%98%89%E7%BE%A9%E5%B8%82%E8%A5%BF%E5%8D%80%E8%98%AD%E4%BA%95%E8%A1%97465%E8%99%9F14%E6%A8%93%E4%B9%8B1
1103,佑佑11號民宿,屏東縣恆春鎮,,,,,https://www.google.com/maps/search/?api=1&query=%E4%BD%91%E4%BD%9111%E8%99%9F%E6%B0%91%E5%AE%BF%20%E5%B1%8F%E6%9D%B1%E7%B8%A3%E6%81%86%E6%98%A5%E9%8E%AE%E6%81%86%E5%85%AC%E8%B7%AF970%E5%B7%B711%E8%99%9F
12154,麗加園邸酒店,臺中市西區,,,,,https://www.google.com/maps/search/?api=1&query=%E9%BA%97%E5%8A%A0%E5%9C%92%E9%82%B8%E9%85%92%E5%BA%97%20%E8%87%BA%E4%B8%AD%E5%B8%82%E8%A5%BF%E5%8D%80%E5%85%AC%E7%9B%8A%E8%B7%AF111%E8%99%9F1-5%E6%A8%93%E5%8F%8A%E6%A8%A1%E7%AF%84%E8%A1%9737%2C39%E8%99%9F1-5%E6%A8%93
11900,Ｊａｎｅ．橙堡民宿,宜蘭縣五結鄉,,,,,https://www.google.com/maps/search/?api=1&query=%EF%BC%AA%EF%BD%81%EF%BD%8E%EF%BD%85%EF%BC%8E%E6%A9%99%E5%A0%A1%E6%B0%91%E5%AE%BF%20%E5%AE%9C%E8%98%AD%E7%B8%A3%E4%BA%94%E7%B5%90%E9%84%89%E5%8D%94%E5%92%8C%E6%9D%91%E5%82%B3%E8%97%9D%E8%B7%AF%E4%B8%80%E6%AE%B5425%E8%99%9F
10846,薇嬁民宿,宜蘭縣羅東鎮,,,,,https://www.google.com/maps/search/?api=1&query=%E8%96%87%E5%AC%81%E6%B0%91%E5%AE%BF%20%E5%AE%9C%E8%98%AD%E7%B8%A3%E7%BE%85%E6%9D%B1%E9%8E%AE%E6%96%B0%E7%BE%A4%E9%87%8C%E6%9C%88%E7%9C%89%E8%B7%AF443%E8%99%9F
10055,英倫爵士民宿,臺東縣卑南鄉,,,,,https://www.google.com/maps/search/?api=1&query=%E8%8B%B1%E5%80%AB%E7%88%B5%E5%A3%AB%E6%B0%91%E5%AE%BF%20%E8%87%BA%E6%9D%B1%E7%B8%A3%E5%8D%91%E5%8D%97%E9%84%89%E5%A4%AA%E5%B9%B3%E8%B7%AF213-1%E8%99%9F
10020,北都大飯店,基隆市中正區,,,,,https://www.google.com/maps/search/?api=1&query=%E5%8C%97%E9%83%BD%E5%A4%A7%E9%A3%AF%E5%BA%97%20%E5%9F%BA%E9%9A%86%E5%B8%82%E4%B8%AD%E6%AD%A3%E5%8D%80%E4%BF%A1%E4%BA%8C%E8%B7%AF319%E8%99%9F5-6%E6%A8%93%20%20%E7%BE%A9%E4%B8%80%E8%B7%AF16%E8%99%9F5-8%E6%A8%93
13840,福容徠旅墾丁,屏東縣恆春鎮,,,,,https://www.google.com/maps/search/?api=1&query=%E7%A6%8F%E5%AE%B9%E5%BE%A0%E6%97%85%E5%A2%BE%E4%B8%81%20%E5%B1%8F%E6%9D%B1%E7%B8%A3%E6%81%86%E6%98%A5%E9%8E%AE%E5%A2%BE%E4%B8%81%E8%B7%AF235%E3%80%81233-1%E8%99%9F
13776,布查德渡假村民宿,南投縣魚池鄉,,,,,https://www.google.com/maps/search/?api=1&query=%E5%B8%83%E6%9F%A5%E5%BE%B7%E6%B8%A1%E5%81%87%E6%9D%91%E6%B0%91%E5%AE%BF%20%E5%8D%97%E6%8A%95%E7%B8%A3%E9%AD%9A%E6%B1%A0%E9%84%89%E5%A4%A7%E6%9E%97%E6%9D%91%E5%B5%A9%E5%B1%B1%E5%B7%B717-18%E8%99%9F
13775,湯野精品旅館（民雄館）,嘉義縣民雄鄉,,,,,https://www.google.com/maps/search/?api=1&query=%E6%B9%AF%E9%87%8E%E7%B2%BE%E5%93%81%E6%97%85%E9%A4%A8%EF%BC%88%E6%B0%91%E9%9B%84%E9%A4%A8%EF%BC%89%20%E5%98%89%E7%BE%A9%E7%B8%A3%E6%B0%91%E9%9B%84%E9%84%89%E5%BB%BA%E5%9C%8B%E8%B7%AF%E4%B8%80%E6%AE%B520%E8%99%9F
12212,米力行旅台中火車站館,臺中市東區,,,,,https://www.google.com/maps/search/?api=1&query=%E7%B1%B3%E5%8A%9B%E8%A1%8C%E6%97%85%E5%8F%B0%E4%B8%AD%E7%81%AB%E8%BB%8A%E7%AB%99%E9%A4%A8%20%E8%87%BA%E4%B8%AD%E5%B8%82%E6%9D%B1%E5%8D%80%E5%A4%A7%E5%8B%87%E8%A1%9769%E8%99%9F2%E3%80%814%E6%A8%93
10362,啓瓦居會館,宜蘭縣冬山鄉,,,,,https://www.google.com/maps/search/?api=1&query=%E5%95%93%E7%93%A6%E5%B1%85%E6%9C%83%E9%A4%A8%20%E5%AE%9C%E8%98%AD%E7%B8%A3%E5%86%AC%E5%B1%B1%E9%84%89%E4%B8%AD%E5%B1%B1%E8%B7%AF36%E8%99%9F
12481,夏苑旅宿,屏東縣恆春鎮,,,,,https://www.google.com/maps/search/?api=1&query=%E5%A4%8F%E8%8B%91%E6%97%85%E5%AE%BF%20%E5%B1%8F%E6%9D%B1%E7%B8%A3%E6%81%86%E6%98%A5%E9%8E%AE%E6%81%86%E8%A5%BF%E8%B7%AF33%E5%B7%B7109%E8%99%9F
13136,近月旭海民宿,花蓮縣壽豐鄉,,,,,https://www.google.com/maps/search/?api=1&query=%E8%BF%91%E6%9C%88%E6%97%AD%E6%B5%B7%E6%B0%91%E5%AE%BF%20%E8%8A%B1%E8%93%AE%E7%B8%A3%E5%A3%BD%E8%B1%90%E9%84%89%E9%B9%BD%E5%AF%AE%E6%9D%91%E9%B9%BD%E5%AF%AE152%E8%99%9F
1333,山仔腳民宿,臺東縣綠島鄉,,,,,https://www.google.com/maps/search/?api=1&query=%E5%B1%B1%E4%BB%94%E8%85%B3%E6%B0%91%E5%AE%BF%20%E8%87%BA%E6%9D%B1%E7%B8%A3%E7%B6%A0%E5%B3%B6%E9%84%89%E4%B8%AD%E5%AF%AE%E6%9D%915%E9%84%B0115-1%E8%99%9F
10114,七美姑娘旅宿,屏東縣恆春鎮,,,,,https://www.google.com/maps/search/?api=1&query=%E4%B8%83%E7%BE%8E%E5%A7%91%E5%A8%98%E6%97%85%E5%AE%BF%20%E5%B1%8F%E6%9D%B1%E7%B8%A3%E6%81%86%E6%98%A5%E9%8E%AE%E6%81%86%E5%85%AC%E8%B7%AF78-6%E8%99%9F
10475,寄居蟹行旅,臺中市梧棲區,,,,,https://www.google.com/maps/search/?api=1&query=%E5%AF%84%E5%B1%85%E8%9F%B9%E8%A1%8C%E6%97%85%20%E8%87%BA%E4%B8%AD%E5%B8%82%E6%A2%A7%E6%A3%B2%E5%8D%80%E6%B8%AF%E5%9F%A0%E8%B7%AF2%E6%AE%B5431%E5%B7%B722%E8%99%9F
12139,墾丁牧場旅棧民宿,屏東縣恆春鎮,,,,,https://www.google.com/maps/search/?api=1&query=%E5%A2%BE%E4%B8%81%E7%89%A7%E5%A0%B4%E6%97%85%E6%A3%A7%E6%B0%91%E5%AE%BF%20%E5%B1%8F%E6%9D%B1%E7%B8%A3%E6%81%86%E6%98%A5%E9%8E%AE%E5%A2%BE%E4%B8%81%E8%B7%AF%E5%92%8C%E5%B9%B3%E5%B7%B791%E8%99%9F
11943,大魚的家民宿(特色民宿),澎湖縣馬公市,,,,,https://www.google.com/maps/search/?api=1&query=%E5%A4%A7%E9%AD%9A%E7%9A%84%E5%AE%B6%E6%B0%91%E5%AE%BF%28%E7%89%B9%E8%89%B2%E6%B0%91%E5%AE%BF%29%20%E6%BE%8E%E6%B9%96%E7%B8%A3%E9%A6%AC%E5%85%AC%E5%B8%82%E4%BA%94%E5%BE%B7%E9%87%8C6%E9%84%B0%E9%9B%9E%E6%AF%8D%E5%A1%A2230%E8%99%9F
10496,山邊52民宿,花蓮縣壽豐鄉,,,,,https://www.google.com/maps/search/?api=1&query=%E5%B1%B1%E9%82%8A52%E6%B0%91%E5%AE%BF%20%E8%8A%B1%E8%93%AE%E7%B8%A3%E5%A3%BD%E8%B1%90%E9%84%89%E8%B1%90%E5%B1%B1%E6%9D%91%E5%B1%B1%E9%82%8A%E8%B7%AF2%E6%AE%B552%E8%99%9F
13575,二手童話民宿,屏東縣恆春鎮,,,,,https://www.google.com/maps/search/?api=1&query=%E4%BA%8C%E6%89%8B%E7%AB%A5%E8%A9%B1%E6%B0%91%E5%AE%BF%20%E5%B1%8F%E6%9D%B1%E7%B8%A3%E6%81%86%E6%98%A5%E9%8E%AE%E5%A2%BE%E4%B8%81%E8%B7%AF%E5%92%8C%E5%B9%B3%E5%B7%B777-3%E8%99%9F
13230,東之港汽車旅館,屏東縣東港鎮,,,,,https://www.google.com/maps/search/?api=1&query=%E6%9D%B1%E4%B9%8B%E6%B8%AF%E6%B1%BD%E8%BB%8A%E6%97%85%E9%A4%A8%20%E5%B1%8F%E6%9D%B1%E7%B8%A3%E6%9D%B1%E6%B8%AF%E9%8E%AE%E8%88%B9%E9%A0%AD%E9%87%8C%E6%B0%B4%E6%BA%90%E4%BA%8C%E8%A1%97139%E8%99%9F
11434,塔木德酒店CLASSIC台中台灣大道館,臺中市西區,,,,,https://www.google.com/maps/search/?api=1&query=%E5%A1%94%E6%9C%A8%E5%BE%B7%E9%85%92%E5%BA%97CLASSIC%E5%8F%B0%E4%B8%AD%E5%8F%B0%E7%81%A3%E5%A4%A7%E9%81%93%E9%A4%A8%20%E8%87%BA%E4%B8%AD%E5%B8%82%E8%A5%BF%E5%8D%80%E8%87%BA%E7%81%A3%E5%A4%A7%E9%81%93%E4%B8%80%E6%AE%B5709%E8%99%9F
10633,和逸 台南西門館,臺南市中西區,,,,,https://www.google.com/maps/search/?api=1&query=%E5%92%8C%E9%80%B8%20%E5%8F%B0%E5%8D%97%E8%A5%BF%E9%96%80%E9%A4%A8%20%E8%87%BA%E5%8D%97%E5%B8%82%E4%B8%AD%E8%A5%BF%E5%8D%80%E8%A5%BF%E9%96%80%E8%B7%AF%E4%B8%80%E6%AE%B5658%E4%B9%8B2%E8%99%9F4-13%E6%A8%93
10550,梅花森林民宿,宜蘭縣冬山鄉,,,,,https://www.google.com/maps/search/?api=1&query=%E6%A2%85%E8%8A%B1%E6%A3%AE%E6%9E%97%E6%B0%91%E5%AE%BF%20%E5%AE%9C%E8%98%AD%E7%B8%A3%E5%86%AC%E5%B1%B1%E9%84%89%E5%BB%A3%E8%88%88%E8%B7%AF529%E5%B7%B72%E5%BC%8482%E8%99%9F
1351,皇凱賓館,臺中市中區,,,,,https://www.google.com/maps/search/?api=1&query=%E7%9A%87%E5%87%B1%E8%B3%93%E9%A4%A8%20%E8%87%BA%E4%B8%AD%E5%B8%82%E4%B8%AD%E5%8D%80%E4%B8%89%E6%B0%91%E8%B7%AF%E4%BA%8C%E6%AE%B5116%E8%99%9F6%E6%A8%93%E4%B9%8B1%E8%87%B38%E6%A8%93%E4%B9%8B1
11638,綠宿行旅,臺中市西區,,,,,https://www.google.com/maps/search/?api=1&query=%E7%B6%A0%E5%AE%BF%E8%A1%8C%E6%97%85%20%E8%87%BA%E4%B8%AD%E5%B8%82%E8%A5%BF%E5%8D%80%E6%B0%91%E7%94%9F%E5%8C%97%E8%B7%AF126%E8%99%9F%E3%80%81126%E8%99%9F2%E6%A8%93%E3%80%813%E6%A8%93%E4%B9%8B1%E3%80%813%E6%A8%93%E4%B9%8B2%E3%80%814%E6%A8%93%E4%B9%8B1%E3%80%814%E6%A8%93%E4%B9%8B2%E3%80%815%E6%A8%93%E8%87%B37%E6%A8%93
11820,澄悅商旅,彰化縣鹿港鎮,,,,,https://www.google.com/maps/search/?api=1&query=%E6%BE%84%E6%82%85%E5%95%86%E6%97%85%20%E5%BD%B0%E5%8C%96%E7%B8%A3%E9%B9%BF%E6%B8%AF%E9%8E%AE%E5%9F%94%E5%B4%99%E9%87%8C9%E9%84%B0%E4%B8%AD%E6%AD%A3%E8%B7%AF510%E5%B7%B71%E8%99%9F
13097,逸心園民宿,花蓮縣壽豐鄉,,,,,https://www.google.com/maps/search/?api=1&query=%E9%80%B8%E5%BF%83%E5%9C%92%E6%B0%91%E5%AE%BF%20%E8%8A%B1%E8%93%AE%E7%B8%A3%E5%A3%BD%E8%B1%90%E9%84%89%E5%B9%B3%E5%92%8C%E6%9D%9125%E9%84%B0%E5%A4%A7%E5%AD%B8%E8%B7%AF%E4%BA%8C%E6%AE%B563%E5%B7%B751%E8%99%9F
12227,漾品屋民宿,花蓮縣花蓮市,,,,,https://www.google.com/maps/search/?api=1&query=%E6%BC%BE%E5%93%81%E5%B1%8B%E6%B0%91%E5%AE%BF%20%E8%8A%B1%E8%93%AE%E7%B8%A3%E8%8A%B1%E8%93%AE%E5%B8%82%E6%B0%91%E7%AB%8B%E9%87%8C%E6%B0%91%E6%AC%8A%E4%B9%9D%E8%A1%973%E8%99%9F
12238,溪頭有晴天民宿,南投縣鹿谷鄉,,,,,https://www.google.com/maps/search/?api=1&query=%E6%BA%AA%E9%A0%AD%E6%9C%89%E6%99%B4%E5%A4%A9%E6%B0%91%E5%AE%BF%20%E5%8D%97%E6%8A%95%E7%B8%A3%E9%B9%BF%E8%B0%B7%E9%84%89%E5%85%A7%E6%B9%96%E6%9D%918%E9%84%B0%E8%88%88%E7%94%A2%E8%B7%AF32-12%E8%99%9F
13513,卡爾登飯店,新竹市北區,,,,,https://www.google.com/maps/search/?api=1&query=%E5%8D%A1%E7%88%BE%E7%99%BB%E9%A3%AF%E5%BA%97%20%E6%96%B0%E7%AB%B9%E5%B8%82%E5%8C%97%E5%8D%80%E5%8C%97%E5%A4%A7%E8%B7%AF225%E8%99%9F
13407,盤古拉渡假花園民宿,屏東縣恆春鎮,,,,,https://www.google.com/maps/search/?api=1&query=%E7%9B%A4%E5%8F%A4%E6%8B%89%E6%B8%A1%E5%81%87%E8%8A%B1%E5%9C%92%E6%B0%91%E5%AE%BF%20%E5%B1%8F%E6%9D%B1%E7%B8%A3%E6%81%86%E6%98%A5%E9%8E%AE%E5%9F%94%E9%A0%82%E8%B7%AF525%E8%99%9F
11101,挪威森林行旅3號館,臺中市中區,,,,,https://www.google.com/maps/search/?api=1&query=%E6%8C%AA%E5%A8%81%E6%A3%AE%E6%9E%97%E8%A1%8C%E6%97%853%E8%99%9F%E9%A4%A8%20%E8%87%BA%E4%B8%AD%E5%B8%82%E4%B8%AD%E5%8D%80%E5%BB%BA%E5%9C%8B%E8%B7%AF187%E8%99%9F
13415,櫻花嶺渡假山莊,南投縣鹿谷鄉,,,,,https://www.google.com/maps/search/?api=1&query=%E6%AB%BB%E8%8A%B1%E5%B6%BA%E6%B8%A1%E5%81%87%E5%B1%B1%E8%8E%8A%20%E5%8D%97%E6%8A%95%E7%B8%A3%E9%B9%BF%E8%B0%B7%E9%84%89%E7%AB%B9%E6%9E%97%E6%9D%91%E7%94%B0%E9%A0%AD%E5%B7%B725-3-2%E8%99%9F
11067,湧福驛站,臺南市中西區,,,,,https://www.google.com/maps/search/?api=1&query=%E6%B9%A7%E7%A6%8F%E9%A9%9B%E7%AB%99%20%E8%87%BA%E5%8D%97%E5%B8%82%E4%B8%AD%E8%A5%BF%E5%8D%80%E5%A4%A7%E7%A6%8F%E8%A1%9736%E5%B7%B75%E8%99%9F
11982,新驛旅店復興北路店,臺北市中山區,,,,,https://www.google.com/maps/search/?api=1&query=%E6%96%B0%E9%A9%9B%E6%97%85%E5%BA%97%E5%BE%A9%E8%88%88%E5%8C%97%E8%B7%AF%E5%BA%97%20%E8%87%BA%E5%8C%97%E5%B8%82%E4%B8%AD%E5%B1%B1%E5%8D%80%E5%BE%A9%E8%88%88%E5%8C%97%E8%B7%AF338%E8%99%9F
12702,比薩斜塔民宿,宜蘭縣五結鄉,,,,,https://www.google.com/maps/search/?api=1&query=%E6%AF%94%E8%96%A9%E6%96%9C%E5%A1%94%E6%B0%91%E5%AE%BF%20%E5%AE%9C%E8%98%AD%E7%B8%A3%E4%BA%94%E7%B5%90%E9%84%89%E5%85%AC%E5%9C%92%E4%B8%89%E8%B7%AF111-7%E8%99%9F
10627,夢想森林親子民宿,宜蘭縣三星鄉,,,,,https://www.google.com/maps/search/?api=1&query=%E5%A4%A2%E6%83%B3%E6%A3%AE%E6%9E%97%E8%A6%AA%E5%AD%90%E6%B0%91%E5%AE%BF%20%E5%AE%9C%E8%98%AD%E7%B8%A3%E4%B8%89%E6%98%9F%E9%84%89%E5%A4%A7%E5%BE%B7%E8%B7%AF%E4%BA%8C%E6%AE%B5613%E8%99%9F
11153,漢彌敦大飯店,臺中市西區,,,,,https://www.google.com/maps/search/?api=1&query=%E6%BC%A2%E5%BD%8C%E6%95%A6%E5%A4%A7%E9%A3%AF%E5%BA%97%20%E8%87%BA%E4%B8%AD%E5%B8%82%E8%A5%BF%E5%8D%80%E8%8F%AF%E7%BE%8E%E8%A1%97303-1%E8%99%9F
12559,八八古藝民宿,金門縣金寧鄉,,,,,https://www.google.com/maps/search/?api=1&query=%E5%85%AB%E5%85%AB%E5%8F%A4%E8%97%9D%E6%B0%91%E5%AE%BF%20%E9%87%91%E9%96%80%E7%B8%A3%E9%87%91%E5%AF%A7%E9%84%89%E7%9B%A4%E5%B1%B1%E6%9D%91%E9%A0%82%E5%A0%A1113%E8%99%9F
10009,友愛山序漫旅,臺東縣臺東市,,,,,https://www.google.com/maps/search/?api=1&query=%E5%8F%8B%E6%84%9B%E5%B1%B1%E5%BA%8F%E6%BC%AB%E6%97%85%20%E8%87%BA%E6%9D%B1%E7%B8%A3%E8%87%BA%E6%9D%B1%E5%B8%82%E5%A4%A7%E5%90%8C%E8%B7%AF141%E8%99%9F6.7.8%E6%A8%93
10606,英王旅館,臺南市中西區,,,,,https://www.google.com/maps/search/?api=1&query=%E8%8B%B1%E7%8E%8B%E6%97%85%E9%A4%A8%20%E8%87%BA%E5%8D%97%E5%B8%82%E4%B8%AD%E8%A5%BF%E5%8D%80%E5%BF%A0%E7%BE%A9%E8%B7%AF%E4%BA%8C%E6%AE%B5233%E5%B7%B726%E8%99%9F
10381,和逸‧高雄中山館,高雄市前鎮區,,,,,https://www.google.com/maps/search/?api=1&query=%E5%92%8C%E9%80%B8%E2%80%A7%E9%AB%98%E9%9B%84%E4%B8%AD%E5%B1%B1%E9%A4%A8%20%E9%AB%98%E9%9B%84%E5%B8%82%E5%89%8D%E9%8E%AE%E5%8D%80%E4%B8%AD%E5%B1%B1%E4%BA%8C%E8%B7%AF260%E8%99%9F22-29%E6%A8%93
13334,新羽旅舘,臺中市東區,,,,,https://www.google.com/maps/search/?api=1&query=%E6%96%B0%E7%BE%BD%E6%97%85%E8%88%98%20%E8%87%BA%E4%B8%AD%E5%B8%82%E6%9D%B1%E5%8D%80%E5%92%8C%E5%B9%B3%E8%A1%97142%E8%99%9F
10943,沫秋立柳川行旅,臺中市中區,,,,,https://www.google.com/maps/search/?api=1&query=%E6%B2%AB%E7%A7%8B%E7%AB%8B%E6%9F%B3%E5%B7%9D%E8%A1%8C%E6%97%85%20%E8%87%BA%E4%B8%AD%E5%B8%82%E4%B8%AD%E5%8D%80%E6%9F%B3%E5%B7%9D%E8%A5%BF%E8%B7%AF%E4%B8%89%E6%AE%B522%E8%99%9F%E3%80%8122%E8%99%9F3~12%E6%A8%93%E4%B9%8B1
11884,挪威森林漫活休閒旅館,臺中市太平區,,,,,https://www.google.com/maps/search/?api=1&query=%E6%8C%AA%E5%A8%81%E6%A3%AE%E6%9E%97%E6%BC%AB%E6%B4%BB%E4%BC%91%E9%96%92%E6%97%85%E9%A4%A8%20%E8%87%BA%E4%B8%AD%E5%B8%82%E5%A4%AA%E5%B9%B3%E5%8D%80%E7%92%B0%E4%B8%AD%E6%9D%B1%E8%B7%AF%E5%9B%9B%E6%AE%B5369%E8%99%9F
15317,日光山林,臺中市東勢區,,,,,https://www.google.com/maps/search/?api=1&query=%E6%97%A5%E5%85%89%E5%B1%B1%E6%9E%97%20%E8%87%BA%E4%B8%AD%E5%B8%82%E6%9D%B1%E5%8B%A2%E5%8D%80%E6%96%B0%E5%9F%8E%E8%A1%97288%E5%B7%B722%E8%99%9F
35320,木漏民宿,嘉義市西區,,,,,https://www.google.com/maps/search/?api=1&query=%E6%9C%A8%E6%BC%8F%E6%B0%91%E5%AE%BF%20%E5%98%89%E7%BE%A9%E5%B8%82%E8%A5%BF%E5%8D%80%E5%BF%A0%E7%BE%A9%E8%A1%97197%E5%B7%B716%E8%99%9F
33487,安樓文旅,基隆市仁愛區,,,,,https://www.google.com/maps/search/?api=1&query=%E5%AE%89%E6%A8%93%E6%96%87%E6%97%85%20%E5%9F%BA%E9%9A%86%E5%B8%82%E4%BB%81%E6%84%9B%E5%8D%80%E4%BB%81%E4%B8%89%E8%B7%AF11-4%E8%99%9F
