序號,旅宿名稱,縣市,鄉鎮市區,業別,電話,地址,優惠類別,平日雙人房價,價格來源,官網定價,折抵金額,優惠期限,方案內容,緯度,經度,座標來源,Google評分,Google評論數,官網,旅宿網詳情
1,圓山大飯店,臺北市,中山區,觀光旅館,02-28868888,臺北市中山區中山北路4段1巷1號,國旅補助優惠方案,,,8800,,2026-12-30,【國旅補助優惠方案】115年9月1日起平日連續入住，並搭配使用兩晚國旅補助，最低每晚只要4360元,25.078575,121.526143,開放資料,4.5,160,http://www.grand-hotel.org,https://www.taiwanstay.net.tw/TSA/web_page/TSA020200.jsp?hohi_id=14078
2,新驛旅店復興北路店,臺北市,中山區,旅館,02-25158777,臺北市中山區復興北路338號,國旅補助優惠方案,,,9600,,2026-12-31,【國旅補助優惠方案】加碼禮遇｜悠享慢晨，13:00延遲退房凡使用觀光署平日住宿及生日券獎助活動方案入住，即可再享延遲至13:00退房禮遇，讓旅程不必匆忙結束，多一點睡眠、多一點悠閒，為旅途留下更美好的回憶。,25.059535,121.543963,開放資料,,,,https://www.taiwanstay.net.tw/TSA/web_page/TSA020200.jsp?hohi_id=11982
3,晶華酒店,臺北市,中山區,觀光旅館,02-25238000,臺北市中山區中山北路2段39巷3號,國旅補助優惠方案,,,16000,,2026-12-31,"【國旅補助優惠方案】-連續入住兩晚豪華客房一大床/兩單人床房型，並搭配使用兩晚國旅補助，即贈入住期間NT$4,000餐飲消費抵用金(適用於一樓栢麗廳、azie及二樓上庭酒廊)",25.054067,121.524579,開放資料,4.6,27755,http://www.regenttaiwan.com,https://www.taiwanstay.net.tw/TSA/web_page/TSA020200.jsp?hohi_id=590
4,柯達大飯店台北松江,臺北市,中山區,旅館,02-25159999,臺北市中山區松江路251號,國旅補助優惠方案,,,2000,800,2026-12-31,"【國旅補助優惠方案】【平日住宿超省優惠！單日折抵、連住再升等】 忙碌的工作過後，給自己留一段遠離喧囂的悠閒時光吧！響應2026最新平日國旅補助，我們不僅幫您的錢包輕盈減壓，更讓您的體驗感直接UP！ 連住免費升等 尊榮升級：連續入住兩晚政府補助最高折抵$2,000，再享免費升等優質房型，用小資預算就能坐擁更好的舒適空間。 單日再省 雙重折抵：單日入住除了享有政府基本補助$800之外，飯店獨家加碼現折$100的限定優惠！",25.05933,121.533458,開放資料,4.3,1175,http://songjiang.khotels.com.tw/zh-TW/,https://www.taiwanstay.net.tw/TSA/web_page/TSA020200.jsp?hohi_id=18694
5,漢普頓酒店,臺北市,中山區,觀光旅館,02-25069696,臺北市中山區建國北路2段7號,國旅補助優惠方案,,,10780,800,2026-12-31,【國旅補助優惠方案】【漢普頓加碼補助錢錢放大術】活動期間：2026/9/1~2026/10/31（限平日週日至週四入住）專案內容：活動期間內預訂入住漢普頓官網「標準住宿享遊專案(含早餐)」，即可享漢普頓加碼補助，每房每晚現折房費NT$800！備註：本優惠僅適用於入住第一晚，每房限折抵一次；續住第二晚(含)以上恕不再提供補助。,25.053218,121.537239,開放資料,4.7,2239,https://www.hcpt.com.tw/,https://www.taiwanstay.net.tw/TSA/web_page/TSA020200.jsp?hohi_id=20025
6,燦路都飯店,臺北市,中山區,旅館,02-25973610,臺北市中山區民權東路1段9號地下1樓、2-10樓,國旅補助優惠方案,,,8000,,2026-12-31,【國旅補助優惠方案】[1.]國旅平日住宿獎助優惠※優惠內容：可享有延遲退房服務，退房時間由原11:00延後至12:00。※優惠條件：1.使用觀光署國旅平日住宿獎助方案入住。2.僅限透過飯店官方網站、電話或E-mail訂房者適用。※優惠期間：觀光署指定活動期間（115年9月1日至115年11月30日止）。[2.]生日優惠※優惠內容：符合活動資格者，可獲贈生日小禮1份。※優惠條件：1.使用觀光署生日住宿金入住者，不限入住日期是否為生日當日，皆可獲贈生日小禮1份。2.未使用觀光署生日住宿金者，於生日當日入住，亦可獲贈生日小禮1份。※優惠期間：觀光署指定活動期間（115年9月1日至115年12月31日止）。,25.062892,121.523337,開放資料,4.2,1176,http://www.sunroute-taipei.com,https://www.taiwanstay.net.tw/TSA/web_page/TSA020200.jsp?hohi_id=915
7,苓旅旅館中山館,臺北市,中山區,旅館,02-25084588,"臺北市中山區建國北路2段91號1樓,93號1至7樓,2樓-1至7樓-1,95巷2號1樓,4號1樓",國旅補助優惠方案,,,3280,,,【國旅補助優惠方案】國旅補助優惠方案,25.058611,121.53758,開放資料,3.8,343,,https://www.taiwanstay.net.tw/TSA/web_page/TSA020200.jsp?hohi_id=20706
8,方舟旅店,臺北市,中正區,旅館,02-23912600,臺北市中正區信義路二段255號1至4樓,國旅補助優惠方案,2380,業者官網,5500,,2026-11-30,"【國旅補助優惠方案】僅透過本店官方網站 或 電話訂房才可享優惠折抵
另加碼 : 早進 / 晚退 ( 訂一晚 : 免費延退1小時；訂兩晚 : 免費延退 2小時 )",25.033839,121.529302,開放資料,4.1,675,http://www.arkhotel.com.tw,https://www.taiwanstay.net.tw/TSA/web_page/TSA020200.jsp?hohi_id=13423
9,苓旅站前,臺北市,中正區,旅館,090755120302-23814755,臺北市中正區忠孝西路一段72號4樓,國旅補助優惠方案,,,12880,,2026-11-30,【國旅補助優惠方案】國旅補助優惠方案,25.046336,121.514142,開放資料,3.9,324,,https://www.taiwanstay.net.tw/TSA/web_page/TSA020200.jsp?hohi_id=2782
10,泉都溫泉會館,臺北市,北投區,旅館,02-28960077,臺北市北投區光明路220號,國旅補助優惠方案,,,1800,800,2026-12-31,"【國旅補助優惠方案】凡活動期間以[平日住宿獎助金或生日券]折抵每房房價800元(含)以上,即可獲贈北投特有**湯花皂**一盒.好禮相贈期間:2026/09/01~12/31",25.136269,121.504616,開放資料,3.9,2183,https://www.cdhotel.com.tw/,https://www.taiwanstay.net.tw/TSA/web_page/TSA020200.jsp?hohi_id=3560
11,台北漢來大飯店,臺北市,南港區,觀光旅館,02-27886868,臺北市南港區經貿一路168號,國旅補助優惠方案,,,15000,800、1200,2026-12-31,"【國旅補助優惠方案】1.平日住宿獎助活動：•適用專案：官網一般訂房(含島語早餐)、官網一般訂房(不含島語早餐)•獎助日期：2026/9/1-11/30•入住日期：平日(週日至週四，不含國定假日及其連續假期)入住參與獎助活動之旅宿時得予折抵。•獎助對象：本國國民(不適用於團體旅遊)•每人最多得折抵二晚住宿，且須連續入住使用(入住日期須連續)。•折抵金額：每房每晚依實際住宿房價第一晚最多折抵NT$800、第二晚最多折抵NT$1,200。•每人之身分證統一編號限參與平日住宿獎助活動及生日券獎助活動各一次，且每房每晚僅得使用各獎助活動一次。例：兩名旅客同住一房，即使兩人皆具備平日住宿獎助及生日券之使用資格，每房每晚僅能折抵一次平日住宿獎助及一張生日券(不限同一人)。•訂房方式：官網、訂房專線：02-2788-6868(住宿劵/禮券不適用)•台北漢來大飯店保留專案變更、修改及最終解釋權利，以官網公告為準。2.生日券獎助活動：•適用專案：官網一般訂房(含島語早餐)、官網一般訂房(不含島語早餐)•獎助日期：2026/9/1-12/31•入住日期：平日(週日至週四，不含國定假日及其連續假期",25.058425,121.619353,開放資料,,,,https://www.taiwanstay.net.tw/TSA/web_page/TSA020200.jsp?hohi_id=10032
12,探索汽車旅館南港館,臺北市,南港區,旅館,02-26537727,臺北市南港區重陽路66號1至4樓,國旅補助優惠方案,,,3980,,2026-11-30,【國旅補助優惠方案】國旅補助優惠住宿平日優惠折扣500元假日優惠折扣300元,25.055584,121.59715,開放資料,3,1285,,https://www.taiwanstay.net.tw/TSA/web_page/TSA020200.jsp?hohi_id=12042
13,探索汽車旅館延平館,臺北市,士林區,旅館,02-88112588,臺北市士林區延平北路五段23號2至5樓及23之1號2至5樓,國旅補助優惠方案,1930,業者官網,3380,,2026-11-30,"【國旅補助優惠方案】預定平日雙人房住宿,加碼贈送200元住宿優惠卷

住一晚送1張,住兩晚送2張",25.079629,121.510828,開放資料,3.5,780,http://discoverygroup.com.tw,https://www.taiwanstay.net.tw/TSA/web_page/TSA020200.jsp?hohi_id=18258
14,瑾旅南西,臺北市,大同區,旅館,02-25593232,臺北市大同區南京西路151號6至12樓,國旅補助優惠方案,,,11880,,2026-11-30,【國旅補助優惠方案】國旅補助優惠方案,25.054123,121.513605,開放資料,4.8,4298,,https://www.taiwanstay.net.tw/TSA/web_page/TSA020200.jsp?hohi_id=15948
15,大來商旅,臺北市,松山區,旅館,02-27160011,臺北市松山區長春路432號1-7樓,國旅補助優惠方案,2580,業者官網,2000,,2026-12-24,"【國旅補助優惠方案】國旅補助(平日住宿優惠) 請直接與飯店加LINE ID:delight432 或電話訂房02-2716-0011 皆享有優惠
1.標準房一大床 $2400 
2.商務標準二小床 $2700 
3.貴賓房 (一大床) $3200
4.豪華雙床 (4人) $4780 
以上房間依人數贈送中西式自助早餐，房間內贈送冰紅茶/起士餅乾",25.054443,121.544964,開放資料,4.3,978,http://www.delighthotel.com.tw,https://www.taiwanstay.net.tw/TSA/web_page/TSA020200.jsp?hohi_id=20548
16,苓旅松山小巨蛋館,臺北市,松山區,旅館,0977694944-,臺北市松山區八德路三段2號14樓,國旅補助優惠方案,,,4500,,,【國旅補助優惠方案】國旅補助優惠方案,25.04804,121.549372,開放資料,4,628,,https://www.taiwanstay.net.tw/TSA/web_page/TSA020200.jsp?hohi_id=15771
17,二十輪旅店,臺北市,萬華區,旅館,02-23810500,臺北市萬華區武昌街二段72號5樓、6樓、10樓,國旅補助優惠方案,,,12000,800、1200,2026-12-31,"【國旅補助優惠方案】平日住宿補助：1.適用時間：週日至週四平日（國定假日與連續假期不適用）。2.補助方式：第一晚入住折抵800元；續住第二晚加碼1,200元，連續入住兩晚現折2,000元。3.加碼優惠：提早兩周於官網預訂三晚以上(含三晚)，可再打八五折，並疊加2000元使用！",25.044719,121.506257,開放資料,,,https://www.swiio.com/,https://www.taiwanstay.net.tw/TSA/web_page/TSA020200.jsp?hohi_id=21310
18,苓旅旅館萬年館,臺北市,萬華區,旅館,02-23814188,臺北市萬華區西寧南路70號7樓,國旅補助優惠方案,,,11880,,,【國旅補助優惠方案】115年國旅平日住宿獎助,25.043513,121.505894,開放資料,3.6,261,,https://www.taiwanstay.net.tw/TSA/web_page/TSA020200.jsp?hohi_id=32517
19,熊旅溫泉飯店,新北市,三峽區,旅館,02-26739456,新北市三峽區大德路213號,國旅補助優惠方案,,,9000,,2026-12-31,【國旅補助優惠方案】當月份壽星即可享有住宿8.5折優惠(不分平假日，特殊假期及連續假期不適用),24.946752,121.372541,開放資料,,,,https://www.taiwanstay.net.tw/TSA/web_page/TSA020200.jsp?hohi_id=10615
20,李家出走,新北市,三芝區,民宿,0938259783-,新北市三芝區觀海街20號,國旅補助優惠方案,,,1800,1000,2026-12-31,【國旅補助優惠方案】使用平日住宿獎助包棟者可再折1000,25.258715,121.509178,開放資料,5,108,,https://www.taiwanstay.net.tw/TSA/web_page/TSA020200.jsp?hohi_id=28550
21,櫻花村民宿,新北市,三芝區,民宿,093290162902-26369333,新北市三芝區聽濤街23號,平價優質旅宿,1800,業者自報,3000,,,【平價優質旅宿】平日雙人房售價：1800不含早餐,25.257718,121.511584,開放資料,,,,https://www.taiwanstay.net.tw/TSA/web_page/TSA020200.jsp?hohi_id=3260
22,虹橋民宿,新北市,三芝區,民宿,02-86354131,新北市三芝區八賢里1鄰八連溪1之5號,平價優質旅宿,3100,業者自報,5500,,,【平價優質旅宿】平日雙人房售價：3100含早餐,25.247622,121.507362,開放資料,,,,https://www.taiwanstay.net.tw/TSA/web_page/TSA020200.jsp?hohi_id=13246
23,雀客藏居新北三重水漾,新北市,三重區,旅館,02-29846680,新北市三重區新北市三重區捷運路77號2至17樓,國旅補助優惠方案,,,25080,,2026-12-31,【國旅補助優惠方案】115年國旅平日住宿獎助＋生日券業者優惠方案,25.055691,121.483232,開放資料,3.9,761,https://www.checkinn.com.tw/?page_id=7755,https://www.taiwanstay.net.tw/TSA/web_page/TSA020200.jsp?hohi_id=31110
24,悅池精品旅館,新北市,中和區,旅館,02-22211234,新北市中和區立德街299號,平價優質旅宿,2780,業者自報,3980,,,【平價優質旅宿】平日雙人房售價：2780含早餐,25.009619,121.483308,開放資料,,,http://www.yesmotel.com.tw,https://www.taiwanstay.net.tw/TSA/web_page/TSA020200.jsp?hohi_id=6472
25,瓏山林台北中和飯店,新北市,中和區,觀光旅館,02-22229999,新北市中和區中正路631號1至12樓（包含地下１至３層）,國旅補助優惠方案,,,11550,,2026-12-31,【國旅補助優惠方案】加入飯店尊瓏會員及贈送「餐飲9折優惠券」及「生日單片蛋糕」,24.994948,121.4853,開放資料,4.3,1858,https://www.rslhotel.com,https://www.taiwanstay.net.tw/TSA/web_page/TSA020200.jsp?hohi_id=15914
26,集璦飯店,新北市,中和區,旅館,02-66202888,新北市中和區中正路776號,國旅補助優惠方案,,,10000,,2026-12-31,【國旅補助優惠方案】平日住宿優惠2400元起~,25.000404,121.485301,開放資料,4.7,1018,http://geight.com.tw,https://www.taiwanstay.net.tw/TSA/web_page/TSA020200.jsp?hohi_id=2219
27,挪威森林精品SPA汽車旅館,新北市,新店區,旅館,02-89116866,新北市新店區寶橋路235巷15號,國旅補助優惠方案,,,20000,,2026-12-31,【國旅補助優惠方案】挪威森林旅館集團2026國旅補助方案透過官網線上訂房且入住當日符合國旅續住補助資格者，可享平日住宿買一送一，一泊二食專案優惠。,24.980828,121.550793,開放資料,4,1527,http://www.villa-group.com.tw/,https://www.taiwanstay.net.tw/TSA/web_page/TSA020200.jsp?hohi_id=16407
28,香奈爾汽車旅館 (新莊店),新北市,新店區,旅館,02-29065555,新北市新店區後港一路187號,平價優質旅宿,2099,業者自報,13800,,,【平價優質旅宿】平日雙人房售價：2099含早餐,25.028412,121.433697,開放資料,,,http://www.chamotel.com.tw/zh-tw,https://www.taiwanstay.net.tw/TSA/web_page/TSA020200.jsp?hohi_id=1123
29,驛德世紀酒店,新北市,新店區,旅館,02-29086888,新北市新店區後港一路169號,平價優質旅宿,2680,業者自報,5200,,,【平價優質旅宿】平日雙人房售價：2680含早餐,25.028475,121.432168,開放資料,,,,https://www.taiwanstay.net.tw/TSA/web_page/TSA020200.jsp?hohi_id=18958
30,傑仕堡有氧酒店,新北市,板橋區,旅館,02-77273000,新北市板橋區縣民大道2段275號、275號2至17樓、277號2樓,平價優質旅宿,3200,業者自報,9900,,,【平價優質旅宿】平日雙人房售價：3200含早餐,25.01808,121.46958,開放資料,,,https://jasperhotelbanqiao.com.tw,https://www.taiwanstay.net.tw/TSA/web_page/TSA020200.jsp?hohi_id=26745
31,台北板橋馥華艾美酒店,新北市,板橋區,旅館,026620578802-66205788,新北市板橋區中山路1段220號地下一層及220號（1至4層、18至31層）,國旅補助優惠方案,,,,,,【國旅補助優惠方案】優惠方案待討論後推出,25.009997,121.459836,鄉鎮約略,,,,https://www.taiwanstay.net.tw/TSA/web_page/TSA020200.jsp?hohi_id=39052
32,挪威森林頂級汽車旅館,新北市,板橋區,旅館,02-89513311,新北市板橋區和平路14巷3號,國旅補助優惠方案,,,20000,,2026-12-31,【國旅補助優惠方案】挪威森林旅館集團2026國旅補助方案透過官網線上訂房且入住當日符合國旅續住補助資格者，可享平日住宿買一送一，一泊二食專案優惠。,24.993067,121.460704,開放資料,4.1,2387,http://www.villa-group.com.tw,https://www.taiwanstay.net.tw/TSA/web_page/TSA020200.jsp?hohi_id=9900
33,晴旅府中館,新北市,板橋區,旅館,097931910902-29655480,新北市板橋區南雅南路一段8號5樓、5樓之1至5樓之24,國旅補助優惠方案,,,15000,,2026-11-30,【國旅補助優惠方案】國旅補助優惠方案,25.006623,121.455904,開放資料,4.5,15,,https://www.taiwanstay.net.tw/TSA/web_page/TSA020200.jsp?hohi_id=16465
34,百麗旅店,新北市,板橋區,旅館,02-22727398,新北市板橋區南門街1巷2號,國旅補助優惠方案,,,9880,,2026-12-31,【國旅補助優惠方案】115年國旅平日住宿獎助＋生日券加碼優惠方案優惠內容:平日入住延遲1小時退房優惠日期:115年9月1日起至115年11月30日止,25.008538,121.45756,開放資料,,,http://www.g-hotel.com.tw,https://www.taiwanstay.net.tw/TSA/web_page/TSA020200.jsp?hohi_id=12324
35,馥俐旅店,新北市,板橋區,旅館,02-22722625,"新北市板橋區東門街10號2至5樓,12號1至5樓",國旅補助優惠方案,,,9900,,2026-12-31,【國旅補助優惠方案】115年國旅平日住宿獎助＋生日券業者優惠方案,25.009001,121.457892,開放資料,3.6,689,https://forward-suites2.com.tw/,https://www.taiwanstay.net.tw/TSA/web_page/TSA020200.jsp?hohi_id=5738
36,月圓汽車旅館,新北市,樹林區,旅館,02-86862828,新北市樹林區八德街208巷12號,國旅補助優惠方案,,,1380,,2026-12-31,【國旅補助優惠方案】【月圓汽車旅館｜夜未眠・極致私密微旅行 】好的休養不需要折扣，只需要給自己一個不被打擾的夜晚。我們不打價格戰，而是為您的私密時光注入滿滿的儀式感：,24.97344,121.417222,開放資料,3.6,322,,https://www.taiwanstay.net.tw/TSA/web_page/TSA020200.jsp?hohi_id=8971
37,探索汽車旅館永和館,新北市,永和區,旅館,02-22323103,新北市永和區保順路27及31號,國旅補助優惠方案,,,4980,,2026-12-31,"【國旅補助優惠方案】現場休息折$300,住宿折$500,需來電訂房。",25.009881,121.504168,開放資料,3.6,747,,https://www.taiwanstay.net.tw/TSA/web_page/TSA020200.jsp?hohi_id=16425
38,柯達大飯店(永和店),新北市,永和區,旅館,02-29239999,新北市永和區永和路1段103號,國旅補助優惠方案,,,1200,,2026-12-31,【國旅補助優惠方案】平日連住享優惠加贈精緻好禮,25.007732,121.513578,開放資料,,,,https://www.taiwanstay.net.tw/TSA/web_page/TSA020200.jsp?hohi_id=5771
39,酒內民宿,新北市,汐止區,民宿,02-26608500,新北市汐止區福山里國興街21巷13號,平價優質旅宿,2800,業者自報,6600,,,【平價優質旅宿】平日雙人房售價：2800不含早餐,25.04605,121.621135,開放資料,,,,https://www.taiwanstay.net.tw/TSA/web_page/TSA020200.jsp?hohi_id=23338
40,將捷金鬱金香酒店,新北市,淡水區,旅館,02-26210333,新北市淡水區中正路一段2之1號,國旅補助優惠方案,,,10560,1000,2026-12-31,【國旅補助優惠方案】預訂將捷金鬱金香酒店2026年度專案：【2026年度三天兩夜】及【HAPPYBIRTHDAY快樂住一晚】，於2026/9/1-2026/12/30期間入住加贈1.餐飲抵用券1000元、2.活動抵用券500元、3.客房抵用券500元。,25.175667,121.428847,開放資料,4.4,4931,https://www.goldentulip-fabhotel.com.tw/,https://www.taiwanstay.net.tw/TSA/web_page/TSA020200.jsp?hohi_id=22744
41,挪威森林森森休閒旅館,新北市,淡水區,旅館,02-88096789,新北市淡水區八勢一街83號,國旅補助優惠方案,,,1980,,2026-12-31,【國旅補助優惠方案】挪威森林旅館集團2026國旅補助方案透過官網線上訂房且入住當日符合國旅續住補助資格者，可享平日住宿買一送一，一泊二食專案優惠。,25.154883,121.461315,開放資料,4.1,1083,http://www.villa-group.com.tw/,https://www.taiwanstay.net.tw/TSA/web_page/TSA020200.jsp?hohi_id=19553
42,旅行邦尼,新北市,淡水區,民宿,02-26218707,新北市淡水區中山路87巷7號,平價優質旅宿,1320,業者自報,1800,,,【平價優質旅宿】平日雙人房售價：1320不含早餐,25.170282,121.442423,開放資料,,,http://www.touristbunny.com/,https://www.taiwanstay.net.tw/TSA/web_page/TSA020200.jsp?hohi_id=12244
43,淡水嶘民宿,新北市,淡水區,民宿,0966553931-,新北市淡水區長興街31號,國旅補助優惠方案,,,8800,,2026-12-31,【國旅補助優惠方案】使用115年國旅「平日住宿獎助」or「生日券」or「TaiwanPASS住宿抵用券」入住淡水嶘民宿加贈一包登峰魚酥or蝦酥,25.171224,121.443942,開放資料,,,http://www.tamsui-homestay.com.tw/,https://www.taiwanstay.net.tw/TSA/web_page/TSA020200.jsp?hohi_id=10192
44,漁人碼頭休閒旅館,新北市,淡水區,旅館,02-28058886,新北市淡水區中正路2段22巷8號2至7樓,平價優質旅宿,2610,業者自報,6150,,,【平價優質旅宿】平日雙人房售價：2610含早餐,25.181656,121.420552,開放資料,,,https://thefisherhotel.hexa.tw/,https://www.taiwanstay.net.tw/TSA/web_page/TSA020200.jsp?hohi_id=10639
45,福容大飯店    淡水漁人碼頭,新北市,淡水區,觀光旅館,02-26287777,新北市淡水區觀海路83號,國旅補助優惠方案,,,9800,800、1000、1200,2026-12-31,【國旅補助優惠方案】交通部觀光局補助內容為周日到周四，生日補助每人1200元；旅遊補助住一晚折抵800元，住兩晚折抵1200元，飯店規劃加碼優惠吸引客人入住使用優惠：「生日補助加碼」使用補助入住飯店「壽星我最大/壽星我最大2.0專案」，飯店加碼$600元館內消費抵用券（可折抵加人加價/假日加價費以及其他館內消費）※政府補助的生日住宿金$1200（當月壽星/抽獎制）可與國旅補助合併使用「旅遊補助加碼」使用補助入住飯店「戀戀淡水/春遊淡水/擁抱夏日兩天一夜專案」，飯店加碼400元館內消費抵用券。※兩天一夜政府補助首晚$800元，飯店加碼$400元館內消費抵用券使用補助入住飯店「戀戀淡水/擁抱夏日三天兩夜專案」，再加碼$600元館內消費抵用券※三天兩夜政府補助首晚$800+第二晚$1200共$2000元，飯店補助首晚$400+第二晚$600，共$1000元館內消費折抵券＊館內消費抵用券可折抵加人加價/假日加價費以及其他館內消費＊以上詳細優惠期間，依照政府公告之時間為準。,25.185137,121.411132,開放資料,,,http://www.fullon-hotels.com.tw/fw/,https://www.taiwanstay.net.tw/TSA/web_page/TSA020200.jsp?hohi_id=13686
46,這一站幸福民宿,新北市,淡水區,民宿,02-26261133,新北市淡水區水源街一段151號,平價優質旅宿,1880,業者自報,8800,,,【平價優質旅宿】平日雙人房售價：1880不含早餐,25.171791,121.447711,開放資料,,,,https://www.taiwanstay.net.tw/TSA/web_page/TSA020200.jsp?hohi_id=3408
47,雀客快捷,新北市,淡水區,旅館,02-26238111,新北市淡水區長庚里中山路8號7樓,國旅補助優惠方案,,,22000,,2026-12-31,【國旅補助優惠方案】115年國旅平日住宿獎助＋生日券業者自提優惠方案,25.169268,121.444699,開放資料,4.2,456,,https://www.taiwanstay.net.tw/TSA/web_page/TSA020200.jsp?hohi_id=22120
48,海灣假日酒店,新北市,深坑區,旅館,02-26628000,新北市深坑區北深路3段265號,平價優質旅宿,3000,業者自報,8000,,,【平價優質旅宿】平日雙人房售價：3000含早餐,25.004494,121.59905,開放資料,,,http://www.hioneholiday.com.tw/,https://www.taiwanstay.net.tw/TSA/web_page/TSA020200.jsp?hohi_id=9921
49,福容大飯店 台北二館,新北市,深坑區,旅館,02-26620088,新北市深坑區萬福里北深路3段236號,國旅補助優惠方案,,,6050,,2026-12-31,【國旅補助優惠方案】福容假期-一泊一食福容假期-純住房,25.004084,121.600619,開放資料,4.4,5954,https://www.fullon-hotels.com.tw/sk/tw/,https://www.taiwanstay.net.tw/TSA/web_page/TSA020200.jsp?hohi_id=4193
50,雲仙大飯店,新北市,烏來區,旅館,093755186202-26616511,新北市烏來區烏來里瀑布路1之1號,平價優質旅宿,3280,業者自報,6000,,,【平價優質旅宿】平日雙人房售價：3280含早餐,24.84898,121.552134,開放資料,,,http://www.yun-hsien.com.tw,https://www.taiwanstay.net.tw/TSA/web_page/TSA020200.jsp?hohi_id=8103
51,九份喜來園景觀民宿,新北市,瑞芳區,民宿,02-24063399,新北市瑞芳區汽車路9之13號,平價優質旅宿,3000,業者自報,2600,,,【平價優質旅宿】平日雙人房售價：3000含早餐,25.110767,121.846329,開放資料,,,,https://www.taiwanstay.net.tw/TSA/web_page/TSA020200.jsp?hohi_id=8504
52,九份山城山海灣民宿,新北市,瑞芳區,民宿,0985104985-,新北市瑞芳區街頂巷22號,國旅補助優惠方案,,,4900,,2026-12-31,【國旅補助優惠方案】觀光署三大國旅優惠｜九份山海灣民宿同步響應 九份山海灣民宿配合觀光署國旅優惠方案，同步參與三項活動： 平日住宿獎助 生日券優惠 TaiwanPASS住宿抵用券凡符合各項活動資格之旅客，皆可依活動規定享有對應優惠。其中，持「國旅平日住宿獎助生日券」入住，可享住宿房價9折優惠，讓您以更優惠的價格漫遊九份山城，飽覽山海美景，留下美好的旅行回憶。 本民宿同步參與觀光署三項活動，不得僅擇一或部分參與。 各項優惠適用資格、使用方式及折抵金額，依觀光署活動規定辦理。 訂房時請主動告知欲使用之優惠方案，入住時請出示相關證明文件。 各項優惠不得與本民宿其他優惠專案併用。 訂房專線：0985-779-939歡迎來到九份山海灣民宿，享受山城慢旅、山海美景，輕鬆使用觀光署三大優惠，讓您的旅程更加超值！,25.10785,121.84517,開放資料,4.5,145,,https://www.taiwanstay.net.tw/TSA/web_page/TSA020200.jsp?hohi_id=38471
53,九份高媽媽民宿,新北市,瑞芳區,民宿,02-24971680,新北市瑞芳區汽車路7之5號,國旅補助優惠方案,,,3800,,2026-12-31,【國旅補助優惠方案】平日住宿可享9折優惠，另生日券再享9折優惠。,25.109884,121.845668,開放資料,4.5,145,,https://www.taiwanstay.net.tw/TSA/web_page/TSA020200.jsp?hohi_id=3800
54,好事學田民宿,新北市,瑞芳區,民宿,02-24960337,新北市瑞芳區瑞芳街37號,國旅補助優惠方案,,,4600,,2026-11-30,【國旅補助優惠方案】平日住宿獎助,25.109341,121.806442,開放資料,5,7,,https://www.taiwanstay.net.tw/TSA/web_page/TSA020200.jsp?hohi_id=417
55,嶼民宿,新北市,瑞芳區,民宿,0935735172-,新北市瑞芳區街頂巷32號,國旅補助優惠方案,,,12000,,2026-12-31,【國旅補助優惠方案】115年國旅平日住宿獎助＋生日券,25.107388,121.845411,開放資料,4.8,36,,https://www.taiwanstay.net.tw/TSA/web_page/TSA020200.jsp?hohi_id=34294
56,微旅,新北市,瑞芳區,民宿,095829287902-24960967,新北市瑞芳區輕便路117號,平價優質旅宿,1500,業者自報,4000,1500,,【平價優質旅宿】平日雙人房售價：1500不含早餐,25.109055,121.8442,開放資料,,,,https://www.taiwanstay.net.tw/TSA/web_page/TSA020200.jsp?hohi_id=37737
57,應許美地民宿,新北市,瑞芳區,民宿,091872120902-24961488,新北市瑞芳區長仁路38號,平價優質旅宿,3300,業者自報,10000,,,【平價優質旅宿】平日雙人房售價：3300不含早餐,25.11755,121.8651,開放資料,,,,https://www.taiwanstay.net.tw/TSA/web_page/TSA020200.jsp?hohi_id=30277
58,暮石民宿,新北市,瑞芳區,民宿,0983027257-,新北市瑞芳區烏勢巷50號,國旅補助優惠方案,,,15800,,2026-12-31,【國旅補助優惠方案】平日指定官網預定9折優惠,25.109072,121.845595,開放資料,4.8,80,,https://www.taiwanstay.net.tw/TSA/web_page/TSA020200.jsp?hohi_id=32728
59,望幽谷民宿,新北市,瑞芳區,民宿,091621495202-24966296,新北市瑞芳區汽車路108之3號,平價優質旅宿,1700,業者自報,2500,,,【平價優質旅宿】平日雙人房售價：1700含早餐,25.109049,121.840509,開放資料,,,,https://www.taiwanstay.net.tw/TSA/web_page/TSA020200.jsp?hohi_id=2706
60,杉嶼民宿,新北市,瑞芳區,民宿,0935735172-,新北市瑞芳區街頂巷34之1號,國旅補助優惠方案,,,8200,,2026-12-31,【國旅補助優惠方案】115年國旅平日住宿獎助＋生日券,25.10733,121.845253,開放資料,4.9,18,,https://www.taiwanstay.net.tw/TSA/web_page/TSA020200.jsp?hohi_id=36558
61,溪邊小築民宿,新北市,瑞芳區,民宿,0912486333-,新北市瑞芳區祈堂路133號,平價優質旅宿,3000,業者自報,2700,,,【平價優質旅宿】平日雙人房售價：3000含早餐,25.108531,121.8593,開放資料,,,,https://www.taiwanstay.net.tw/TSA/web_page/TSA020200.jsp?hohi_id=36225
62,石山水禪民宿,新北市,瑞芳區,民宿,0932261184-,新北市瑞芳區山尖路54號,平價優質旅宿,2600,業者自報,3800,,,【平價優質旅宿】平日雙人房售價：2600含早餐,25.115078,121.854273,開放資料,,,,https://www.taiwanstay.net.tw/TSA/web_page/TSA020200.jsp?hohi_id=5212
63,神隱之月民宿,新北市,瑞芳區,民宿,0905788650-,新北市瑞芳區洞頂路253號,國旅補助優惠方案,,,30000,,2026-12-31,【國旅補助優惠方案】平日指定官網訂房9折優惠,25.122599,121.860299,開放資料,4.8,85,,https://www.taiwanstay.net.tw/TSA/web_page/TSA020200.jsp?hohi_id=35405
64,神隱之森民宿,新北市,瑞芳區,民宿,0905788650-,新北市瑞芳區崙頂路48號,國旅補助優惠方案,,,13800,,2026-12-31,【國旅補助優惠方案】平日住宿指定官網訂房9折優惠,25.106866,121.845703,開放資料,4.9,458,,https://www.taiwanstay.net.tw/TSA/web_page/TSA020200.jsp?hohi_id=30787
65,神隱國度民宿,新北市,瑞芳區,民宿,0905788650-,新北市瑞芳區崙頂路90號,國旅補助優惠方案、平價優質旅宿,1580,業者自報,7580,,2026-12-31,"【國旅補助優惠方案】平日指定官方預定9折優惠

【平價優質旅宿】平日雙人房售價：1580不含早餐",25.107533,121.843898,開放資料,4.7,889,https://www.facebook.com/Twilighthouse1212/,https://www.taiwanstay.net.tw/TSA/web_page/TSA020200.jsp?hohi_id=23657
66,緩寓,新北市,瑞芳區,民宿,0918035172-,新北市瑞芳區烏勢巷57號,國旅補助優惠方案,,,5800,,2026-12-31,【國旅補助優惠方案】115年國旅平日住宿獎助＋生日券,25.10903,121.84557,開放資料,5,16,,https://www.taiwanstay.net.tw/TSA/web_page/TSA020200.jsp?hohi_id=38735
67,陽光味宿民宿,新北市,瑞芳區,民宿,02-24970956,新北市瑞芳區豎崎路56號,國旅補助優惠方案,,,4000,,2026-12-31,【國旅補助優惠方案】只限自行於民宿訂房者使用於平台訂房者無法使用各項優惠,25.110576,121.842364,開放資料,4.5,1054,,https://www.taiwanstay.net.tw/TSA/web_page/TSA020200.jsp?hohi_id=4825
68,雲山水小築民宿,新北市,瑞芳區,民宿,0916299717-,新北市瑞芳區山尖路72之1號,平價優質旅宿,3000,業者自報,6500,,,【平價優質旅宿】平日雙人房售價：3000含早餐,25.11512,121.85411,開放資料,,,,https://www.taiwanstay.net.tw/TSA/web_page/TSA020200.jsp?hohi_id=19405
69,森活藝術民宿,新北市,石碇區,民宿,02-26638515,新北市石碇區番子坑17號,國旅補助優惠方案,,,10000,,2026-12-31,【國旅補助優惠方案】115年國旅平日獎助專案：【森活藝遊・平日午茶慢時光】 活動內容配合交通部觀光署115年「國旅平日住宿獎助」與「生日券」雙重政策，凡於活動期間滿足指定條件入住，除享有政府提供的自由行住宿折抵外，森活藝術文旅加碼免費招待「森活藝術雙人下午茶」一套（原價價值680元），讓旅客在山林與藝術圍繞的文旅中，享受最放鬆的平日微旅行。 適用對象平日獎助對象：於活動期間之週日至週四（平日）入住，且符合115年國旅平日住宿獎助資格之本國國民。當月壽星對象：持有115年觀光署發放之「生日券」，於平日（週日至週四）入住之當月壽星。 優惠細節符合上述適用對象者，於森活藝術文旅官網或電話直接訂房（排除第三方訂房平台），每房除享有政府折抵優惠外，現場辦理入住時即贈送：森活藝術雙人下午茶招待券乙張（價值680元）：主餐：現烤現做「經典原味鬆餅」大份一份。飲品：精選特調飲料任選兩杯（可選美式咖啡、藝文花草茶、或在地小農鮮奶茶）。兌換時間：入住當日14:00-16:30（依館內餐廳營業時間為準）。,25.010981,121.675508,開放資料,4.8,64,,https://www.taiwanstay.net.tw/TSA/web_page/TSA020200.jsp?hohi_id=33818
70,two tails Luzhou,新北市,蘆洲區,旅館,02-22855799,"新北市蘆洲區中山一路8號6,8-15樓",平價優質旅宿,2999,業者自報,8000,,,【平價優質旅宿】平日雙人房售價：2999含早餐,25.080429,121.480455,開放資料,,,,https://www.taiwanstay.net.tw/TSA/web_page/TSA020200.jsp?hohi_id=3346
71,台北集賢商旅,新北市,蘆洲區,旅館,02-82813888,新北市蘆洲區集賢路372號,平價優質旅宿,1600,業者自報,6000,,,【平價優質旅宿】平日雙人房售價：1600含早餐,25.083162,121.480658,開放資料,,,http://www.hotelg7.com.tw,https://www.taiwanstay.net.tw/TSA/web_page/TSA020200.jsp?hohi_id=15223
72,雀客旅館新北蘆洲,新北市,蘆洲區,旅館,02-22892299,新北市蘆洲區集賢路409號2樓(1層)、3樓至9樓,國旅補助優惠方案,,,7600,,2026-12-31,【國旅補助優惠方案】115年國旅平日住宿獎助＋生日券業者優惠方案,25.081309,121.480537,開放資料,4.1,861,https://www.fhotels.com.tw,https://www.taiwanstay.net.tw/TSA/web_page/TSA020200.jsp?hohi_id=22621
73,一間屋民宿,新北市,貢寮區,民宿,02-24992161,新北市貢寮區福隆街2巷1之2號,平價優質旅宿,1400,業者自報,2000,,,【平價優質旅宿】平日雙人房售價：1400不含早餐,25.015929,121.945238,開放資料,,,,https://www.taiwanstay.net.tw/TSA/web_page/TSA020200.jsp?hohi_id=3078
74,地球人戶外休閒家民宿,新北市,貢寮區,民宿,091957537202-24991372,新北市貢寮區福隆街16號,平價優質旅宿,2200,業者自報,2000,,,【平價優質旅宿】平日雙人房售價：2200含早餐,25.016386,121.942712,開放資料,,,,https://www.taiwanstay.net.tw/TSA/web_page/TSA020200.jsp?hohi_id=19992
75,海霞您的家,新北市,貢寮區,民宿,0935204895-,新北市貢寮區仁愛路38號,國旅補助優惠方案、平價優質旅宿,2000,業者自報,2800,,2026-12-31,"【國旅補助優惠方案】​【2026民宿雙重優惠：壽星好禮&早鳥驚喜】​ 方案一：壽星植感好禮 即日起至2026/12/15，當月/當日壽星平日（週一至週四）入住，出示證件並提前預約，即贈「精選植栽」乙盆（三選一）！ ​ 方案二：馬到成功早鳥價7日前預約並付清，享平日超值價： 雙人雅房(1大床)｜$2000 三人雅房(3單床)｜$3000​ 立即私訊預訂，讓旅程更超值！#民宿優惠#壽星好禮#早鳥優惠#馬到成功#平日旅遊

【平價優質旅宿】平日雙人房售價：2000不含早餐",25.053227,121.925062,開放資料,3.9,102,,https://www.taiwanstay.net.tw/TSA/web_page/TSA020200.jsp?hohi_id=1971
76,福容大飯店 福隆,新北市,貢寮區,觀光旅館,02-24991188,新北市貢寮區福隆里福隆街41號,國旅補助優惠方案,,,10800,1200,2026-12-31,【國旅補助優惠方案】【平日住宿獎助專案】11/1-4/30期間內之平日(週一至週四)雙人入住$5888含兩客早餐5/1-6/30;9/1-10/31期間內之平日(週一至週四)雙人入住$6888含兩客早餐7/1-8/31期間內之平日(週一至週四)雙人入住$7388含兩客早餐【凡持生日券預訂官網專案，再享加倍優惠】1.房型升等至海景和洋客房，價值$1200。(需提前來電告知並視當下房況而定)2.加贈飯店吉祥物溫溫or莎莎玩偶一隻3.加贈大廳酒吧職人海鹽蜂蜜蛋糕8吋/職人手工貝果4顆（口味任選）/林元元餅舖古早味蛋糕2份（入住期間內兌換完畢，不得兌換現金）、（林元元餅舖需到店兌換，營業時間依店家公告為主）,25.019018,121.943771,開放資料,4.4,7727,http://www.fullon-hotels.com.tw/fl/,https://www.taiwanstay.net.tw/TSA/web_page/TSA020200.jsp?hohi_id=8632
77,福容大飯店 福隆貝悅,新北市,貢寮區,旅館,02-24992381,新北市貢寮區福隆里福隆街40號,國旅補助優惠方案,12800,業者官網,14080,1200,2026-12-31,【國旅補助優惠方案】【平日住宿獎助專案】11/1-4/30期間內之平日(週一至週四)雙人入住$5888含兩客早餐5/1-6/30;9/1-10/31期間內之平日(週一至週四)雙人入住$6888含兩客早餐7/1-8/31期間內之平日(週一至週四)雙人入住$7388含兩客早餐【凡持生日券預訂官網專案，再享加倍優惠】1.房型升等至海景和洋客房，價值$1200。(需提前來電告知並視當下房況而定)2.加贈飯店吉祥物溫溫or莎莎玩偶一隻3.加贈大廳酒吧職人海鹽蜂蜜蛋糕8吋/職人手工貝果4顆（口味任選）/林元元餅舖古早味蛋糕2份（入住期間內兌換完畢，不得兌換現金）、（林元元餅舖需到店兌換，營業時間依店家公告為主）,25.018408,121.943978,開放資料,4.4,7727,https://www.fullon-hotels.com.tw/fl/tw/,https://www.taiwanstay.net.tw/TSA/web_page/TSA020200.jsp?hohi_id=4175
78,TS MOTEL（鼎帥温泉汽車旅館),新北市,金山區,旅館,02-24988866,新北市金山區金美街9號及11號,平價優質旅宿,2500,業者自報,5000,,,【平價優質旅宿】平日雙人房售價：2500含早餐,25.219365,121.638557,開放資料,,,http://www.ting-shuai.com,https://www.taiwanstay.net.tw/TSA/web_page/TSA020200.jsp?hohi_id=10924
79,美人山,新北市,金山區,民宿,0913093535-,新北市金山區五湖里南勢107號,平價優質旅宿,2200,業者自報,2600,,,【平價優質旅宿】平日雙人房售價：2200含早餐,25.219249,121.624582,開放資料,,,https://www.facebook.com/mountain1glamorous0beauty7homestay/,https://www.taiwanstay.net.tw/TSA/web_page/TSA020200.jsp?hohi_id=25755
80,遠東金山海灣溫泉HOTEL,新北市,金山區,旅館,02-24980007,新北市金山區磺港路326號,平價優質旅宿,2980,業者自報,5200,,,【平價優質旅宿】平日雙人房售價：2980含早餐,25.229704,121.646519,開放資料,,,http://www.sakurabay-hotel.com.tw,https://www.taiwanstay.net.tw/TSA/web_page/TSA020200.jsp?hohi_id=20463
81,金山金色陽光民宿,新北市,金山區,民宿,092814391802-24989879,新北市金山區下六股12之5號,平價優質旅宿,1800,業者自報,3680,,,【平價優質旅宿】平日雙人房售價：1800含早餐,25.226092,121.626086,開放資料,,,https://m.facebook.com/goldensunlighthomestay,https://www.taiwanstay.net.tw/TSA/web_page/TSA020200.jsp?hohi_id=4506
82,陽明山天籟渡假酒店,新北市,金山區,旅館,02-24080400,新北市金山區名流路1之6、7號、9號及1之9號5樓之1至8,國旅補助優惠方案,,,14500,,,"【國旅補助優惠方案】& lt;& lt;雙重補助皆可使用& gt;& gt;
活動內容皆配合交通部觀光署及新北市政府(上山下海打卡趣)辦理國旅住宿優惠方案，
提供住宿獎勵、生日住宿優惠券及台灣PASS住宿抵用券等相關優惠，依政府公告辦法及使用規範辦理。
適用對象符合交通部觀光署及新北市政府各項優惠方案資格之國內旅客。
優惠細節天籟皆配合交通部觀光署及新北市政府公告之國旅住宿優惠方案辦理，實際優惠內容、使用資格、折抵方式及適用期間，依各項活動公告規定為準。",25.201883,121.594999,開放資料,4.2,5769,http://www.tienlai.com.tw,https://www.taiwanstay.net.tw/TSA/web_page/TSA020200.jsp?hohi_id=21702
83,山明水舍民宿,新北市,雙溪區,民宿,02-24933969,新北市雙溪區田寮9號,平價優質旅宿,2100,業者自報,3200,,,【平價優質旅宿】平日雙人房售價：2100含早餐,25.014186,121.806058,開放資料,,,https://smss.okgo.tw/,https://www.taiwanstay.net.tw/TSA/web_page/TSA020200.jsp?hohi_id=18960
84,北國之春和風汽車旅館,新北市,鶯歌區,旅館,02-26780899,新北市鶯歌區鶯桃路362之1號,國旅補助優惠方案,,,1680,,2026-12-31,【國旅補助優惠方案】挪威森林旅館集團2026國旅補助方案透過官網線上訂房且入住當日符合國旅續住補助資格者，可享平日住宿買一送一，一泊二食專案優惠。,24.963037,121.333863,開放資料,3.8,642,http://yingge.villa-group.com.tw/,https://www.taiwanstay.net.tw/TSA/web_page/TSA020200.jsp?hohi_id=6756
85,享住旅店,基隆市,中正區,旅館,02-24261026,基隆市中正區信一路156號,平價優質旅宿,1300,業者自報,12000,,,【平價優質旅宿】平日雙人房售價：1300(不含早餐),25.129928,121.7461,開放資料,,,http://www.justliveinn.com.tw/?page_id=94,https://www.taiwanstay.net.tw/TSA/web_page/TSA020200.jsp?hohi_id=9137
86,北都大飯店,基隆市,中正區,旅館,02-24227899,基隆市中正區信二路319號5-6樓  義一路16號5-8樓,國旅補助優惠方案,,,5820,,2026-12-31,【國旅補助優惠方案】1.平日住宿獎助2026/09/01~2026/11/302.生日券2026/09/01~2026/12/313.TaiwanPASS2026/09/01~2026/12/31,25.131312,121.745239,開放資料,,,http://www.beidoo.com.tw/,https://www.taiwanstay.net.tw/TSA/web_page/TSA020200.jsp?hohi_id=10020
87,萊茵商旅,基隆市,中正區,旅館,02-24257766,基隆市中正區信一路177號17樓,國旅補助優惠方案,,,5300,,2026-12-31,"【國旅補助優惠方案】獎助活動期間,週日至週四入住(國定假日及連續假期除外),享現場售價9折優惠(各房型適用),限電話或官網訂房適用,其他網路訂房,旅行社.遊覽車團體不適用",25.130759,121.74469,開放資料,3.5,453,http://www.rhineinn.com.tw,https://www.taiwanstay.net.tw/TSA/web_page/TSA020200.jsp?hohi_id=8899
88,蔚藍海景旅店,基隆市,中正區,旅館,097939203002-24692169,基隆市中正區北寧路250-6號,平價優質旅宿,1880,業者自報,4800,,,"【平價優質旅宿】平日雙人房售價：1,880元~3,180元",25.14628,121.783303,開放資料,,,http://www.blueoceanhotel.com.tw/,https://www.taiwanstay.net.tw/TSA/web_page/TSA020200.jsp?hohi_id=16186
89,長榮桂冠酒店(基隆),基隆市,中正區,觀光旅館,02-24279988,基隆市中正區中正路62號之1,國旅補助優惠方案,,,9800,,2026-12-31,【國旅補助優惠方案】當月壽星2026年度專案再優惠$400,25.134736,121.745973,開放資料,4.2,8282,http://www.evergreen-hotels.com/branch/Keelung,https://www.taiwanstay.net.tw/TSA/web_page/TSA020200.jsp?hohi_id=7258
90,安樓文旅,基隆市,仁愛區,民宿,02-24250220,基隆市仁愛區仁三路11-4號,平價優質旅宿,,,5250,,,"【平價優質旅宿】平日雙人房售價：雙人房3,200元以下有4間",25.127896,121.744295,開放資料,,,,https://www.taiwanstay.net.tw/TSA/web_page/TSA020200.jsp?hohi_id=33487
91,華國商務飯店,基隆市,仁愛區,旅館,02-24267101,基隆市仁愛區愛三路49巷18號,國旅補助優惠方案,,,3300,,2026-12-31,【國旅補助優惠方案】115年國旅平日住宿獎助＋生日券業者優惠方案,25.128251,121.742299,開放資料,,,http://www.huaguohotel.com/,https://www.taiwanstay.net.tw/TSA/web_page/TSA020200.jsp?hohi_id=12484
92,華帥海景飯店,基隆市,仁愛區,旅館,02-24223131,基隆市仁愛區孝二路108號,國旅補助優惠方案,,,4500,,2026-12-31,"【國旅補助優惠方案】【國旅加碼．漫遊港都方案】
・活動期間：2026/9/1～2026/12/31（限平日週日至週四，不含國定假日與連假）
・專案內容：使用「國旅平日住宿獎助」入住 1 晚指定專案，依房型人數加碼贈「和平島地質公園門票」。
・限定加碼：連續入住 2 晚或加碼使用「生日券」折抵者，每房每次入住另享「華星牛排館 9 折優惠」乙次。
・訂房方式：官網或專線 (02) 2422-3131
・備註：
 (1) 票券於入住時發放，規範依券面為主。
 (2) 專案每日限量，須符合政府補助資格，經費用罄活動即提前結束。",25.130675,121.740867,開放資料,3.7,1139,https://harborview.hexa.tw/,https://www.taiwanstay.net.tw/TSA/web_page/TSA020200.jsp?hohi_id=10522
93,華都飯店,基隆市,仁愛區,旅館,02-24202277,基隆市仁愛區仁一路307號,平價優質旅宿,2380,業者自報,4500,,,【平價優質旅宿】平日雙人房售價：2380,25.129718,121.745135,開放資料,,,http://huaduhotelkeelung.com,https://www.taiwanstay.net.tw/TSA/web_page/TSA020200.jsp?hohi_id=17781
94,馥嘉商務旅館,基隆市,仁愛區,旅館,02-24224667,基隆市仁愛區忠四路11巷5號1-4樓,國旅補助優惠方案、平價優質旅宿,2180,業者自報,3800,,2026-12-31,"【國旅補助優惠方案】平日住宿獎助折抵100新台幣、生日券折抵100新台幣

【平價優質旅宿】平日雙人房售價：2180",25.127738,121.739513,開放資料,3.1,464,,https://www.taiwanstay.net.tw/TSA/web_page/TSA020200.jsp?hohi_id=15054
95,香草藝術旅店,基隆市,信義區,旅館,02-24254688,基隆市信義區義三路6號1-5樓,國旅補助優惠方案,,,3600,800、1200,2026-12-31,【國旅補助優惠方案】響應國旅續住補助優惠香草藝術旅店提供輕旅行專案符合國旅申請條件連續兩晚住宿折抵優惠者入住享有三天兩夜優惠價簡約雙人房兩晚$800標準雙人房兩晚$1200舒適雙人房兩晚$1600溫馨四人房兩晚$2800歡迎來電預訂02-24254688此優惠僅限平日周日至週四使用國定假日及網路訂房者不適用此優惠價,25.130032,121.746762,開放資料,3.4,784,http://www.herbart.com.tw/,https://www.taiwanstay.net.tw/TSA/web_page/TSA020200.jsp?hohi_id=2695
96,蔚藍海岸休閒SPA汽車旅館,基隆市,安樂區,旅館,02-24332366,基隆市安樂區武隆街67號,國旅補助優惠方案,,,20000,,2026-12-31,【國旅補助優惠方案】挪威森林旅館集團2026國旅補助方案透過官網線上訂房且入住當日符合國旅續住補助資格者，可享平日住宿買一送一，一泊二食專案優惠。,25.155829,121.694868,開放資料,3.7,816,http://keelung.villa-group.com.tw/,https://www.taiwanstay.net.tw/TSA/web_page/TSA020200.jsp?hohi_id=8330
97,168汽車旅館(中壢二館),桃園市,中壢區,旅館,03-4276333,桃園市中壢區中美路二段160號及愛國路110號,平價優質旅宿,2000,業者自報,8000,,,【平價優質旅宿】平日雙人房售價：2000,24.960689,121.220051,開放資料,,,http://www.168inn.com.tw,https://www.taiwanstay.net.tw/TSA/web_page/TSA020200.jsp?hohi_id=8621
98,中壢米堤大飯店,桃園市,中壢區,旅館,03-4279966,桃園市中壢區中央西路一段120號22-27樓,平價優質旅宿,2788,業者自報,4800,,,【平價優質旅宿】平日雙人房售價：2788,24.958467,121.220335,開放資料,,,http://jungli.lemidi-hotel.com.tw,https://www.taiwanstay.net.tw/TSA/web_page/TSA020200.jsp?hohi_id=20016
99,南方莊園渡假飯店,桃園市,中壢區,觀光旅館,03-4202122,桃園市中壢區樹籽路8號,國旅補助優惠方案,,,11800,1000、1200,2026-12-31,"【國旅補助優惠方案】1.遊樂園留宿方案：平日住宿（週一至週四），憑住宿發票可換隔日全台26家樂園免費入園飯店加碼：憑26家樂園消費憑證，當月週日~週四入住可享免費升等客房1級2.生日住宿金：當月壽星，每月抽1000名，1,200元住宿金（可搭配平日補助疊加使用）飯店加碼：當月壽星未抽中住宿金，週日~週四入住贈送$500住宿金(下次使用)",24.967673,121.178182,開放資料,,,http://www.southgarden.com.tw,https://www.taiwanstay.net.tw/TSA/web_page/TSA020200.jsp?hohi_id=10470
100,奇異果共享旅店-中壢車站店,桃園市,中壢區,旅館,03-4688820,桃園市中壢區新興路286號,平價優質旅宿,1400,業者自報,1550,,,【平價優質旅宿】平日雙人房售價：1400,24.954148,121.229693,開放資料,,,http://rs-kiwihotel.com/web/summary/56,https://www.taiwanstay.net.tw/TSA/web_page/TSA020200.jsp?hohi_id=26270
101,愛時租旅館,桃園市,中壢區,旅館,03-2806888,桃園市中壢區中美路一段18號5、6樓,平價優質旅宿,2500,業者自報,8400,,,【平價優質旅宿】平日雙人房售價：2500,24.959872,121.223623,開放資料,,,http://www.ihotel.com.tw,https://www.taiwanstay.net.tw/TSA/web_page/TSA020200.jsp?hohi_id=13622
102,福容徠旅 中壢,桃園市,中壢區,旅館,03-4270900,桃園市中壢區中正路89號,國旅補助優惠方案,,,10450,800、1200,2026-12-31,【國旅補助優惠方案】「生日補助」使用生日補助預訂「年度專案（徠旅假期)」，飯店加碼400元。※兩天一夜：政府補助1200元＋飯店加碼400元，最高可折抵房費1600元。「平日補助」使用平日補助預訂「年度專案（徠旅假期)」，飯店加碼第一晚400元，續住第二晚600元，可直接折抵房費。※兩天一夜：政府補助800元＋飯店加碼400元，最高可折抵房費1200元※三天二夜：政府補助800元＋政府補助1200元＋飯店加碼400元＋飯店加碼600元，最高可折抵房費3000元。,25.057145,121.446045,開放資料,4.1,1231,https://www.fullon-hotels.com.tw/fullon-poshtels/jl/tw/,https://www.taiwanstay.net.tw/TSA/web_page/TSA020200.jsp?hohi_id=6384
103,馬村隱園民宿,桃園市,中壢區,民宿,0922218205-,桃園市中壢區馬祖新村50號、51號,平價優質旅宿,3300,業者自報,7000,,,【平價優質旅宿】平日雙人房售價：3300,24.936342,121.237888,開放資料,,,,https://www.taiwanstay.net.tw/TSA/web_page/TSA020200.jsp?hohi_id=28298
104,青埔商務旅館,桃園市,大園區,旅館,03-4531053,桃園市大園區公園路一段82號,平價優質旅宿,3375,業者自報,9800,,,【平價優質旅宿】平日雙人房售價：3375,25.004618,121.210935,開放資料,,,https://www.cphotel.com.tw/,https://www.taiwanstay.net.tw/TSA/web_page/TSA020200.jsp?hohi_id=28514
105,三橋渡假旅店,桃園市,大溪區,旅館,03-3803999,桃園市大溪區瑞興里17鄰瑞安路1段168號,平價優質旅宿,3290,業者自報,6600,,,【平價優質旅宿】平日雙人房售價：3290,24.888268,121.278783,開放資料,,,https://www.3ch-hotel.com,https://www.taiwanstay.net.tw/TSA/web_page/TSA020200.jsp?hohi_id=28823
106,大溪老城四季行館,桃園市,大溪區,民宿,03-3881818,"桃園市大溪區中央路35-1,37號",平價優質旅宿,2500,業者自報,6000,,,【平價優質旅宿】平日雙人房售價：2500,24.879321,121.285542,開放資料,,,,https://www.taiwanstay.net.tw/TSA/web_page/TSA020200.jsp?hohi_id=16902
107,新南一二文創商行,桃園市,大溪區,民宿,03-3884466,桃園市大溪區中山路12號,國旅補助優惠方案,,,4000,,2026-12-31,【國旅補助優惠方案】平日續住第二晚，折扣500元（限官網／電話訂房）,24.881739,121.284867,開放資料,4.7,224,http://www.facebook.com/sinnan12/,https://www.taiwanstay.net.tw/TSA/web_page/TSA020200.jsp?hohi_id=20246
108,秘境41,桃園市,大溪區,民宿,03-3887111,桃園市大溪區興和里19鄰中央路41號,平價優質旅宿,2800,業者自報,6000,,,【平價優質旅宿】平日雙人房售價：2800,24.879457,121.28775,開放資料,,,,https://www.taiwanstay.net.tw/TSA/web_page/TSA020200.jsp?hohi_id=29881
109,日月光國際大飯店,桃園市,平鎮區,旅館,03-4916018,桃園市平鎮區民族路二段69號 3-12樓,國旅補助優惠方案,,,5600,,2026-12-31,【國旅補助優惠方案】實際房價及空房狀況依本館當日公告為準，歡迎至官方網站查詢或來電洽詢。,24.957413,121.207191,開放資料,3.9,1682,http://taoyuan.hotel-j.com.tw,https://www.taiwanstay.net.tw/TSA/web_page/TSA020200.jsp?hohi_id=17246
110,周家渡假旅館,桃園市,復興區,旅館,092207070703-3912125,桃園市復興區華陵村10鄰巴崚113號1樓,國旅補助優惠方案,,,1200,,2026-12-31,【國旅補助優惠方案】115年國旅平日住宿獎助+生日券,24.68548,121.397239,開放資料,4.2,231,,https://www.taiwanstay.net.tw/TSA/web_page/TSA020200.jsp?hohi_id=21791
111,小烏來山莊,桃園市,復興區,民宿,098887055503-3821199,桃園市復興區義盛里1鄰宇內路99號,平價優質旅宿,3000,業者自報,8800,,,【平價優質旅宿】平日雙人房售價：3000,24.785482,121.398467,開放資料,,,https://1971xanadu.com/,https://www.taiwanstay.net.tw/TSA/web_page/TSA020200.jsp?hohi_id=11676
112,山水奇異,桃園市,復興區,民宿,0932304351-,桃園市復興區復興路三段530號,平價優質旅宿,3500,業者自報,6600,,,【平價優質旅宿】平日雙人房售價：3500,24.825393,121.34057,開放資料,,,http://kiwi.okgo.tw/,https://www.taiwanstay.net.tw/TSA/web_page/TSA020200.jsp?hohi_id=15193
113,嶺鎮渡假木屋,桃園市,復興區,民宿,03-3912945,桃園市復興區華陵里14鄰中心路210巷2號,平價優質旅宿,2000,業者自報,4500,,,【平價優質旅宿】平日雙人房售價：2000,24.689149,121.41634,開放資料,,,https://lj.okgo.tw/,https://www.taiwanstay.net.tw/TSA/web_page/TSA020200.jsp?hohi_id=26343
114,恩愛農場,桃園市,復興區,民宿,03-3912335,桃園市復興區中心一路31號,平價優質旅宿,3000,業者自報,4000,,,【平價優質旅宿】平日雙人房售價：3000,24.696429,121.422051,開放資料,,,http://www.conjugallove.com/,https://www.taiwanstay.net.tw/TSA/web_page/TSA020200.jsp?hohi_id=15835
115,救國團復興青年活動中心,桃園市,復興區,旅館,03-3822276,桃園市復興區中山路1號,國旅補助優惠方案,3200,業者官網,6000,,2026-12-31,【國旅補助優惠方案】115年國旅平日住宿補助優惠方案適用日期115.9.1~11.30平日(週日至週四)1.適用中心原有住宿1日優惠專案2.二人入住兩晚優惠價4000元起3.四人入住兩晚優惠價6500元＊包含隔日早餐（依房型人數），晚餐加購價300元/人。＊每房贈送乙張66折住宿折價券(限下次住宿時使用)＊使用限制：(1)限中籤者，並辦理符合國旅補助資料。(2)限電話訂房使用。,24.48471,121.21033,開放資料,4.3,600,http://fuhsing.cyh.org.tw/,https://www.taiwanstay.net.tw/TSA/web_page/TSA020200.jsp?hohi_id=32562
116,普拉多山丘假期,桃園市,復興區,民宿,03-3821425,桃園市復興區三民里水管頭23-1號,平價優質旅宿,2500,業者自報,6000,,,【平價優質旅宿】平日雙人房售價：2500,24.826275,121.34783,開放資料,,,http://www.prado.com.tw,https://www.taiwanstay.net.tw/TSA/web_page/TSA020200.jsp?hohi_id=1084
117,河那灣,桃園市,復興區,民宿,091923530303-3822340,桃園市復興區澤仁里3鄰溪口台41號,國旅補助優惠方案、平價優質旅宿,2800,業者自報,6000,,2026-12-31,"【國旅補助優惠方案】園區導覽+傳統射箭體驗+踩高敲體驗+早餐免費咖啡

【平價優質旅宿】平日雙人房售價：2800",24.803927,121.342941,開放資料,4.6,209,,https://www.taiwanstay.net.tw/TSA/web_page/TSA020200.jsp?hohi_id=21534
118,谷點咖啡民宿,桃園市,復興區,民宿,092282267203-3912415,桃園市復興區華陵里8鄰巴崚30號,平價優質旅宿,3400,業者自報,6200,,,【平價優質旅宿】平日雙人房售價：3400,24.676611,121.399666,開放資料,,,http://www.goodian.com.tw,https://www.taiwanstay.net.tw/TSA/web_page/TSA020200.jsp?hohi_id=15081
119,達彥休閒民宿,桃園市,復興區,民宿,0955530711-,桃園市復興區霞雲里11鄰庫志32號,平價優質旅宿,2500,業者自報,4500,,,【平價優質旅宿】平日雙人房售價：2500,24.806795,121.397158,開放資料,,,,https://www.taiwanstay.net.tw/TSA/web_page/TSA020200.jsp?hohi_id=7086
120,悠悅旅館,桃園市,新屋區,旅館,03-4201678,桃園市新屋區中山東路二段536號,平價優質旅宿,2280,業者自報,6000,,,【平價優質旅宿】平日雙人房售價：2280,24.964941,121.141824,開放資料,,,https://uyamotel.com/,https://www.taiwanstay.net.tw/TSA/web_page/TSA020200.jsp?hohi_id=26379
121,住都大飯店,桃園市,桃園區,旅館,03-3766177,"桃園市桃園區桃鶯路398號5-12樓,398-1號1-9樓,398-2號1-9樓,388-5號1-11樓",平價優質旅宿,2760,業者自報,5800,,,【平價優質旅宿】平日雙人房售價：2760,24.975817,121.323277,開放資料,,,http://www.chuto.com.tw/,https://www.taiwanstay.net.tw/TSA/web_page/TSA020200.jsp?hohi_id=10641
122,六星旅館,桃園市,桃園區,旅館,03-3467668,桃園市桃園區經國路721號,平價優質旅宿,2600,業者自報,7800,,,【平價優質旅宿】平日雙人房售價：2600,25.024742,121.301641,開放資料,,,https://www.168inn.com.tw/zh-tw/,https://www.taiwanstay.net.tw/TSA/web_page/TSA020200.jsp?hohi_id=200
123,尊爵大飯店,桃園市,桃園區,觀光旅館,03-3169900,桃園市桃園區莊敬路一段300號,國旅補助優惠方案,,,6800,,2026-12-31,"【國旅補助優惠方案】※國旅平日住宿獎助：依官網線上訂房專案。※生日券優惠方案：【2026『生日壽星』住房優惠專案】【專案日期】2026/01/01(四)~2026/12/31(四)【專案房價】尊榮豪華客房每晚NT$3,520【專案內容】1．尊榮豪華客房入住乙晚(可選擇一大床或二小床)。2．贈送自助式早餐兩客、客房MiniBar飲品、客房簡單生日佈置。3．週六及連續假日須加價NT$300/晚。【生日好禮二擇一】1．當週壽星享客房升等『14坪尊榮豪華套房』2．當週壽星贈桃園機場或桃園高鐵『單程免費接駁』乙次【用餐加碼禮遇】1.住宿期間於飯店餐廳消費，享餐飲85折+原價10%優惠(不含酒水)2.加碼小驚喜：▲桃苑廳消費即贈送小壽桃▲四季廳消費即贈送切片蛋糕乙片(口味隨機提供恕不接受指定)",25.024584,121.297762,開放資料,4.1,4173,http://www.monarch-hotels.com.tw,https://www.taiwanstay.net.tw/TSA/web_page/TSA020200.jsp?hohi_id=15127
124,智醫康寓,桃園市,桃園區,旅館,03-3362575,桃園市桃園區民生路107號,平價優質旅宿,3500,業者自報,7800,,,【平價優質旅宿】平日雙人房售價：3500,24.992595,121.313386,開放資料,,,http://www.healthy-residence.com,https://www.taiwanstay.net.tw/TSA/web_page/TSA020200.jsp?hohi_id=32086
125,潮摩鐵汽車旅館,桃園市,桃園區,旅館,03-3012220,桃園市桃園區大興西路二段69巷12號2樓,平價優質旅宿,2880,業者自報,7200,,,【平價優質旅宿】平日雙人房售價：2880,25.010831,121.298704,開放資料,,,http://168inn.com.tw/,https://www.taiwanstay.net.tw/TSA/web_page/TSA020200.jsp?hohi_id=9196
126,瑪駿汽車旅館,桃園市,桃園區,旅館,03-2206566,桃園市桃園區宏昌七街100號,國旅補助優惠方案,2300,業者官網,5700,,2026-12-31,【國旅補助優惠方案】115年國旅平日住宿獎助＋生日券,24.986894,121.293654,開放資料,4.4,938,https://www.mmmotel.com/,https://www.taiwanstay.net.tw/TSA/web_page/TSA020200.jsp?hohi_id=16448
127,皇冠商務汽車旅館,桃園市,桃園區,旅館,03-3266066,桃園市桃園區莊敬路一段150號,國旅補助優惠方案,,,8000,,2026-12-31,"【國旅補助優惠方案】優惠方案:來電預訂平日住宿,享有每房折抵NT$300/晚優惠住宿方案皆附贈中西式自助早餐注意事項:*此優惠與官網訂房及訂房平台(Booking/Agoda/Funnow/Gomaji...等)不得併行使用官網ifmotel.com.tw電話03-3266066/03-3563939地址桃園市桃園區莊敬路一段150號Line@ifmotel",25.025777,121.300228,開放資料,3.9,357,https://www.ifmotel.com.tw/,https://www.taiwanstay.net.tw/TSA/web_page/TSA020200.jsp?hohi_id=2551
128,福容大飯店   桃園,桃園市,桃園區,觀光旅館,03-3265800,桃園市桃園區大興西路1段200號,國旅補助優惠方案,,,,800,2026-12-31,【國旅補助優惠方案】(一)使用$800元補助，入住即贈$300元餐飲抵用券(二)【使用國旅補助入住】並預訂「2026福容假期一泊一食」即可享免費升等一等！,25.013918,121.302993,開放資料,4.1,3148,http://www.fullon-hotels.com.tw/ty/,https://www.taiwanstay.net.tw/TSA/web_page/TSA020200.jsp?hohi_id=13888
129,蜜月世紀大飯店,桃園市,桃園區,旅館,03-3374567,桃園市桃園區三民路三段55號,國旅補助優惠方案、平價優質旅宿,2000,業者自報,4800,800、1200,2026-12-31,"【國旅補助優惠方案】國旅補助:每間房第一晚$800，第二晚後$1200/晚生日券$1200

【平價優質旅宿】平日雙人房售價：2000",24.997446,121.307001,開放資料,4.1,867,,https://www.taiwanstay.net.tw/TSA/web_page/TSA020200.jsp?hohi_id=14589
130,里萊行旅,桃園市,桃園區,旅館,03-3178800,桃園市桃園區天祥七街25號,國旅補助優惠方案,,,5960,,2026-12-31,"【國旅補助優惠方案】【平日住宿優惠】活動期間內，凡於平日(週日~週四)入住並出示優惠資格者，可折抵當日住宿費NT$200。【生日優惠】住宿–訂房享折扣NT$500及贈送精緻小禮物！休息–免費加贈30分鐘※當日壽星入住(含生日前後3天)，限""官網及電話訂房""。",25.023553,121.30151,開放資料,4.5,882,http://www.lilaiinn.com,https://www.taiwanstay.net.tw/TSA/web_page/TSA020200.jsp?hohi_id=15480
131,揚昇山莊,桃園市,楊梅區,旅館,03-4780099,桃園市楊梅區楊昇路256號1-3樓,國旅補助優惠方案,,,9800,1500,2026-12-31,"【國旅補助優惠方案】住宿專案優惠(2026/9/1-2026/11/30)1. 兩人NT$3,600+10%/間2. 四人NT$5,600+10%/間3. 專案內容：標準雙人房(2人)/豪華雙人房(4人)兩天一夜住宿每房最多可加一床，費用NT$1,500+10%咖啡廳早餐(每房兩/四客)烘焙坊迎賓飲料(每房兩/四客)贈送手做DIY課程(依房型人數)免費使用三溫暖、健身房、室外/室內游泳池三溫暖SPA、健身中心、兒童天地、撞球室、桌球室(使用保齡球享有會員優惠價)",24.893494,121.147771,開放資料,,,http://www.sunrise-golf.com.tw,https://www.taiwanstay.net.tw/TSA/web_page/TSA020200.jsp?hohi_id=12956
132,富立登國際大飯店,桃園市,蘆竹區,旅館,03-2120001,桃園市蘆竹區長榮路55號,國旅補助優惠方案,,,6800,,2026-12-31,【國旅補助優惠方案】115年國旅平日住宿獎助＋生日券業者自提優惠方案,25.056896,121.285723,開放資料,4.3,1390,http://www.freedom-tw.com,https://www.taiwanstay.net.tw/TSA/web_page/TSA020200.jsp?hohi_id=18451
133,水漾時尚旅館,桃園市,蘆竹區,旅館,03-2225858,桃園市蘆竹區洛陽街68號2-4樓,平價優質旅宿,2100,業者自報,3600,,,【平價優質旅宿】平日雙人房售價：2100-3070,25.044974,121.290574,開放資料,,,http://www.youngmotel.com.tw,https://www.taiwanstay.net.tw/TSA/web_page/TSA020200.jsp?hohi_id=3957
134,甲桂林商務旅館,桃園市,蘆竹區,旅館,03-3116799,"桃園市蘆竹區桃園街106,108,110號",平價優質旅宿,2700,業者自報,4400,,,【平價優質旅宿】平日雙人房售價：2700,25.045536,121.292015,開放資料,,,http://www.gueylin.com.tw,https://www.taiwanstay.net.tw/TSA/web_page/TSA020200.jsp?hohi_id=3999
135,川賦會館-石門山勞工育樂中心,桃園市,龍潭區,旅館,091033272703-4711225,桃園市龍潭區民治十六街87巷99號,國旅補助優惠方案,,,5800,,2026-12-31,【國旅補助優惠方案】使用國旅平日住宿獎助或生日劵住宿，享有9折優惠(不限房型，一房限用一位補助)請使用電話或官網訂房，並於訂房時告知旅館方需使用哪一種補助方式。,24.820206,121.233377,開放資料,4,1409,,https://www.taiwanstay.net.tw/TSA/web_page/TSA020200.jsp?hohi_id=37635
136,悅華大酒店,桃園市,龍潭區,旅館,03-4803388,桃園市龍潭區九龍里悅華路100號,國旅補助優惠方案,,,7000,,2026-12-31,"【國旅補助優惠方案】國旅補助優惠平日雙人2,639元起國旅補助觀光署旅遊補助住房專案平日(周日至周四)入住8折優惠，續住加碼贈送栗比頸掛風扇一個壽星專案平日雙人3,299元起生日簡易佈置。免費贈送迎賓飲料券兩張及鵲比金屬易拉扣鑰匙圈乙個(若遇缺貨，以比比家族鑰匙圈替代)。",24.869688,121.247775,開放資料,4,2804,http://www.tygc.com.tw/,https://www.taiwanstay.net.tw/TSA/web_page/TSA020200.jsp?hohi_id=16877
137,渴望會館,桃園市,龍潭區,旅館,03-4072999,桃園市龍潭區渴望路428號3-5樓,平價優質旅宿,3200,業者自報,8000,,,【平價優質旅宿】平日雙人房售價：3200,24.832966,121.19384,開放資料,,,http://www.aspireresort.com.tw,https://www.taiwanstay.net.tw/TSA/web_page/TSA020200.jsp?hohi_id=18014
138,悅徠舘,桃園市,龜山區,旅館,03-3280088,桃園市龜山區興華三街18號2樓之1,平價優質旅宿,3500,業者自報,10800,,,【平價優質旅宿】平日雙人房售價：3500,25.053886,121.365847,開放資料,,,http://www.joyfultel.com,https://www.taiwanstay.net.tw/TSA/web_page/TSA020200.jsp?hohi_id=26991
139,東楓MOTEL,桃園市,龜山區,旅館,03-3185868,桃園市龜山區文化二路52巷66號1-3樓,平價優質旅宿,1820,業者自報,3000,,,【平價優質旅宿】平日雙人房售價：1820-3070,25.056318,121.365945,開放資料,,,http://www.dongfengmotel.com.tw,https://www.taiwanstay.net.tw/TSA/web_page/TSA020200.jsp?hohi_id=7952
140,福容大飯店 桃園機場捷運 A8,桃園市,龜山區,旅館,03-3285688,桃園市龜山區復興一路2號3至9樓,國旅補助優惠方案,8800,業者官網,7800,,2026-12-31,【國旅補助優惠方案】國旅補助生日優惠:需使用政府2026國旅補助且為壽星本人入住，每張證件限優惠一間，享客房免費升等一級(最高至豪華客房),25.060415,121.369943,開放資料,4.3,2897,http://www.fullon-hotels.com.tw/a8/,https://www.taiwanstay.net.tw/TSA/web_page/TSA020200.jsp?hohi_id=15795
141,福容徠旅 林口,桃園市,龜山區,觀光旅館,03-3279388,桃園市龜山區文二一街68號,國旅補助優惠方案,,,8800,800、1200,2026-12-31,【國旅補助優惠方案】「生日補助」使用生日補助預訂「年度專案（徠旅假期)」，飯店加碼400元。※兩天一夜：政府補助1200元＋飯店加碼400元，最高可折抵房費1600元。「平日補助」使用平日補助預訂「年度專案（徠旅假期)」，飯店加碼第一晚400元，續住第二晚600元，可直接折抵房費。※兩天一夜：政府補助800元＋飯店加碼400元，最高可折抵房費1200元※三天二夜：政府補助800元＋政府補助1200元＋飯店加碼400元＋飯店加碼600元，最高可折抵房費3000元。上述旅遊補助及生日補助，依照政府規範可合併使用，惟飯店加碼擇一使用。,25.060993,121.362595,開放資料,4,2099,https://www.fullon-hotels.com.tw/fullon-poshtels/lk/tw/,https://www.taiwanstay.net.tw/TSA/web_page/TSA020200.jsp?hohi_id=16487
142,卡爾登飯店,新竹市,北區,旅館,03-5259999,新竹市北區北大路225號,國旅補助優惠方案,,,7260,,2026-12-31,【國旅補助優惠方案】各房型依定價提供55折優惠(含早餐),24.807818,120.965078,開放資料,,,http://www.carlton-hotel.com.tw/,https://www.taiwanstay.net.tw/TSA/web_page/TSA020200.jsp?hohi_id=13513
143,合悅都會商旅,新竹市,北區,旅館,03-5234499,新竹市北區西大路417號,國旅補助優惠方案,,,4800,,2026-12-31,【國旅補助優惠方案】合悅商旅旅遊補助優惠方案:標準雙人房1300元.景觀雙人房1700元.合悅4人房2000元.經典4人房2200元.六人房2700元以上房價含早餐!平日（週日至週四，不含國定假日及其連續假期）需來電訂房，不可透過訂房網站訂房(booking，agoda等訂房平台)每人最多得折抵二晚住宿，且須連續入住使用!本商旅位於市中心，走路到新竹城隍廟只要3分鐘，吃吃喝喝很方便~歡迎訂房入住感受風城古樸與美!地址:新竹市北區西大路417號電話:03-5234499,24.803971,120.963906,開放資料,3.7,570,,https://www.taiwanstay.net.tw/TSA/web_page/TSA020200.jsp?hohi_id=15604
144,新竹福華大飯店,新竹市,北區,旅館,03-5282323,新竹市北區中正路178號,國旅補助優惠方案,,,15000,,2026-12-31,"【國旅補助優惠方案】國旅平日住宿優惠專案內容： 豪華單床房(2人) 平日$3,500起/週六及連續假期$4,100起 豪華雙床房(4人) 平日$4,800起/週六及連續假期$6,400起 豪華公寓單床房(2人) 平日$3,800起/週六及連續假期$4,400起 豪華公寓雙床房(4人) 平日$5,200起/週六及連續假期$6,700起生日優惠【活動時間及房型價格】 週一至週四視房況可享行政單床房價格免費升等入住高級套房一晚，每房附贈2客早餐，再加贈0-11歲兒童一位免費入住，最多入住二大一小（兒童早餐另購，依現場身高標準收費）。 週五至週日享指定套房售價9折優惠，依房型人數提供早餐。【專案內容】1.當月壽星入住指定套房享有優惠，依房型附贈麗香苑自助早餐，壽星需憑證件本人入住，方可享有優惠價，每日視房況限量提供。2.每房加贈HOVIICAFE午茶組兌換券(迎賓飲料+點心)供2張。3.每房加贈一位兒童僅限於平日入住，恕不適用於週五至週日入住之房客。4..套房數量有限，敬請提早詢問預訂，連續假期不適用",24.809958,120.966259,開放資料,4,3868,https://www.howard-hotels.com.tw/zh_TW/HotelBusiness/101,https://www.taiwanstay.net.tw/TSA/web_page/TSA020200.jsp?hohi_id=7831
145,悅豪大飯店,新竹市,東區,旅館,03-5267890,新竹市東區復興路22號,國旅補助優惠方案,,,8980,,2026-12-31,"【國旅補助優惠方案】1.於本飯店使用115年國旅平日住宿獎助＋生日券之旅客,如需客房備品可至櫃台免費領取(牙刷牙膏,浴帽,梳子,刮鬍刀,棉花棒),依人數份提供。2.使用生日卷之旅客,""平日""可享房型升等(無窗房型可升精緻商務房,訂精緻商戶房可升陽台房),請注意周六、連續假期、跨年為非平日!如因不可抗力因素、或無其他空房導致無法升等房型,改為招待自助早餐2客。",24.802881,120.969061,開放資料,3.7,688,https://yuhaohotel.tw/,https://www.taiwanstay.net.tw/TSA/web_page/TSA020200.jsp?hohi_id=16763
146,暐順和選旅,新竹市,東區,旅館,03-5715888,新竹市東區光明里1鄰大學路16號,國旅補助優惠方案,,,9500,,2026-12-31,【國旅補助優惠方案】和選旅官網上任一住房專案適用,24.78915,121.000804,開放資料,4.3,3810,https://www.thehohotel.com.tw/,https://www.taiwanstay.net.tw/TSA/web_page/TSA020200.jsp?hohi_id=21295
147,巴奈築夢園,新竹縣,五峰鄉,民宿,0937189508-,新竹縣五峰鄉大隘村23鄰茅圃457之一號臨,平價優質旅宿,2800,業者自報,2800,,,【平價優質旅宿】平日雙人房售價：2800,24.836133,121.022371,開放資料,,,,https://www.taiwanstay.net.tw/TSA/web_page/TSA020200.jsp?hohi_id=32078
148,布拉谷民宿,新竹縣,五峰鄉,民宿,0921632897-,新竹縣五峰鄉桃山村17鄰清泉297之9號臨,平價優質旅宿,2300,業者自報,3400,,,【平價優質旅宿】平日雙人房售價：2300,24.5753,121.102272,開放資料,,,,https://www.taiwanstay.net.tw/TSA/web_page/TSA020200.jsp?hohi_id=35645
149,北昇休閒山莊民宿,新竹縣,北埔鄉,民宿,097221039503-5804607,新竹縣北埔鄉水磜村8鄰10-3號,平價優質旅宿,3000,業者自報,2200,,,【平價優質旅宿】平日雙人房售價：3000,24.70702,121.053764,開放資料,,,,https://www.taiwanstay.net.tw/TSA/web_page/TSA020200.jsp?hohi_id=13725
150,山水屋民宿,新竹縣,北埔鄉,民宿,03-5802888,新竹縣北埔鄉南坑村9鄰大南坑7-7號,國旅補助優惠方案,,,7200,,2026-12-31,【國旅補助優惠方案】入住贈送下午茶點心一組,24.670709,121.060107,開放資料,4.6,367,,https://www.taiwanstay.net.tw/TSA/web_page/TSA020200.jsp?hohi_id=18297
151,茅店B&B,新竹縣,北埔鄉,民宿,03-5804998,新竹縣北埔鄉南埔村南埔2鄰17之1號,平價優質旅宿,2990,業者自報,9800,,,【平價優質旅宿】平日雙人房售價：2990,24.696787,121.040919,開放資料,,,,https://www.taiwanstay.net.tw/TSA/web_page/TSA020200.jsp?hohi_id=32671
152,葛萊絲鄉村小屋,新竹縣,寶山鄉,民宿,0928516576,新竹縣寶山鄉雙新村10鄰吉林路33巷6號,平價優質旅宿,2400,業者自報,3600,,,【平價優質旅宿】平日雙人房售價：2400,24.762641,120.97663,開放資料,,,,https://www.taiwanstay.net.tw/TSA/web_page/TSA020200.jsp?hohi_id=32858
153,崗好山莊,新竹縣,尖石鄉,民宿,0908273191-,新竹縣尖石鄉秀巒村7鄰泰崗48-2號臨,平價優質旅宿,2600,業者自報,3000,,,【平價優質旅宿】平日雙人房售價：2600,24.611494,121.296158,開放資料,,,,https://www.taiwanstay.net.tw/TSA/web_page/TSA020200.jsp?hohi_id=35646
154,朝日溫泉民宿,新竹縣,尖石鄉,民宿,03-5841111,新竹縣尖石鄉錦屏村4鄰32號,國旅補助優惠方案,,,3800,,2026-12-31,【國旅補助優惠方案】平日住宿依當下訂房組報價打九折當月壽星一間房只可折抵一位壽星$200元假日不可使用，若使用請於訂房當下告知訂房組，並於入住當日出示證件。,24.673261,121.210917,開放資料,3.6,1081,,https://www.taiwanstay.net.tw/TSA/web_page/TSA020200.jsp?hohi_id=9396
155,森籟園渡假民宿,新竹縣,尖石鄉,民宿,0910336271-,新竹縣尖石鄉秀巒村9鄰鎮西堡4-1號,平價優質旅宿,2800,業者自報,3000,,,【平價優質旅宿】平日雙人房售價：2800,24.572944,121.311838,開放資料,,,http://www.cinsbu.com.tw/,https://www.taiwanstay.net.tw/TSA/web_page/TSA020200.jsp?hohi_id=15224
156,看星星民宿,新竹縣,尖石鄉,民宿,03-5847775,新竹縣尖石鄉秀巒村9鄰鎮西堡8-1號,平價優質旅宿,3500,業者自報,4500,,,【平價優質旅宿】平日雙人房售價：3500,24.574319,121.307063,開放資料,,,https://www.yauo.tw/,https://www.taiwanstay.net.tw/TSA/web_page/TSA020200.jsp?hohi_id=22064
157,葛優森林民宿,新竹縣,尖石鄉,民宿,0910336271-,新竹縣尖石鄉秀巒村9鄰鎮西堡2號,平價優質旅宿,2800,業者自報,3500,,,【平價優質旅宿】平日雙人房售價：2800,24.573111,121.308041,開放資料,,,,https://www.taiwanstay.net.tw/TSA/web_page/TSA020200.jsp?hohi_id=19595
158,魯壁民宿,新竹縣,尖石鄉,民宿,03-5847203,新竹縣尖石鄉玉峰村1鄰宇老6號,平價優質旅宿,3200,業者自報,3200,,,【平價優質旅宿】平日雙人房售價：3200,24.665777,121.279707,開放資料,,,,https://www.taiwanstay.net.tw/TSA/web_page/TSA020200.jsp?hohi_id=13796
159,二泉湖畔咖啡民宿,新竹縣,峨眉鄉,民宿,037-603158,新竹縣峨眉鄉湖光村12寮21-6號,平價優質旅宿,3000,業者自報,3900,,,【平價優質旅宿】平日雙人房售價：3000,24.675465,120.985504,開放資料,,,,https://www.taiwanstay.net.tw/TSA/web_page/TSA020200.jsp?hohi_id=5524
160,金湖灣民宿,新竹縣,峨眉鄉,民宿,037-603227,新竹縣峨眉鄉湖光村15鄰西河排21-9號,平價優質旅宿,2660,業者自報,3200,,,【平價優質旅宿】平日雙人房售價：2660,24.677243,120.978679,開放資料,,,,https://www.taiwanstay.net.tw/TSA/web_page/TSA020200.jsp?hohi_id=14128
161,鳳姊莊園民宿,新竹縣,峨眉鄉,民宿,03-5806966,新竹縣峨眉鄉富興村18鄰12-6號,國旅補助優惠方案、平價優質旅宿,2600,業者自報,4000,,2026-12-31,"【國旅補助優惠方案】國旅平日住宿贈下午茶生日券贈住宿優惠劵

【平價優質旅宿】平日雙人房售價：2600",24.709132,120.989248,開放資料,4.1,297,,https://www.taiwanstay.net.tw/TSA/web_page/TSA020200.jsp?hohi_id=17164
162,早苗莊園民宿,新竹縣,新埔鎮,民宿,03-5899099,新竹縣新埔鎮照門里7鄰5-3號,平價優質旅宿,2500,業者自報,4000,,,【平價優質旅宿】平日雙人房售價：2500,24.84863,121.11058,開放資料,,,http://www.budhome.tw,https://www.taiwanstay.net.tw/TSA/web_page/TSA020200.jsp?hohi_id=13293
163,霽月山莊民宿,新竹縣,新埔鎮,民宿,03-5899239,新竹縣新埔鎮照門里6鄰九芎湖15-7號,國旅補助優惠方案,,,5000,,2026-12-31,【國旅補助優惠方案】住宿旅客可免費提供包廂歡唱，夜間舉辦活動可提供大型歡唱場地(KTV)優惠活動。,24.852699,121.105665,開放資料,3.8,116,,https://www.taiwanstay.net.tw/TSA/web_page/TSA020200.jsp?hohi_id=1732
164,黛安莊園,新竹縣,新埔鎮,民宿,03-5888989,新竹縣新埔鎮關埔路雲東段1102巷1弄9號,平價優質旅宿,2760,業者自報,4600,,,【平價優質旅宿】平日雙人房售價：2760,24.815427,121.091073,開放資料,,,,https://www.taiwanstay.net.tw/TSA/web_page/TSA020200.jsp?hohi_id=21097
165,小叮噹科學主題樂園生活大師會館,新竹縣,新豐鄉,旅館,03-5592132,新竹縣新豐鄉松柏村康和路199號,平價優質旅宿,3180,業者自報,3180,,,【平價優質旅宿】平日雙人房售價：3180,24.869212,120.980036,開放資料,,,http://www.ding-dong.com.tw,https://www.taiwanstay.net.tw/TSA/web_page/TSA020200.jsp?hohi_id=11237
166,青葉商務旅館,新竹縣,新豐鄉,旅館,03-5592175,新竹縣新豐鄉員山村學府路130號6樓,平價優質旅宿,1700,業者自報,1700,,,【平價優質旅宿】平日雙人房售價：1700,24.871384,120.996444,開放資料,,,,https://www.taiwanstay.net.tw/TSA/web_page/TSA020200.jsp?hohi_id=10530
167,傳客莊民宿,新竹縣,橫山鄉,民宿,03-5811599,新竹縣橫山鄉沙坑村16鄰中豐路三段140號,平價優質旅宿,2100,業者自報,2800,,,【平價優質旅宿】平日雙人房售價：2100(不含早餐),24.746322,121.167503,開放資料,,,,https://www.taiwanstay.net.tw/TSA/web_page/TSA020200.jsp?hohi_id=16674
168,彎月民宿,新竹縣,橫山鄉,民宿,03-5848062,新竹縣橫山鄉內灣村中正路279號,國旅補助優惠方案,,,2800,,2026-12-31,【國旅補助優惠方案】平日住宿，房價優惠200元，若當月生日則加優惠100元，共計300元。,24.705824,121.180996,開放資料,4.9,3166,http://hohty.okgo.tw/index.html,https://www.taiwanstay.net.tw/TSA/web_page/TSA020200.jsp?hohi_id=20574
169,星光流域,新竹縣,橫山鄉,民宿,03-5849433,新竹縣橫山鄉內灣村146號,平價優質旅宿,1800,業者自報,2500,,,【平價優質旅宿】平日雙人房售價：1800,24.70644,121.182731,開放資料,,,,https://www.taiwanstay.net.tw/TSA/web_page/TSA020200.jsp?hohi_id=147
170,H Motel 璽悅國際精品旅館,新竹縣,竹北市,旅館,03-5512777,新竹縣竹北市中山路116號1-2樓,平價優質旅宿,2800,業者自報,6000,,,【平價優質旅宿】平日雙人房售價：2800,24.834847,121.022737,開放資料,,,https://www.hmotel.com.tw/,https://www.taiwanstay.net.tw/TSA/web_page/TSA020200.jsp?hohi_id=33612
171,享豪大飯店,新竹縣,竹北市,旅館,03-6565501,新竹縣竹北市信義街7號,平價優質旅宿,2800,業者自報,2240,,,【平價優質旅宿】平日雙人房售價：2800,24.836946,121.00934,開放資料,,,,https://www.taiwanstay.net.tw/TSA/web_page/TSA020200.jsp?hohi_id=2414
172,巧麗大飯店有限公司,新竹縣,竹北市,旅館,03-5518171,新竹縣竹北市台元街33號,平價優質旅宿,1480,業者自報,4000,,,【平價優質旅宿】平日雙人房售價：1480,24.839454,121.011169,開放資料,,,http://www.chiao-lotus.com.tw/,https://www.taiwanstay.net.tw/TSA/web_page/TSA020200.jsp?hohi_id=20079
173,築夢民宿,新竹縣,竹東鎮,民宿,03-5949177,新竹縣竹東鎮瑞峰里2鄰26號,平價優質旅宿,2500,業者自報,3000,,,【平價優質旅宿】平日雙人房售價：2500,24.661915,121.096564,開放資料,,,http://my-dream.com.tw/,https://www.taiwanstay.net.tw/TSA/web_page/TSA020200.jsp?hohi_id=19811
174,老農夫山莊,新竹縣,竹東鎮,民宿,03-5949192,新竹縣竹東鎮瑞峰里25-2號,平價優質旅宿,2000,業者自報,2500,,,【平價優質旅宿】平日雙人房售價：2000,24.661915,121.096564,開放資料,,,,https://www.taiwanstay.net.tw/TSA/web_page/TSA020200.jsp?hohi_id=7584
175,三義行館,苗栗縣,三義鄉,民宿,0919218244,苗栗縣三義鄉廣盛村41鄰八股路館前8巷1之19號,國旅補助優惠方案,,,3600,,2026-12-31,【國旅補助優惠方案】請輸入115年國旅平日住宿獎助＋生日券,24.40607,120.763748,開放資料,3.4,87,,https://www.taiwanstay.net.tw/TSA/web_page/TSA020200.jsp?hohi_id=18051
176,向草語蟲民宿,苗栗縣,三義鄉,民宿,037-876416,苗栗縣三義鄉勝興村13鄰勝興50之1號,國旅補助優惠方案,,,6880,,2026-12-31,【國旅補助優惠方案】向草語蟲位於苗栗三義山林間，以「人與自然共生」為理念，打造充滿木質溫度與綠意植栽的療癒住宿空間。凡符合115年國旅平日住宿獎助及生日券活動資格之旅客，平日入住即可依活動規定折抵住宿費，享受遠離城市喧囂的慢旅行時光。入住期間可漫步山林、感受蟲鳴鳥語與四季景色，在舒適自然的環境中放鬆身心。民宿鄰近勝興車站、龍騰斷橋等熱門景點，交通便利，適合情侶、家庭及好友出遊。歡迎提前預約，實際優惠內容依交通部觀光署活動辦法及房況安排辦理，期待與您一同展開美好的森林假期,24.392795,120.780934,開放資料,4.6,528,,https://www.taiwanstay.net.tw/TSA/web_page/TSA020200.jsp?hohi_id=26229
177,柏竺山莊,苗栗縣,三義鄉,民宿,0923713895-,苗栗縣三義鄉雙潭村13鄰崩山下10號,國旅補助優惠方案,,,4000,,2026-12-31,"【國旅補助優惠方案】平日一般住宿限時優惠價,假日9折優惠當月壽星(壽星本人)加贈下午茶套餐一份",24.385992,120.803325,開放資料,,,https://www.facebook.com/?locale=zh_TW,https://www.taiwanstay.net.tw/TSA/web_page/TSA020200.jsp?hohi_id=17918
178,沁澐森林莊園,苗栗縣,三義鄉,民宿,037-951236,苗栗縣三義鄉雙潭村16鄰崩山下45之1號,國旅補助優惠方案,,,12800,800、1200,2026-12-31,"【國旅補助優惠方案】沁澐獨家加碼優惠1.連住沁澐森林莊園第兩晚再優惠折扣300元2.使用生日卷旅客可再享有乙份自製特色南瓜派甜點平日住宿優惠適用時間：週日至週四（不含國定假日）折抵金額：第1晚：800元連住第2晚：加碼1,200元連住兩晚合計最高可抵2,000元生日住宿優惠適用時間：限生日當月使用折抵金額：壽星加碼：1,200元住宿補助金 可與「平日住宿優惠」疊加使用！",24.387723,120.821905,開放資料,5,4,,https://www.taiwanstay.net.tw/TSA/web_page/TSA020200.jsp?hohi_id=27208
179,甘丹民宿,苗栗縣,三義鄉,民宿,0978275231-,苗栗縣三義鄉双湖村15鄰双湖7之11號,國旅補助優惠方案,,,3800,,2026-12-31,【國旅補助優惠方案】周四入住，週五續住，可以週五房價折抵500，週五房價；雙人房2080，四人房3080，以上活動不與其他優惠併用,24.419935,120.772558,開放資料,4.8,268,,https://www.taiwanstay.net.tw/TSA/web_page/TSA020200.jsp?hohi_id=33614
180,福田瓦舍,苗栗縣,三義鄉,民宿,037-876156,苗栗縣三義鄉龍騰村1鄰龍騰26號,國旅補助優惠方案,,,3000,,2026-12-31,【國旅補助優惠方案】符合平日住宿獎助條件者:1/入住第一晚加碼200。2/連續入住兩晚，第一晚加碼200元，第二晚再加碼300元，搭配獎助活動方案後兩晚每房共折2500。,24.37416,120.781025,開放資料,4.2,357,http://www.futen-house.com.tw,https://www.taiwanstay.net.tw/TSA/web_page/TSA020200.jsp?hohi_id=21356
181,雲洞山莊,苗栗縣,三義鄉,民宿,037-951531,苗栗縣三義鄉雙潭村16鄰崩山下45號,國旅補助優惠方案,,,3500,800、1200,2026-12-31,"【國旅補助優惠方案】1 ⃣平日住宿優惠適用時間：週日至週四（不含國定假日）折抵金額：第1晚：800元連住第2晚：加碼1,200元 連住兩晚合計最高可抵2,000元2 ⃣生日住宿優惠適用時間：限生日當月使用折抵金額：壽星加碼：1,200元住宿補助金 可與「平日住宿優惠」疊加使用！ 壽星省錢極致組合若於生日當月的平日（週日～週四）連續入住兩晚：平日連住2,000元＋壽星加碼1,200元＝最高折抵3,200元！",24.388631,120.822072,開放資料,4.2,1854,,https://www.taiwanstay.net.tw/TSA/web_page/TSA020200.jsp?hohi_id=27229
182,六小孩親子民宿,苗栗縣,公館鄉,民宿,0900033666-,苗栗縣公館鄉五谷村10鄰五谷298之7號,國旅補助優惠方案,,,18000,,2026-12-31,【國旅補助優惠方案】1.平日入住贈送免費飲品與零食。2.當日壽星預定贈送生日場地佈置，加贈蛋糕分享外匯盤1盤。,24.31326,120.49308,開放資料,5,101,,https://www.taiwanstay.net.tw/TSA/web_page/TSA020200.jsp?hohi_id=37288
183,弌宅民宿,苗栗縣,卓蘭鎮,民宿,0932535492,苗栗縣卓蘭鎮西坪里4鄰西坪43之19號,國旅補助優惠方案,,,9600,,2026-12-31,【國旅補助優惠方案】115年「平日住宿獎助」、「生日券」及「TaiwanPASS住宿抵用券」,24.334922,120.828332,開放資料,4.2,978,,https://www.taiwanstay.net.tw/TSA/web_page/TSA020200.jsp?hohi_id=28263
184,弍寓民宿,苗栗縣,卓蘭鎮,民宿,0978213198,苗栗縣卓蘭鎮西坪里4鄰西坪43之18號,國旅補助優惠方案,,,9600,,2026-12-31,【國旅補助優惠方案】115年國旅「平日住宿獎助」、「生日券」及「TaiwanPASS住宿抵用券」,24.334835,120.828511,開放資料,4.2,978,,https://www.taiwanstay.net.tw/TSA/web_page/TSA020200.jsp?hohi_id=28262
185,弎弄民宿,苗栗縣,卓蘭鎮,民宿,0935326423,苗栗縣卓蘭鎮西坪里4鄰西坪43-17號,國旅補助優惠方案,,,25000,,2026-12-31,【國旅補助優惠方案】115年國旅「平日住宿獎助」、「生日券」及「TaiwanPASS住宿抵用券」,24.335081,120.827584,開放資料,4.2,978,,https://www.taiwanstay.net.tw/TSA/web_page/TSA020200.jsp?hohi_id=32977
186,肆院民宿,苗栗縣,卓蘭鎮,民宿,0927950880,苗栗縣卓蘭鎮西坪里4鄰西坪43-16號,國旅補助優惠方案,,,25000,,2026-12-31,【國旅補助優惠方案】115年國旅「平日住宿獎助」、「生日券」及「TaiwanPASS住宿抵用券」,24.334841,120.827085,開放資料,4.2,978,,https://www.taiwanstay.net.tw/TSA/web_page/TSA020200.jsp?hohi_id=32978
187,幸福綠光,苗栗縣,南庄鄉,民宿,037-821751,苗栗縣南庄鄉南江村14鄰小東河17之3號,國旅補助優惠方案,,,6200,,2026-12-31,【國旅補助優惠方案】依照規定補助金額辦理配合,24.575554,120.994761,開放資料,,,http://www.greenshine.com.tw/,https://www.taiwanstay.net.tw/TSA/web_page/TSA020200.jsp?hohi_id=12628
188,大湖一品苑,苗栗縣,大湖鄉,民宿,0961068553-,苗栗縣大湖鄉靜湖村5鄰和平路12號,國旅補助優惠方案,,,3500,,2026-12-31,【國旅補助優惠方案】115年國旅平日住宿獎助＋生日券業者自提優惠方案,24.426594,120.870566,開放資料,4.4,18,https://www.dahuyipinyuan.com,https://www.taiwanstay.net.tw/TSA/web_page/TSA020200.jsp?hohi_id=35216
189,水頭人家,苗栗縣,大湖鄉,民宿,037-992990,苗栗縣大湖鄉大寮村10鄰水頭寮14之8號,國旅補助優惠方案,,,3000,,2026-12-31,"【國旅補助優惠方案】115年國旅平日住宿獎助+生日券+當日農特產伴手+道地早餐(團體包棟者,另附生態祕境導覽)",24.408226,120.869973,開放資料,4.8,262,,https://www.taiwanstay.net.tw/TSA/web_page/TSA020200.jsp?hohi_id=1452
190,南苗大旅社,苗栗縣,苗栗市,旅館,037-321961,苗栗縣苗栗市中正路898號,國旅補助優惠方案,,,3500,,2026-12-31,【國旅補助優惠方案】南苗城市商旅平日住宿大優惠！南苗城市商旅生日住宿大優惠！,24.551627,120.815963,開放資料,3.2,221,,https://www.taiwanstay.net.tw/TSA/web_page/TSA020200.jsp?hohi_id=6368
191,禾家商旅,苗栗縣,苗栗市,旅館,037-356666,苗栗縣苗栗市建功里忠孝路77號,國旅補助優惠方案,,,8000,,2026-12-31,【國旅補助優惠方案】住宿享免費早餐.自助洗衣房免費使用,24.563782,120.818666,開放資料,4.1,470,http://he-jia-hotel.com.tw,https://www.taiwanstay.net.tw/TSA/web_page/TSA020200.jsp?hohi_id=22725
192,米南汽車旅館,苗栗縣,苗栗市,旅館,037-335088,苗栗縣苗栗市新英里新英76號,國旅補助優惠方案,,,2200,,2026-12-31,【國旅補助優惠方案】米南平日住宿大優惠！米南生日住宿大優惠！,24.557237,120.807491,開放資料,3.4,347,,https://www.taiwanstay.net.tw/TSA/web_page/TSA020200.jsp?hohi_id=16099
193,西湖柚子家民宿,苗栗縣,西湖鄉,民宿,037-922531,苗栗縣西湖鄉湖東村8鄰埔頂9之45號,國旅補助優惠方案,,,4000,,2026-12-31,"【國旅補助優惠方案】於Booking和agoda訂房者不適用國旅補助優惠專案。來電訂房,入住第二晚以上,每房可再優惠折抵100元。",24.568393,120.757714,開放資料,4.8,352,,https://www.taiwanstay.net.tw/TSA/web_page/TSA020200.jsp?hohi_id=27245
194,輕山居,苗栗縣,通霄鎮,民宿,0933206929-,苗栗縣通霄鎮福興里10鄰福興112之33號,國旅補助優惠方案,,,5000,,2026-12-31,【國旅補助優惠方案】115年國旅平日住宿獎助＋生日券業者自提優惠方案,24.415702,120.730244,開放資料,4.7,78,,https://www.taiwanstay.net.tw/TSA/web_page/TSA020200.jsp?hohi_id=22061
195,飛螢農莊,苗栗縣,通霄鎮,民宿,037-783371,苗栗縣通霄鎮福興里11鄰福興126號,國旅補助優惠方案,,,4200,1200、1500,2026-12-31,"【國旅補助優惠方案】「國旅補助×飛螢農莊雙重優惠」第一重｜政府幫你省平日住宿最高折抵2,000元（連住兩晚）生日券最高再折抵1,200元TaiwanPASS再享1,500元住宿抵用符合資格者可依規定併用，最高可享更高住宿優惠。第二重｜飛螢農莊再加碼入住即可享有： 森林迎賓點心 館內DIY體驗享9折優惠(採預約制) 伴手禮享95折 BBQ食材加購折抵300元（每房乙次，須提前預訂） 連住兩晚再贈夜間生態導覽（依當日天氣狀況）或延後退房（依房況）",24.410859,120.743345,開放資料,,,,https://www.taiwanstay.net.tw/TSA/web_page/TSA020200.jsp?hohi_id=5772
196,小樹的家,苗栗縣,銅鑼鄉,民宿,0955661256-,苗栗縣銅鑼鄉福興村3鄰中山路130之1號,國旅補助優惠方案,2100,業者官網,3000,,2026-12-31,【國旅補助優惠方案】歡迎使用國旅住宿獎助^^,24.494339,120.788387,開放資料,4.9,335,https://treehouse981011.wixsite.com/mysite,https://www.taiwanstay.net.tw/TSA/web_page/TSA020200.jsp?hohi_id=26089
197,台中鳳凰酒店,臺中市,中區,旅館,04-37028555,臺中市中區民權路​​162號及​164號地下1樓至地上9樓,平價優質旅宿,3099,業者自報,7260,,,【平價優質旅宿】平日雙人房售價：3099,24.141058,120.67658,開放資料,,,https://hotelphoenix.com.tw,https://www.taiwanstay.net.tw/TSA/web_page/TSA020200.jsp?hohi_id=31003
198,塔木德酒店CLASSIC台中火車站館,臺中市,中區,旅館,04-22235678,臺中市中區民權路66號、繼光街25號1至9樓,平價優質旅宿,1924,業者自報,8000,,,【平價優質旅宿】平日雙人房售價：1924,24.137331,120.68077,開放資料,,,,https://www.taiwanstay.net.tw/TSA/web_page/TSA020200.jsp?hohi_id=17280
199,奇異果快捷旅店－站前一館,臺中市,中區,旅館,04-22245577,臺中市中區臺灣大道一段19號6至12樓,國旅補助優惠方案,,,4600,,2026-12-31,【國旅補助優惠方案】電話訂房、官方LINE訂房、FB訂房、現場訂房皆可以再享有95折優惠!(網訂不包含在內),24.138027,120.684427,開放資料,3.7,1824,,https://www.taiwanstay.net.tw/TSA/web_page/TSA020200.jsp?hohi_id=16484
200,微笑73旅店,臺中市,中區,旅館,04-22211666,臺中市中區光復路101號,國旅補助優惠方案、平價優質旅宿,1300,業者自報,5000,,2026-12-31,"【國旅補助優惠方案】【活動內容】凡旅客於活動期間至官網預訂本專案，即享〈優惠價〉折扣95折優惠，且每房可獲贈【塔木德酒店集團】美食店家專屬優惠券（總價值超過$1,800）乙份（贈完為止）。持券至指定合作店家消費，即可享有專屬優惠！

【平價優質旅宿】平日雙人房售價：1300",24.142221,120.682792,開放資料,4.5,2797,,https://www.taiwanstay.net.tw/TSA/web_page/TSA020200.jsp?hohi_id=16538
201,快樂腳旅棧,臺中市,中區,旅館,04-22232033,臺中市中區中華路一段185號9樓之1至9樓之16、10樓之1至10樓之17,國旅補助優惠方案,,,1980,,2026-12-31,"【國旅補助優惠方案】1.標準雙人牌價$4880平日:(日~四)2折$9762.經濟四人牌價$7180平日:(日~四)2折$1436以上住宿期間皆贈館內可樂,雪碧免費喝到飽~",24.146048,120.677501,開放資料,4.2,812,,https://www.taiwanstay.net.tw/TSA/web_page/TSA020200.jsp?hohi_id=19873
202,悅樂旅店,臺中市,中區,旅館,04-22217668,臺中市中區中山路55號,國旅補助優惠方案,,,3450,,2026-12-31,【國旅補助優惠方案】依官網各項住房專案為主(團購網不適用),24.138367,120.682476,開放資料,4.7,1865,https://www.olah.com.tw/Taichung-Zhongshan/tw/,https://www.taiwanstay.net.tw/TSA/web_page/TSA020200.jsp?hohi_id=8788
203,挪威森林行旅1號館,臺中市,中區,旅館,095595679604-22293388,臺中市中區建國路184號3至11樓,國旅補助優惠方案、平價優質旅宿,1362,業者自報,1680,,2026-12-31,"【國旅補助優惠方案】挪威森林旅館集團2026國旅補助方案透過官網線上訂房且入住當日符合國旅續住補助資格者，可享平日住宿買一送一，一泊二食專案優惠。

【平價優質旅宿】平日雙人房售價：1362",24.137925,120.685383,開放資料,4.7,1967,http://taichungtravelhotel1.villa-group.com.tw/,https://www.taiwanstay.net.tw/TSA/web_page/TSA020200.jsp?hohi_id=8849
204,挪威森林行旅3號館,臺中市,中區,旅館,04-22212288,臺中市中區建國路187號,國旅補助優惠方案,,,1480,,2026-12-31,【國旅補助優惠方案】挪威森林旅館集團2026國旅補助方案透過官網線上訂房且入住當日符合國旅續住補助資格者，可享平日住宿買一送一，一泊二食專案優惠。,24.138873,120.686016,開放資料,,,http://taichungtravelhotel3.villa-group.com.tw/index.html,https://www.taiwanstay.net.tw/TSA/web_page/TSA020200.jsp?hohi_id=11101
205,新盛橋行旅,臺中市,中區,旅館,04-22211888,臺中市中區中山路26號,平價優質旅宿,1013,業者自報,1200,,,【平價優質旅宿】平日雙人房售價：1013(不含早餐),24.138098,120.683069,開放資料,,,http://ssb-hotel.com.tw/,https://www.taiwanstay.net.tw/TSA/web_page/TSA020200.jsp?hohi_id=18220
206,旅巷自在輕旅,臺中市,中區,旅館,04-22228187,臺中市中區成功路10號5樓之1、6樓之1,國旅補助優惠方案,,,1000,,2026-12-31,【國旅補助優惠方案】背包床位平日入住，住兩晚再送一晚或住宿券,24.138327,120.683753,開放資料,4.6,677,http://www.loosha.com.tw,https://www.taiwanstay.net.tw/TSA/web_page/TSA020200.jsp?hohi_id=3773
207,明通行商旅,臺中市,中區,旅館,091142349304-22265601,臺中市中區平等街24號(1、3至7樓),國旅補助優惠方案、平價優質旅宿,1311,業者自報,3880,,2026-12-31,"【國旅補助優惠方案】配合115年國旅平日住宿獎助＋生日券優惠

【平價優質旅宿】平日雙人房售價：1311",24.14024,120.679472,開放資料,4.6,631,https://reurl.cc/2leVyX,https://www.taiwanstay.net.tw/TSA/web_page/TSA020200.jsp?hohi_id=26787
208,沫秋立柳川行旅,臺中市,中區,旅館,04-22229880,臺中市中區柳川西路三段22號、22號3~12樓之1,國旅補助優惠方案,,,9880,,2026-12-31,【國旅補助優惠方案】凡連續入住2晚，即可享有第3晚房價8折,24.143015,120.676919,開放資料,,,,https://www.taiwanstay.net.tw/TSA/web_page/TSA020200.jsp?hohi_id=10943
209,漫旅光城,臺中市,中區,旅館,04-22291689,臺中市中區光復路169-1號,平價優質旅宿,1300,業者自報,15000,,,【平價優質旅宿】平日雙人房售價：1300,24.144069,120.680624,開放資料,,,,https://www.taiwanstay.net.tw/TSA/web_page/TSA020200.jsp?hohi_id=23019
210,皇凱賓館,臺中市,中區,旅館,04-22206108,臺中市中區三民路二段116號6樓之1至8樓之1,國旅補助優惠方案,,,800,,2026-12-31,【國旅補助優惠方案】115年國旅平日住宿獎助＋生日券業者自提優惠方案,24.143148,120.680422,開放資料,,,,https://www.taiwanstay.net.tw/TSA/web_page/TSA020200.jsp?hohi_id=1351
211,紅點文旅,臺中市,中區,旅館,04-22299333,臺中市中區民族路206號1至8樓(含206號2樓之1、208號4至6樓、仁愛街17巷1號3至8樓、仁愛街17巷2號3至8樓),國旅補助優惠方案,,,5800,,2026-12-31,【國旅補助優惠方案】免費延退一小時，價值$300元,24.14026,120.681818,開放資料,4.4,2435,https://www.reddot-hotel.com,https://www.taiwanstay.net.tw/TSA/web_page/TSA020200.jsp?hohi_id=9062
212,臺中公園智選假日飯店,臺中市,中區,旅館,04-35059898,"臺中市中區自由路2段94號1,3,4,5,12,13樓",國旅補助優惠方案,,,5500,,2026-12-31,【國旅補助優惠方案】臺中公園智選假日飯店位於市中心，鄰近臺中車站與一中夜市，交通便利。161間客房配備高速網路、舒適沐浴與免費早餐，並設有商務中心、會議室及自助洗衣，適合商務與旅遊入住。步行可達臺中公園，環境舒適便利佳。平日入住期間，每日限量提供3間市景一大床雙人房免費升等優惠，讓旅客享受更舒適寬敞的住宿體驗。,24.14277,120.685259,開放資料,4.1,2979,http://www.taichung.hiexpress.com/,https://www.taiwanstay.net.tw/TSA/web_page/TSA020200.jsp?hohi_id=3720
213,葉綠宿 台中車站館,臺中市,中區,旅館,04-22262777,臺中市中區建國路173號,國旅補助優惠方案,,,8200,,2026-12-31,【國旅補助優惠方案】依照房型人數贈送遊山茶訪茶包。,24.138399,120.685575,開放資料,,,,https://www.taiwanstay.net.tw/TSA/web_page/TSA020200.jsp?hohi_id=593
214,路得行旅台中站前館,臺中市,中區,旅館,04-22259951,臺中市中區建國路123號8~12樓(之1),平價優質旅宿,2052,業者自報,6450,,,【平價優質旅宿】平日雙人房售價：2052(不含早餐),24.137451,120.684257,開放資料,,,,https://www.taiwanstay.net.tw/TSA/web_page/TSA020200.jsp?hohi_id=22641
215,閒雲小居會館,臺中市,中區,旅館,04-22252080,臺中市中區繼光街123號2至6樓,國旅補助優惠方案,,,9600,,2026-12-31,【國旅補助優惠方案】國旅補助活動期間內只要符合「115年國旅平日住宿獎助」或「生日券」資格的旅客.可於平日入住本旅宿使用補助。房價如果低於補助金額者，依實際住宿房價核銷.剩餘金額不折現跟找零喔!房價如果高於補助金額者，由旅客補足差額。另透過Sharoninn閒雲小居官方電話或LINE預訂並使用本活動入住，依當日房況可享延遲退房1小時或免費升等房型優惠。實際房型及優惠數量依當日房況為準，不得與其他折扣還有訂房平台優惠合併使用.,24.140293,120.6838,開放資料,4.7,21,,https://www.taiwanstay.net.tw/TSA/web_page/TSA020200.jsp?hohi_id=28115
216,雀客旅館台中自由,臺中市,中區,旅館,04-22225025,臺中市中區自由路2段52之1號(1至7樓),平價優質旅宿,1556,業者自報,9800,,,【平價優質旅宿】平日雙人房售價：1556(不含早餐),24.14079,120.683014,開放資料,,,,https://www.taiwanstay.net.tw/TSA/web_page/TSA020200.jsp?hohi_id=9867
217,久窩行旅-一中館,臺中市,北區,旅館,04-24511701,臺中市北區三民路三段92-3號9~10樓,國旅補助優惠方案,,,4800,800、1000、1200,2026-12-31,【國旅補助優惠方案】以下為國旅補助＋久窩加碼的方案：1.平日住宿補助：第一晚國旅補助800元，第二晚國旅補助1200元(需續住才可折扣第二晚的)久窩會贈送早餐2.平日一日補助：若只要入住一晚，國旅補助800元，久窩會加碼折扣200元，共可折扣1000元！3.生日補助：折扣1200元(久窩會加碼生日佈置！)以上3個專案為【中簽者】才可使用。4.平日秀秀補助：若您沒中簽，久窩有提供專案，第一晚折扣500元，第二晚折扣500元(連住第二晚送早餐)給您參考優惠方案~,24.148841,120.683898,開放資料,4.5,277,,https://www.taiwanstay.net.tw/TSA/web_page/TSA020200.jsp?hohi_id=26067
218,勤天文旅-台中館,臺中市,北區,旅館,04-22293722,臺中市北區臺灣大道一段635號1~10樓,平價優質旅宿,1110,業者自報,5880,,,【平價優質旅宿】平日雙人房售價：1110,24.1459,120.675506,開放資料,,,https://www.hotelmaple.com.tw,https://www.taiwanstay.net.tw/TSA/web_page/TSA020200.jsp?hohi_id=25941
219,塔木德國際旅館,臺中市,北區,旅館,04-22066633,臺中市北區柳川西路4段1號10樓,國旅補助優惠方案、平價優質旅宿,1544,業者自報,4500,,2026-12-31,"【國旅補助優惠方案】【品牌活動】品味台中｜吃美食品住宿【專案期間】2026/04/01（三）—2026/12/31（四）【活動內容】凡旅客於活動期間至官網預訂本專案，即享〈優惠價〉折扣95折優惠，且每房可獲贈【塔木德酒店集團】美食店家專屬優惠券（總價值超過$1,800）乙份（贈完為止）。持券至指定合作店家消費，即可享有專屬優惠！

【平價優質旅宿】平日雙人房售價：1544",24.148875,120.678147,開放資料,,,http://www.talmud.com.tw,https://www.taiwanstay.net.tw/TSA/web_page/TSA020200.jsp?hohi_id=10765
220,夢想12旅店,臺中市,北區,旅館,04-22276622,臺中市北區柳川西路4段1號12樓1號、2號,平價優質旅宿,1600,業者自報,15000,,,【平價優質旅宿】平日雙人房售價：1600(不含早餐),24.148886,120.678129,開放資料,,,https://book-directonline.com/properties/dream12hoteldirect?locale=zh-TW&items[0][adults]=2&items[0][children]=0&items[0][infants]=0&currency=TWD&checkInDate=2022-05-20&checkOutDate=2022-05-21&trackPage=no,https://www.taiwanstay.net.tw/TSA/web_page/TSA020200.jsp?hohi_id=18208
221,心媞休閒旅館,臺中市,北區,旅館,04-22970177,臺中市北區北區北平路1段2號,國旅補助優惠方案,,,2780,,2026-12-31,【國旅補助優惠方案】平日住宿獎助:享國旅獎助外再加碼VIP會員折扣平日折500生日券:享國旅獎助外再加碼享免費升等房型一階,24.171932,120.672811,開放資料,3.7,560,,https://www.taiwanstay.net.tw/TSA/web_page/TSA020200.jsp?hohi_id=8979
222,星漾商旅,臺中市,北區,旅館,04-22289008,"臺中市北區錦南街17號,錦新街30號4-9樓,,32號4-9樓",平價優質旅宿,1780,業者自報,2280,,,【平價優質旅宿】平日雙人房售價：1780,24.153832,120.688226,開放資料,,,http://www.stayhotel-taichung.com.tw,https://www.taiwanstay.net.tw/TSA/web_page/TSA020200.jsp?hohi_id=10713
223,星漾商旅(中清館),臺中市,北區,旅館,04-22083888,臺中市北區中清路一段63號,平價優質旅宿,1680,業者自報,6000,,,【平價優質旅宿】平日雙人房售價：1680,24.154068,120.677061,開放資料,,,http://008.stay-hotel.com.tw/,https://www.taiwanstay.net.tw/TSA/web_page/TSA020200.jsp?hohi_id=16587
224,簡愛汽車旅館,臺中市,北區,旅館,04-22927878,臺中市北區山西路1段86號,平價優質旅宿,1900,業者自報,3980,,,【平價優質旅宿】平日雙人房售價：1900,24.166365,120.675434,開放資料,,,,https://www.taiwanstay.net.tw/TSA/web_page/TSA020200.jsp?hohi_id=1935
225,薆悅酒店-Grand,臺中市,北區,旅館,04-22016111,臺中市北區五權路228號、228號2~10樓、228號地下1樓,國旅補助優惠方案,,,3800,,2026-12-31,【國旅補助優惠方案】本次補助主要針對透過官網優惠專案訂房及來電訂房之旅客，皆適用此次補助。,24.150448,120.674725,開放資料,4.5,3982,,https://www.taiwanstay.net.tw/TSA/web_page/TSA020200.jsp?hohi_id=14780
226,薩圖恩文旅,臺中市,北區,旅館,04-22070988,臺中市北區健行路590號4-7樓,國旅補助優惠方案,,,9880,,2026-12-31,【國旅補助優惠方案】凡連續入住2晚，只需再加價NT$99，即可加住第3晚,24.15946,120.677151,開放資料,4,174,,https://www.taiwanstay.net.tw/TSA/web_page/TSA020200.jsp?hohi_id=6689
227,豐禾行旅,臺中市,北區,旅館,04-22013456,臺中市北區五權路377號1樓至7樓,平價優質旅宿,1876,業者自報,1200,,,【平價優質旅宿】平日雙人房售價：1876,24.153021,120.680726,開放資料,,,,https://www.taiwanstay.net.tw/TSA/web_page/TSA020200.jsp?hohi_id=30189
228,金沙汽車旅館,臺中市,北區,旅館,04-22083388,臺中市北區太平路201號,國旅補助優惠方案,,,6560,,2026-12-31,"【國旅補助優惠方案】入住""夢幻情境""房型搭配平日住宿獎助住宿享再折200",24.150591,120.678621,開放資料,3.3,891,,https://www.taiwanstay.net.tw/TSA/web_page/TSA020200.jsp?hohi_id=14049
229,雀客旅館台中文心中清,臺中市,北區,旅館,04-22911166,臺中市北區北平路一段6號,平價優質旅宿,1505,業者自報,9800,,,【平價優質旅宿】平日雙人房售價：1505,24.171517,120.667824,開放資料,,,,https://www.taiwanstay.net.tw/TSA/web_page/TSA020200.jsp?hohi_id=17214
230,中科大飯店,臺中市,北屯區,旅館,04-22465599,臺中市北屯區旅順路2段7號1至19樓,國旅補助優惠方案,,,12000,,2026-12-31,【國旅補助優惠方案】連住2晚享9折住宿優惠,24.174338,120.687416,開放資料,4.7,9224,http://www.zkhotel.com.tw/,https://www.taiwanstay.net.tw/TSA/web_page/TSA020200.jsp?hohi_id=14399
231,華登商務大飯店,臺中市,北屯區,旅館,04-22964888,臺中市北屯區瀋陽路1段84號1至7樓,國旅補助優惠方案,,,2000,,2026-12-31,【國旅補助優惠方案】提供給周日至周四住宿民眾優惠，當日住宿可折抵住宿費用(可補費用差額),24.17404,120.677262,開放資料,4,824,,https://www.taiwanstay.net.tw/TSA/web_page/TSA020200.jsp?hohi_id=14279
232,述夏汽車旅館,臺中市,北屯區,旅館,04-22397117,臺中市北屯區軍功路二段267號,國旅補助優惠方案、平價優質旅宿,2000,業者自報,9760,,2026-12-31,"【國旅補助優惠方案】參加國旅補助方案活動,住宿車庫房型,視同本館會員,加碼優惠以平日牌價折抵500元,原平日車庫房型牌價2980,3180,3380,4280元,優惠折抵後為2480,2680,2880,3780元,此優惠活動除補助外,不得與其他優惠活動或訂房平台優惠價併用

【平價優質旅宿】平日雙人房售價：2000",24.181952,120.717145,開放資料,4,584,,https://www.taiwanstay.net.tw/TSA/web_page/TSA020200.jsp?hohi_id=6253
233,采岩汽車旅館,臺中市,北屯區,旅館,04-24228083,臺中市北屯區崇德路三段111號,國旅補助優惠方案,,,1360,,2026-12-31,【國旅補助優惠方案】#使用「平日住宿補助」：第一晚可獲得平日住宿抵用卷100元；續住第二晚可獲得平日住宿抵用卷200元。#使用「生日卷」：可獲得平日住宿抵用卷100元。#使用「TaiwanPass」：可獲得平日住宿抵用卷100元。（平日住宿抵用券可以同時折抵，不限張數！）,24.185084,120.686046,開放資料,,,,https://www.taiwanstay.net.tw/TSA/web_page/TSA020200.jsp?hohi_id=3809
234,挪威森林文創休閒旅館,臺中市,南區,旅館,04-22873636,臺中市南區正氣街36號,國旅補助優惠方案,,,1980,,2026-12-31,【國旅補助優惠方案】挪威森林旅館集團2026國旅補助方案透過官網線上訂房且入住當日符合國旅續住補助資格者，可享平日住宿買一送一，一泊二食專案優惠。,24.130043,120.682582,開放資料,4.8,2568,http://www.villa-group.com.tw/,https://www.taiwanstay.net.tw/TSA/web_page/TSA020200.jsp?hohi_id=29751
235,三好行旅,臺中市,南屯區,旅館,04-23208777,臺中市南屯區文心路一段552號3~14樓(之1),國旅補助優惠方案,,,7200,,,【國旅補助優惠方案】國旅補助優惠方案,24.155271,120.6472,開放資料,4.2,2555,http://www.sunhaohoteltxg.com,https://www.taiwanstay.net.tw/TSA/web_page/TSA020200.jsp?hohi_id=13967
236,台中芭蕾城堡酒店,臺中市,南屯區,旅館,04-23832888,臺中市南屯區向上路三段221號,平價優質旅宿,2088,業者自報,1580,,,【平價優質旅宿】平日雙人房售價：2088,24.144691,120.631111,開放資料,,,https://www.villaballet.com/,https://www.taiwanstay.net.tw/TSA/web_page/TSA020200.jsp?hohi_id=10320
237,新幹線花園酒店,臺中市,南屯區,旅館,04-23501088,臺中市南屯區工業區十八路29號,國旅補助優惠方案、平價優質旅宿,2900,業者自報,5800,800、1200,2026-12-31,"【國旅補助優惠方案】精緻單人房優惠價$2488元(附贈1-2客早餐),精緻雙床房優惠價$2888(附贈2客早餐),豪華四人房優惠價$3688元(附贈3-4客早餐),豪華套房優惠價$3488(附贈1-2客早餐),平日(星期日至四)入住,第一晚可享房價扣抵$800元,續住第二晚可再享房價扣抵$1200元。

【平價優質旅宿】平日雙人房售價：2900",24.155759,120.609181,開放資料,4.2,3156,https://www.zk-shinkansen.com.tw/,https://www.taiwanstay.net.tw/TSA/web_page/TSA020200.jsp?hohi_id=23021
238,樂活行館,臺中市,南屯區,旅館,04-23860088,臺中市南屯區永春東七路599號,國旅補助優惠方案,5980,業者官網,6600,1000,2026-12-31,"【國旅補助優惠方案】1.使用115年國旅平日住宿獎助入住即免費贈送樂活行館[付費數位會員卡](價值NT:1000元)請於辦理入住時向櫃台人員提出申請(＃付費會員卡內容享有住宿,休息折扣與生日住宿半價與集點兌好禮等超值優惠)2.於樂活行館官方網站訂房享有房價200元折扣(訂房網址:https://booking.taiwantravelmap.com/user/booking.aspx?m＝598＆lg＝ch)",24.143069,120.632799,開放資料,4.1,699,http://www.icolour.com.tw,https://www.taiwanstay.net.tw/TSA/web_page/TSA020200.jsp?hohi_id=21491
239,雲河概念旅館,臺中市,南屯區,旅館,04-22552777,臺中市南屯區黎明路二段708號,國旅補助優惠方案,,,6880,,2026-12-31,"【國旅補助優惠方案】與雲心卡合併折扣,一般週日-一般週四住宿折扣500",24.160541,120.633778,開放資料,4.1,2042,,https://www.taiwanstay.net.tw/TSA/web_page/TSA020200.jsp?hohi_id=8662
240,后HO民宿,臺中市,后里區,民宿,0909512185-,臺中市后里區尾社路396之1號,國旅補助優惠方案,,,4800,,2026-12-31,【國旅補助優惠方案】國旅補助期間，加碼住宿優惠！ 續住優惠：第二晚起享9折優惠 生日禮遇：生日當月入住，雙人房現折200元、四人房現折300元※以上優惠恕無法合併使用，每房擇一優惠。,24.336867,120.724058,開放資料,5,117,,https://www.taiwanstay.net.tw/TSA/web_page/TSA020200.jsp?hohi_id=37237
241,寶麗旅宿,臺中市,后里區,民宿,0980168517,臺中市后里區安眉路116巷103號,國旅補助優惠方案,,,4800,,2026-12-31,【國旅補助優惠方案】當月壽星贈送旅行沐浴組*1份,24.321471,120.698878,開放資料,4.1,582,,https://www.taiwanstay.net.tw/TSA/web_page/TSA020200.jsp?hohi_id=7085
242,御馬園民宿,臺中市,后里區,民宿,04-25566312,臺中市后里區寺山路17號,平價優質旅宿,1400,業者自報,2500,,,【平價優質旅宿】平日雙人房售價：1400,24.299922,120.735861,開放資料,,,,https://www.taiwanstay.net.tw/TSA/web_page/TSA020200.jsp?hohi_id=22068
243,悄悄話旅宿,臺中市,后里區,民宿,0980168517,臺中市后里區安眉路116巷101號,國旅補助優惠方案,,,4800,,2026-12-31,【國旅補助優惠方案】當月壽星贈送旅行沐浴組*1份,24.321496,120.698862,開放資料,3.5,11,,https://www.taiwanstay.net.tw/TSA/web_page/TSA020200.jsp?hohi_id=8779
244,福容大飯店 麗寶樂園,臺中市,后里區,旅館,04-25592888,臺中市后里區福容路88號,國旅補助優惠方案,,,18480,800、1200,2026-11-30,"【國旅補助優惠方案】【平日住宿補助 飯店加碼優惠方案】
2026/09/01 ~ 2026/11/30
平日使用「麗寶假期一泊一食方案」住一晚飯店另加碼折扣房費800元，續住飯店另再加碼折扣房費1200元。(飯店雙倍折扣)

【專案內容】 
•雙人住宿
•早餐每人乙客
第一晚房費5940-800-800=$4,340
續住第二晚房費5940*2-800-800-1200-1200=$7,880",24.322934,120.695323,開放資料,4.6,12788,https://www.fullon-hotels.com.tw/ym/,https://www.taiwanstay.net.tw/TSA/web_page/TSA020200.jsp?hohi_id=18464
245,默默旅宿,臺中市,后里區,民宿,0980168517,臺中市后里區安眉路116巷105號,國旅補助優惠方案、平價優質旅宿,2205,業者自報,4800,,2026-12-31,"【國旅補助優惠方案】當月壽星贈送旅行沐浴組*1份

【平價優質旅宿】平日雙人房售價：2205",24.321454,120.698889,開放資料,,,,https://www.taiwanstay.net.tw/TSA/web_page/TSA020200.jsp?hohi_id=118
246,屋頂上的天空,臺中市,和平區,民宿,0910878633,臺中市和平區平等里中興路三段環山三巷23號,平價優質旅宿,2800,業者自報,6000,,,"【平價優質旅宿】平日雙人房售價：2,800(加購早餐200/人，須於訂房時告知)",24.318258,121.293996,開放資料,,,,https://www.taiwanstay.net.tw/TSA/web_page/TSA020200.jsp?hohi_id=28541
247,惠來谷關溫泉會館,臺中市,和平區,旅館,04-25951998,臺中市和平區東關路一段溫泉巷10號,國旅補助優惠方案,,,7200,,2026-12-31,【國旅補助優惠方案】夏天就該到山上避暑秋天感受山上的沁涼與寧靜惠來谷關~給您最消暑的專案折扣全館房型平日(週日~週四)依當月專案價格扣抵皆有配合國旅平日住宿獎助及生日券使用哦!!,24.204169,121.008607,開放資料,4.1,1617,http://www.villa-spa.com.tw,https://www.taiwanstay.net.tw/TSA/web_page/TSA020200.jsp?hohi_id=30822
248,梨山賓館,臺中市,和平區,旅館,04-22653939,臺中市和平區梨山里中正路91、91-3、91-4、91-6號,國旅補助優惠方案,8000,業者官網,4000,,2026-12-31,"【國旅補助優惠方案】只要今日全台最高溫飆破37°C，【每人現折$370元】避暑快閃折扣！適用專案：【輕鬆入住梨山專案】（一泊二食）優惠折扣：依房型人數，每人現折-$370元！指定適用房型：賞星雙人房｜豪華雙人房｜三人房｜四人房平日(一泊二食)賞星雙人房4,460元豪華雙人房4,860元三人房6,090元四人房7,320元家庭四人房8,520元假日(一泊二食)賞星雙人房6,160元豪華雙人房6,760元三人房8,490元四人房9,720元家庭四人房10,520元優惠加碼與使用注意事項補助加碼：本專案可疊加使用「國旅補助」折抵，雙重優惠最划算！排他條款：本專案為高溫快閃限時特惠，不可與梨山賓館其他自辦優惠專案併用。快閃時間：如當日達到37°C限時開放預訂至當日24:00止，每日房間數限量預定。 預訂方式可預訂入住期間：開放預訂即日起至10/31前之房間！訂房專線：04-2265-3939更多詳情請至梨山賓館官網",24.254536,121.251587,開放資料,4.2,9666,http://www.lishanguesthouse.com.tw/,https://www.taiwanstay.net.tw/TSA/web_page/TSA020200.jsp?hohi_id=8019
249,梨都行旅,臺中市,和平區,旅館,04-25989256,臺中市和平區梨山里民族街34號,平價優質旅宿,3100,業者自報,5000,,,【平價優質旅宿】平日雙人房售價：3100,24.25411,121.255631,開放資料,,,,https://www.taiwanstay.net.tw/TSA/web_page/TSA020200.jsp?hohi_id=21393
250,波波的家,臺中市,和平區,民宿,0901236935,臺中市和平區東關路一段松鶴二巷52號,國旅補助優惠方案,,,5000,,2026-12-31,【國旅補助優惠方案】115年「平日住宿獎助」、「生日券」及「TaiwanPASS住宿抵用券」,24.17681,120.98081,開放資料,4.7,77,http://www.bobohouse.com.tw,https://www.taiwanstay.net.tw/TSA/web_page/TSA020200.jsp?hohi_id=7285
251,燕華樓行旅,臺中市,和平區,旅館,04-25989511,臺中市和平區梨山里民族街22號,平價優質旅宿,2500,業者自報,800,,,【平價優質旅宿】平日雙人房售價：2500,24.254256,121.255899,開放資料,,,,https://www.taiwanstay.net.tw/TSA/web_page/TSA020200.jsp?hohi_id=13735
252,谷關溫泉飯店,臺中市,和平區,旅館,04-25951355,臺中市和平區東關路一段溫泉巷6號,國旅補助優惠方案、平價優質旅宿,2600,業者自報,4000,1000,2026-12-31,"【國旅補助優惠方案】一泊三食優惠方案:平日二人房(一床)2899元；二人二床加500元附早餐、晚餐再送下午茶；加1人加1000元至多加2人升等四人房。

【平價優質旅宿】平日雙人房售價：2600",24.203438,121.008432,開放資料,3.9,5925,,https://www.taiwanstay.net.tw/TSA/web_page/TSA020200.jsp?hohi_id=7334
253,飛燕城堡度假飯店,臺中市,和平區,旅館,04-25989577,臺中市和平區梨山里民族街46號,平價優質旅宿,2800,業者自報,4200,,,【平價優質旅宿】平日雙人房售價：2800,24.253778,121.255132,開放資料,,,http://www.sunshine-hotel.com.tw,https://www.taiwanstay.net.tw/TSA/web_page/TSA020200.jsp?hohi_id=14673
254,馬告的傳奇民宿,臺中市,和平區,民宿,0980718122-,臺中市和平區東關路1段裡冷巷5-8號,平價優質旅宿,2000,業者自報,3000,,,"【平價優質旅宿】平日雙人房售價：2,000(4人房)",24.165766,120.952964,開放資料,,,,https://www.taiwanstay.net.tw/TSA/web_page/TSA020200.jsp?hohi_id=4385
255,法格斯-石光,臺中市,外埔區,民宿,0919833958-,臺中市外埔區水頭二路32號,國旅補助優惠方案,,,6800,,2026-12-31,【國旅補助優惠方案】凡於活動期間入住～((法格斯-石光))～即可獲贈在地小農特產一份。,24.250209,120.735264,開放資料,5,326,,https://www.taiwanstay.net.tw/TSA/web_page/TSA020200.jsp?hohi_id=8652
256,福棧,臺中市,大甲區,旅館,098209879904-26887888,臺中市大甲區育德路21號,國旅補助優惠方案,,,1880,,2026-12-31,【國旅補助優惠方案】大甲福棧Fullinn平日住宿大優惠！大甲福棧Fullinn生日住宿大優惠！,24.345841,120.622521,開放資料,4.4,189,,https://www.taiwanstay.net.tw/TSA/web_page/TSA020200.jsp?hohi_id=16160
257,雲月精品會館,臺中市,大里區,旅館,04-24815688,臺中市大里區勝利二路100號,國旅補助優惠方案,,,4680,1000、1200,2026-12-31,"【國旅補助優惠方案】國旅補助加碼優惠開跑！活動期間｜115/09/01～115/11/30凡使用國旅補助入住，即可享有加碼優惠！ 優惠方案（擇一使用） 持本公司VIP卡• 再折300元• 最高共折抵1,100元 持本公司折價券• 再折200元• 最高共折抵1,000元 首次加入本公司官方LINE• 立即贈送本公司折價券• 搭配VIP卡：最高共折抵1,300元• 搭配本公司折價券：最高共折抵1,200元 無VIP卡／無折價券• 使用國旅補助並選擇無早餐方案• 再折200元• 最高共折抵1,000元 注意事項• 每位旅客優惠方案僅限擇一使用，不得合併。• 活動期間：115/09/01～115/11/30。• 本公司保有活動內容調整、修改及最終解釋權。",24.100675,120.683386,開放資料,4.6,1046,http://www.kumotsukimotel.com.tw,https://www.taiwanstay.net.tw/TSA/web_page/TSA020200.jsp?hohi_id=13961
258,威汀城市酒店,臺中市,大雅區,旅館,04-25680558,臺中市大雅區民生路一段100號5樓,平價優質旅宿,2600,業者自報,5200,,,【平價優質旅宿】平日雙人房售價：2600,24.226378,120.648066,開放資料,,,,https://www.taiwanstay.net.tw/TSA/web_page/TSA020200.jsp?hohi_id=7860
259,挪威森林漫活休閒旅館,臺中市,太平區,旅館,04-22762888,臺中市太平區環中東路四段369號,國旅補助優惠方案,,,1680,,2026-12-31,【國旅補助優惠方案】挪威森林旅館集團2026國旅補助方案透過官網線上訂房且入住當日符合國旅續住補助資格者，可享平日住宿買一送一，一泊二食專案優惠。,24.135756,120.707047,開放資料,,,http://taichung.villa-group.com.tw/,https://www.taiwanstay.net.tw/TSA/web_page/TSA020200.jsp?hohi_id=11884
260,覓玥精品時尚旅館,臺中市,太平區,旅館,04-22755599,臺中市太平區環中東路四段629號,平價優質旅宿,1886,業者自報,5980,,,【平價優質旅宿】平日雙人房售價：1886,24.142384,120.708613,開放資料,,,,https://www.taiwanstay.net.tw/TSA/web_page/TSA020200.jsp?hohi_id=14998
261,賀緹酒店,臺中市,太平區,旅館,04-23932999,臺中市太平區育賢路286號,平價優質旅宿,1910,業者自報,12000,,,【平價優質旅宿】平日雙人房售價：1910,24.158039,120.71973,開放資料,,,,https://www.taiwanstay.net.tw/TSA/web_page/TSA020200.jsp?hohi_id=15933
262,山沐斯達,臺中市,新社區,民宿,04-25812481,臺中市新社區崑山里崑南街29-7號,平價優質旅宿,2600,業者自報,8000,,,【平價優質旅宿】平日雙人房售價：2600,24.242765,120.78294,開放資料,,,http://www.smst.com.tw,https://www.taiwanstay.net.tw/TSA/web_page/TSA020200.jsp?hohi_id=10640
263,花田民宿,臺中市,新社區,民宿,04-25823666,臺中市新社區興中街17-6號,國旅補助優惠方案、平價優質旅宿,3200,業者自報,6000,,2026-12-31,"【國旅補助優惠方案】平日住宿享九折優惠(僅限來電預定)

【平價優質旅宿】平日雙人房售價：3200",24.221133,120.805396,開放資料,4.6,378,,https://www.taiwanstay.net.tw/TSA/web_page/TSA020200.jsp?hohi_id=4141
264,日光山林,臺中市,東勢區,民宿,0989020819-,臺中市東勢區新城街288巷22號,平價優質旅宿,,,6500,,2026-12-31,【平價優質旅宿】平日包棟住宿 九折優惠 還有微型包棟方案,24.22241,120.83975,開放資料,,,http://sunhill.okgo.tw,https://www.taiwanstay.net.tw/TSA/web_page/TSA020200.jsp?hohi_id=15317
265,君瑞精品旅店,臺中市,東區,旅館,04-22268688,臺中市東區復興路四段100號9樓之1、10樓之1,國旅補助優惠方案,,,4000,,2026-12-31,【國旅補助優惠方案】115年國旅平日住宿獎助,24.135332,120.685429,開放資料,3.7,453,,https://www.taiwanstay.net.tw/TSA/web_page/TSA020200.jsp?hohi_id=6292
266,新羽旅舘,臺中市,東區,旅館,04-22250550,臺中市東區和平街142號,國旅補助優惠方案,,,880,,2026-12-31,【國旅補助優惠方案】115年國旅平日住宿獎助＋生日券+TaiwanPASS住宿抵用券,24.1344,120.686479,開放資料,,,,https://www.taiwanstay.net.tw/TSA/web_page/TSA020200.jsp?hohi_id=13334
267,新驛旅店台中車站店,臺中市,東區,旅館,04-22232333,臺中市東區復興路4段133號,國旅補助優惠方案、平價優質旅宿,2332,業者自報,6000,,2026-12-31,"【國旅補助優惠方案】配合國旅補助政策，新驛旅店台中車站店推出加碼優惠！凡透過新驛旅店官方網站預訂，並於結帳時輸入優惠代碼「2026PRO」，即可享有95折優惠。活動說明：*優惠僅適用於「新驛旅店台中車站店」。*本優惠代碼不得與其他優惠方案併用。*優惠活動期間將比照觀光署國旅補助方案辦理，並於補助活動截止日同步結束。*新驛旅店保留活動內容調整、修改及終止之權利，最新資訊請以官方公告為準。

【平價優質旅宿】平日雙人房售價：2332",24.135774,120.685847,開放資料,4.5,3062,https://c5.cityinn.com.tw/tw/,https://www.taiwanstay.net.tw/TSA/web_page/TSA020200.jsp?hohi_id=6631
268,瑞君商務旅館,臺中市,東區,旅館,04-22235838,臺中市東區復興路4段100號11-12樓,國旅補助優惠方案,,,3500,,2026-12-31,【國旅補助優惠方案】115年國旅平日住宿獎助,24.135137,120.685027,開放資料,3.7,453,,https://www.taiwanstay.net.tw/TSA/web_page/TSA020200.jsp?hohi_id=17991
269,田中央旅店,臺中市,東區,旅館,04-22203366,臺中市東區大智路65號1至11樓,國旅補助優惠方案,,,7000,,2026-12-31,【國旅補助優惠方案】【品牌合作】品味台中｜吃美食品住宿專案【品味台中】發掘台中在地好味道 這趟旅行，肚子絕對不能受委屈！塔木德酒店集團最新年度企劃【品味台中｜吃美食品住宿】正式啟動！ 我們攜手台中多間優質美食品牌，邀您深入巷弄發掘最道地的滋味～不管是想來杯職人咖啡，還是想吃口排隊甜點！！凡透過此專案入住台中區9間活動館店，即可獲得「美食店家專屬優惠券」從職人咖啡、人氣甜點到排隊名店，讓您憑「美食店家專屬優惠券」即可輕鬆兌換限定禮遇這一次，不只住得舒適，更要讓您品味最深刻的台中時光！,24.134641,120.689068,開放資料,4.7,3545,,https://www.taiwanstay.net.tw/TSA/web_page/TSA020200.jsp?hohi_id=21668
270,米力行旅台中火車站館,臺中市,東區,旅館,04-22259966,臺中市東區大勇街69號2、4樓,國旅補助優惠方案,,,5000,800、1200,2026-12-31,【國旅補助優惠方案】【0元入住專案】雙人房續住2晚1.僅限搭配使用平日住宿獎助(第一晚折$800/第二晚折$1200)，生日券及T-pass不適用2.此專案兩晚房價為特殊優惠，如第二晚臨時不住，需補第一晚價差(依現場房價為主)3.此專案不含早，搭配雙人房一大床房型，僅限電話訂房，其他通路(含官網)不適用4.此專案限入住9/1~30週日至週四區間(逢國定假日或連續假期不適用)5.此專案限同館連住2晚，恕無法跨館別入住6.數量有限，售完為止,24.133957,120.686027,開放資料,,,http://www.minihotels.com.tw/,https://www.taiwanstay.net.tw/TSA/web_page/TSA020200.jsp?hohi_id=12212
271,薆悅酒店,臺中市,東區,旅館,04-22812222,臺中市東區台中路203號,國旅補助優惠方案,,,5200,,2026-12-31,【國旅補助優惠方案】本次補助主要針對透過官網優惠專案訂房及來電訂房之旅客，皆適用此次補助。,24.130119,120.685436,開放資料,4.3,3212,http://taichung.inhousehotel.com/,https://www.taiwanstay.net.tw/TSA/web_page/TSA020200.jsp?hohi_id=20292
272,逗點旅店,臺中市,東區,旅館,04-22210567,臺中市東區大公街29號,國旅補助優惠方案,,,6800,,2026-11-30,【國旅補助優惠方案】國旅補助優惠方案,24.134278,120.685551,開放資料,4.4,1082,,https://www.taiwanstay.net.tw/TSA/web_page/TSA020200.jsp?hohi_id=22069
273,雋格大飯店,臺中市,東區,旅館,04-37070588,臺中市東區建成路700號，700號2樓至5樓、700號6樓之1、2至12樓之1、2,國旅補助優惠方案,,,1200,,2026-12-31,【國旅補助優惠方案】平日入住｜官網限定免費升等給自己一個更好的房間，也讓平日的旅程多一點驚喜。即日起，平日入住並透過雋格大飯店官方網站預訂，即可享有免費房型升等禮遇，讓每一次入住，都能多一點舒適與從容。 官網限定｜平日入住免費升等・平日入住適用・限官方網站直接預訂・免費升等・升等數量有限，依當日房況安排不必多花一點預算，也能享受更寬敞、更舒適的住宿體驗。現在就訂房，讓這趟旅程住得更好。雋格大飯店ElenceHotel 台中市東區｜鄰近台中火車站、LaLaport房型升等依當日房況安排，實際升等房型以飯店現場為準。,24.131451,120.689087,開放資料,4.5,193,,https://www.taiwanstay.net.tw/TSA/web_page/TSA020200.jsp?hohi_id=8421
274,台中港酒店,臺中市,梧棲區,觀光旅館,04-26568888,臺中市梧棲區大智路二段388號,國旅補助優惠方案,,,8800,,2026-12-31,【國旅補助優惠方案】1.每筆訂單加贈Pier88點心券 旅客持該點心券至館內Pier88餐廳消費，即可免費兌換脆薯乙份。2.評論分享FB/Google，送飛機造型風鷗嗨喲吉祥物 旅客於入住期間完成FB或Google的評論分享，即贈送「飛機造型－風鷗嗨喲吉祥物」乙隻（每日限量5隻，贈完為止）。,24.260861,120.533844,開放資料,4.6,6090,http://www.tchhotel.com,https://www.taiwanstay.net.tw/TSA/web_page/TSA020200.jsp?hohi_id=9236
275,寄居蟹行旅,臺中市,梧棲區,旅館,04-26578822,臺中市梧棲區港埠路2段431巷22號,國旅補助優惠方案,,,4200,,2026-12-31,【國旅補助優惠方案】專案內容：平日(星期日至五)住宿5折優惠，含早餐。(單人/雙人/3人/4人/5~8人闔家加庭房皆適用)【注意事項】1、請事前預約訂房並事先完成登錄旅客資料。2、入住時請攜帶證明文件(身分證或健保卡)。3、入住選擇使用115年國旅平日住宿獎助或生日券者.符合資格方案可直接扣抵房費。4、住宿時間下午4時以後，退房時間中午12時以前。5、本專案不得與其他專案優惠合併使用。6、加人加價$500元(含早餐)。7、飯店保留活動變更及取消之權利，如有變動恕不另通知。8、假日(六)及國定連續假日不適用。9、以上須另加10%服務費。,24.260185,120.539689,開放資料,,,,https://www.taiwanstay.net.tw/TSA/web_page/TSA020200.jsp?hohi_id=10475
276,愛力根汽車旅館,臺中市,梧棲區,旅館,04-26582255,臺中市梧棲區港埠路二段450號,國旅補助優惠方案,,,1680,,2026-12-31,"【國旅補助優惠方案】2026國旅平日住宿補助活動 趁著平日來場輕旅行，享受舒適住宿，再把小禮帶回家！把握補助優惠，平日入住最划算！ 平日入住,凡使用2026國旅平日住宿補助(平日住宿/生日劵/TaiwanPAss) 再加贈精美小禮乙份 精美小禮數量有限,送完為止。",24.260483,120.541029,開放資料,4.3,493,,https://www.taiwanstay.net.tw/TSA/web_page/TSA020200.jsp?hohi_id=16389
277,想窩11旅館,臺中市,沙鹿區,旅館,04-26323111,臺中市沙鹿區東晉一街11號(1~5樓),國旅補助優惠方案,,,10000,,2026-12-31,【國旅補助優惠方案】出示此優惠截圖，房客用餐九折優惠另贈炸物,24.219868,120.578151,開放資料,4.8,6343,http://www.shineworld11.com.tw,https://www.taiwanstay.net.tw/TSA/web_page/TSA020200.jsp?hohi_id=26772
278,清新溫泉飯店,臺中市,烏日區,旅館,04-23829888,臺中市烏日區溫泉路2號,國旅補助優惠方案,,,22000,1000,2026-12-31,"【國旅補助優惠方案】入住清新雙人房乙晚NT$3,600(不含早)續住第二晚加價NT$3,000小假日加價NT$1,000",24.08447,120.625742,開放資料,4.1,7876,http://www.freshfields.com.tw/,https://www.taiwanstay.net.tw/TSA/web_page/TSA020200.jsp?hohi_id=5459
279,赫絲珀HSR高鐵行旅,臺中市,烏日區,旅館,04-23365771,臺中市烏日區新興路255號,國旅補助優惠方案,,,9880,,2026-12-31,【國旅補助優惠方案】凡連續入住2晚，即可享有第3晚房價8折優惠,24.104166,120.623251,開放資料,3.9,1609,https://www.hesperhotel.com.tw/,https://www.taiwanstay.net.tw/TSA/web_page/TSA020200.jsp?hohi_id=2134
280,離家出走,臺中市,石岡區,民宿,0970771006-,臺中市石岡區豐勢路梅子巷37-11號,平價優質旅宿,2200,業者自報,3600,,,【平價優質旅宿】平日雙人房售價：2200,24.273226,120.802451,開放資料,,,,https://www.taiwanstay.net.tw/TSA/web_page/TSA020200.jsp?hohi_id=19807
281,中科后豐會館,臺中市,神岡區,旅館,04-25122211,臺中市神岡區豐洲里五權路128號,國旅補助優惠方案,,,7500,,2026-12-31,【國旅補助優惠方案】連住2晚享9折住宿優惠,24.256776,120.712226,開放資料,4.5,2263,http://www.zk-hofong.com.tw,https://www.taiwanstay.net.tw/TSA/web_page/TSA020200.jsp?hohi_id=21627
282,塔木德酒店CLASSIC台中台灣大道館,臺中市,西區,旅館,04-22012181,臺中市西區臺灣大道一段709號,國旅補助優惠方案,,,8000,800、1000、1200、1500,2026-12-31,"【國旅補助優惠方案】平日住宿獎助必須由中獎者本人入住使用日期：2026/9/1-11/30，平日原則為週日至週四，不含國定假日及連續假期。一般地區：第一晚最高折NT$800，連續第二晚最高折NT$1,200。指定離島：第一晚最高折NT$1,000，第二晚最高折NT$1,500。生日券獎助必須由中獎者本人入住使用日期：2026/9/1-12/31，平日原則為週日至週四，不含國定假日及連續假期。每房每晚最高折NT$1,200；無須在生日當月使用，也沒有連續入住要求。兩活動可併用同一房、同一晚可合併使用，但折抵總額不得超過實際房價，超過部分不能找零、換現金或移轉給其他房間與日期。",24.147384,120.673781,開放資料,,,,https://www.taiwanstay.net.tw/TSA/web_page/TSA020200.jsp?hohi_id=11434
283,撲克商旅,臺中市,西區,旅館,04-22220908,臺中市西區西區民權路67號,國旅補助優惠方案,,,1500,,2026-12-31,【國旅補助優惠方案】旅客退房後完成專屬活動任務即可獲得100元現金住宿回饋!,24.136978,120.680651,開放資料,4.3,1365,http://www.aacehotel.com.tw/,https://www.taiwanstay.net.tw/TSA/web_page/TSA020200.jsp?hohi_id=13985
284,漢彌敦大飯店,臺中市,西區,旅館,04-23027890,臺中市西區華美街303-1號,國旅補助優惠方案,,,9600,,2026-12-31,【國旅補助優惠方案】115年國旅平日住宿獎助＋生日券業者自提優惠方案,24.149992,120.65848,開放資料,,,,https://www.taiwanstay.net.tw/TSA/web_page/TSA020200.jsp?hohi_id=11153
285,百橙橙居台中,臺中市,西區,旅館,04-23277005,臺中市西區忠明南路98號B2-7樓,平價優質旅宿,1800,業者自報,7800,,,【平價優質旅宿】平日雙人房售價：1800,24.154116,120.657536,開放資料,,,https://www.bci-tw.com/retro-txg,https://www.taiwanstay.net.tw/TSA/web_page/TSA020200.jsp?hohi_id=7149
286,綠夜文旅,臺中市,西區,旅館,04-23019797,臺中市西區西區公正路122號,國旅補助優惠方案,,,5200,800、1200,2026-12-31,"【國旅補助優惠方案】適用對象:中華民國國民（自由行散客）適用時間：週日至週四入住（不含國定假日）平日住宿獎助：第1晚補助800元；第2晚連住最多折抵1,200元。生日券優惠:中籤者可折抵$1200，可與平日住宿獎助併用。如要使用國旅補助訂房，請加入官方LINE(@atj1813w)，謝謝。",24.14916,120.662357,開放資料,,,http://www.greenight-hotel.com,https://www.taiwanstay.net.tw/TSA/web_page/TSA020200.jsp?hohi_id=12070
287,綠宿行旅,臺中市,西區,旅館,04-23010011,臺中市西區民生北路126號、126號2樓、3樓之1、3樓之2、4樓之1、4樓之2、5樓至7樓,國旅補助優惠方案,,,10000,1000,2026-12-31,【國旅補助優惠方案】業者加碼:以下兩個方案二擇一，1.預訂標準房型(雙人或四人皆可)，連住兩晚並使用國旅補助可免費升等至精緻房型（數量有限預訂時請務必提前詢問，若無告知已現場安排房型為主）2.若已在綠宿行旅入住兩晚以上並使用國旅補助，再多入住第三晚綠宿行旅加贈1000元的房費抵扣，第三晚不限平假日皆可使用，但必須第三晚要由電話訂房並於訂房時主動告知。,24.149088,120.668259,開放資料,,,http://www.greenhotel.com.tw,https://www.taiwanstay.net.tw/TSA/web_page/TSA020200.jsp?hohi_id=11638
288,頭等艙飯店綠園道館,臺中市,西區,旅館,04-23280707,臺中市西區美村路一段22號4樓之1至4樓之104、5樓之1至5樓之104,國旅補助優惠方案,,,10800,,2026-12-31,【國旅補助優惠方案】使用國旅補助資格旅客，透過頭等艙飯店台中綠園道館官網訂房，即享平日9折、假日95折優惠（官網價格已為折扣後優惠價）。飯店位於台中西區核心，鄰近勤美綠園道、草悟道、科博館以及審計新村，交通便利。館內以飛機座艙為設計概念，打造98間舒適客房，提供溫馨放鬆的住宿空間，無論旅遊或商務出差，都是探索台中的理想選擇。,24.154703,120.661737,開放資料,4.4,2877,http://www.airlineinn.com,https://www.taiwanstay.net.tw/TSA/web_page/TSA020200.jsp?hohi_id=4657
289,馥格堡酒店,臺中市,西區,旅館,04-23280707,臺中市西區美村路一段22號3樓之1至3樓之111,國旅補助優惠方案,,,7800,,2026-12-31,【國旅補助優惠方案】使用國旅補助資格旅客，透過頭等艙飯店台中綠園道館官網訂房，即享平日9折、假日95折優惠（官網價格已為折扣後優惠價）。飯店位於台中西區核心，鄰近勤美綠園道、草悟道、科博館以及審計新村，交通便利。館內以飛機座艙為設計概念，打造98間舒適客房，提供溫馨放鬆的住宿空間，無論旅遊或商務出差，都是探索台中的理想選擇。,24.154703,120.661726,開放資料,,,https://www.airlineinn.com,https://www.taiwanstay.net.tw/TSA/web_page/TSA020200.jsp?hohi_id=10433
290,麗加園邸酒店,臺中市,西區,旅館,04-23057581,"臺中市西區公益路111號1-5樓及模範街37,39號1-5樓",國旅補助優惠方案,,,5000,1500,2026-12-31,【國旅補助優惠方案】國旅補助期間，平日周日~周四，不含國定假日及連續假日【住宿一晚方案】不含早餐-雙人房$1500起、四人房$2200起依房型含早餐-雙人房$2000起、四人房$3400起【連續住二晚方案】不含早餐-雙人房$2800起、四人房$4200起依房型含早餐-雙人房$3800起、四人房$6500起詳細方案內容歡迎來電洽詢04-23057581,24.150733,120.66634,開放資料,,,,https://www.taiwanstay.net.tw/TSA/web_page/TSA020200.jsp?hohi_id=12154
291,黃埔75旅店,臺中市,西區,旅館,04-22066611,臺中市西區五權路203號,國旅補助優惠方案、平價優質旅宿,1556,業者自報,5000,,2026-12-31,"【國旅補助優惠方案】【品牌活動】品味台中｜吃美食品住宿【專案期間】2026/04/01（三）—2026/12/31（四）【活動內容】凡旅客於活動期間至官網預訂本專案，即享〈優惠價〉折扣95折優惠，且每房可獲贈【塔木德酒店集團】美食店家專屬優惠券（總價值超過$1,800）乙份（贈完為止）。持券至指定合作店家消費，即可享有專屬優惠！不指定房型-無停車(房型依飯店安排)-【品牌活動】品味台中｜吃美食品住宿免費取消！即刻預訂，稍後付款含早餐TWD1,1902位賓客1晚的費用

【平價優質旅宿】平日雙人房售價：1556",24.149082,120.674644,開放資料,4.4,2415,,https://www.taiwanstay.net.tw/TSA/web_page/TSA020200.jsp?hohi_id=18140
292,LA VIDA HOTEL 逢甲商旅,臺中市,西屯區,旅館,04-24517722,臺中市西屯區西屯路二段275之2號,國旅補助優惠方案,,,7000,,2026-12-31,"【國旅補助優惠方案】平日-週日~週四-不含早餐住房專案-官網訂房加贈二客下午茶優惠房型:標準雙人房(一大床) $2,699 雅緻雙人房(二小床) $2,699",24.175538,120.643985,開放資料,4.3,2662,http://www.lavidahotel.com.tw,https://www.taiwanstay.net.tw/TSA/web_page/TSA020200.jsp?hohi_id=8869
293,久窩行旅-逢甲館,臺中市,西屯區,旅館,04-24511701,臺中市西屯區文華路43號(2-5樓),國旅補助優惠方案,,,5800,800、1000、1200,2026-12-31,【國旅補助優惠方案】以下為國旅補助＋久窩加碼的方案：1.平日住宿補助：第一晚國旅補助800元，第二晚國旅補助1200元(需續住才可折扣第二晚的)久窩會贈送早餐2.平日一日補助：若只要入住一晚，國旅補助800元，久窩會加碼折扣200元，共可折扣1000元！3.生日補助：折扣1200元(久窩會加碼生日佈置！)以上3個專案為【中簽者】才可使用。4.平日秀秀補助：若您沒中簽，久窩有提供專案，第一晚折扣500元，第二晚折扣500元(連住第二晚送早餐)給您參考優惠方案~,24.1772,120.646428,開放資料,4.6,531,http://www.khotel.tw/,https://www.taiwanstay.net.tw/TSA/web_page/TSA020200.jsp?hohi_id=494
294,二八樹巷藝術文旅,臺中市,西屯區,旅館,04-23142288,臺中市西屯區櫻城一街85號,國旅補助優惠方案,,,2180,,2026-12-31,【國旅補助優惠方案】使用國旅補助入住二八樹巷藝術文旅，依房型人數贈送$100元折價券於下次使用。,24.172237,120.649722,開放資料,4.7,1018,http://www.28shuxiang.com,https://www.taiwanstay.net.tw/TSA/web_page/TSA020200.jsp?hohi_id=6153
295,伯達行旅,臺中市,西屯區,旅館,04-27068111,臺中市西屯區上墩路1號,平價優質旅宿,1455,業者自報,8000,,,【平價優質旅宿】平日雙人房售價：1455,24.182813,120.637472,開放資料,,,,https://www.taiwanstay.net.tw/TSA/web_page/TSA020200.jsp?hohi_id=10019
296,余舍行旅,臺中市,西屯區,旅館,04-27061129,臺中市西屯區環中路二段1129號,國旅補助優惠方案,,,7000,,2026-12-31,【國旅補助優惠方案】適用對象：使用115年國旅平日住宿獎助或生日券，並於本飯店完成入住之旅客。優惠內容：每房每次入住贈送本飯店與「遊山茶訪」聯名精選茶葉雙組合一份。注意事項：本優惠以每房每次入住贈送一份為限，不得折抵現金；實際資格及使用方式依活動相關規定辦理。如有未盡事宜，本飯店保有活動內容調整及最終解釋權。,24.182675,120.633975,開放資料,3.9,1373,https://www.royalroihotel.com.tw/,https://www.taiwanstay.net.tw/TSA/web_page/TSA020200.jsp?hohi_id=7348
297,台中福華大飯店,臺中市,西屯區,觀光旅館,04-24632323,臺中市西屯區安和路129號,國旅補助優惠方案,,,10600,800,2026-12-31,"【國旅補助優惠方案】《國旅台中》住房專案平日雙人含早NT$3,000起，入住即享客房升等優惠加購，再送「總統套房月月抽」抽獎券。連住第2晚加碼再折NT$800，輕鬆延長國旅假期。《饗樂國旅》住房專案平日雙人含早NT$4,380起，入住即享「3F覓舍精選雙人分享餐」(價值NT$1,980+10%)，再贈「總統套房月月抽」抽獎券，住宿、美食一次滿足。",24.180106,120.62454,開放資料,4.3,7234,https://howard-hotels.tw/,https://www.taiwanstay.net.tw/TSA/web_page/TSA020200.jsp?hohi_id=6560
298,塔木德酒店-台中館,臺中市,西屯區,旅館,04-23133888,臺中市西屯區西屯路二段200號,國旅補助優惠方案,,,6500,,2026-12-31,【國旅補助優惠方案】依本次115年國旅平日住宿獎勵活動辦法配合施行,24.168603,120.649205,開放資料,4.6,4875,,https://www.taiwanstay.net.tw/TSA/web_page/TSA020200.jsp?hohi_id=19979
299,富王大飯店,臺中市,西屯區,旅館,04-23265463,臺中市西屯區文心路2段636號,國旅補助優惠方案,,,10000,,2026-12-31,【國旅補助優惠方案】國旅平日住宿獎勵及生日券活動僅供電話訂房使用。且活動方案不可疊加使用。,24.161222,120.648939,開放資料,4.2,2571,,https://www.taiwanstay.net.tw/TSA/web_page/TSA020200.jsp?hohi_id=21094
300,微行旅,臺中市,西屯區,旅館,04-27066868,臺中市西屯區福星路333號,平價優質旅宿,2280,業者自報,5500,,,【平價優質旅宿】平日雙人房售價：2280,24.181109,120.645174,開放資料,,,,https://www.taiwanstay.net.tw/TSA/web_page/TSA020200.jsp?hohi_id=21926
301,文華道會館,臺中市,西屯區,旅館,04-36026088,"臺中市西屯區文華路138巷31號,150巷52號3-8樓",平價優質旅宿,1700,業者自報,6820,,,【平價優質旅宿】平日雙人房售價：1700,24.182903,120.647156,開放資料,,,http://www.inone.com.tw/main.html,https://www.taiwanstay.net.tw/TSA/web_page/TSA020200.jsp?hohi_id=16338
302,森朵文旅,臺中市,西屯區,旅館,096076296104-24638555,臺中市西屯區福科路239號2樓(門牌號),國旅補助優惠方案,,,6000,,2026-11-30,"【國旅補助優惠方案】森朵文旅配合「平日國旅優惠」活動，活動期間平日入住，不限房型皆可享住宿優惠。

適用日期為週日至週四，國定假日及其連續假期不適用。旅客須依活動規定完成登錄，並於入住時出示身分證或健保卡供核對。

本優惠須直接向森朵文旅訂房，住宿券、折價券及其他商品／服務禮券不適用。",24.181447,120.626468,開放資料,5,1,,https://www.taiwanstay.net.tw/TSA/web_page/TSA020200.jsp?hohi_id=36118
303,水舞行館,臺中市,西屯區,旅館,04-22512888,臺中市西屯區龍富路五段200號,國旅補助優惠方案,5800,業者官網,3000,,2026-12-31,【國旅補助優惠方案】生日券優惠當月壽星憑券入住＜楓舞以上房型＞贈onis紅酒一瓶(限來電訂房或官網訂房),24.156265,120.628226,開放資料,4.2,1658,https://swvilla.swmall.com.tw/zh-tw,https://www.taiwanstay.net.tw/TSA/web_page/TSA020200.jsp?hohi_id=9429
304,沐蘭汽車旅館,臺中市,西屯區,旅館,04-22527878,臺中市西屯區市政路245號,國旅補助優惠方案,,,7440,1000,2026-12-31,"【國旅補助優惠方案】平日優惠:入住楓舞以上房型,享時段優惠房價再贈onis紅酒一瓶(限來電訂房)生日券:當月壽星憑生日券入住【楓舞高級套房】平日現場價$4000生日價只要$3200元再贈限量生日禮1.贈美酒一瓶(價值$500元)2.延後退房時間(原退房時間11:00)3.非假日＜週日-週五＞加碼升等楓舞豪華套房優惠說明:(入住請出示壽星證件)1.限非假日:週日~週五入住&含2人早餐2.進房時間20:00後&隔日13:00前退房3.週五需加價＜$1000＞&週六需加價＜$2000＞元(連續假日&特殊節假日暫停使用)4.僅供2人住宿,需前三日來電訂房告知生日專案入住5.不與其他優惠(券)及專案合併使用。",24.162127,120.635208,開放資料,4.5,2286,,https://www.taiwanstay.net.tw/TSA/web_page/TSA020200.jsp?hohi_id=6790
305,浮雲客棧旅館,臺中市,西屯區,旅館,04-27065855,臺中市西屯區西安街277巷59號1~13樓,平價優質旅宿,2100,業者自報,5600,,,【平價優質旅宿】平日雙人房售價：2100,24.18394,120.648082,開放資料,,,,https://www.taiwanstay.net.tw/TSA/web_page/TSA020200.jsp?hohi_id=23348
306,由扉寓所,臺中市,西屯區,旅館,04-24521111,臺中市西屯區漢翔路111號2樓之1至3、2樓之5至11、3樓之1至3、3樓之5至10、4樓之1至3、4樓之5至11、5樓之1至3、5樓之5至10、6樓之1至2、6樓之5至6、6樓之9至11及113號,國旅補助優惠方案,,,40000,,2026-12-31,【國旅補助優惠方案】入住依照房型人數提供免費飲品招待乙杯,24.184994,120.642597,開放資料,4.7,794,https://euphemia.aimshotel.com/,https://www.taiwanstay.net.tw/TSA/web_page/TSA020200.jsp?hohi_id=34367
307,皇星商旅,臺中市,西屯區,旅館,04-27058258,臺中市西屯區臺灣大道三段556巷1弄8號,平價優質旅宿,2016,業者自報,1800,,,【平價優質旅宿】平日雙人房售價：2016,24.168908,120.640874,開放資料,,,http://www.kinghotel.com.tw,https://www.taiwanstay.net.tw/TSA/web_page/TSA020200.jsp?hohi_id=7695
308,碧根逢甲酒店,臺中市,西屯區,旅館,04-24515828,臺中市西屯區福星路427號1-11樓,平價優質旅宿,2640,業者自報,2000,,,【平價優質旅宿】平日雙人房售價：2640,24.179148,120.645236,開放資料,,,http://www.beacon-hotel.com.tw/,https://www.taiwanstay.net.tw/TSA/web_page/TSA020200.jsp?hohi_id=7745
309,福星旅店,臺中市,西屯區,旅館,04-27069007,臺中市西屯區福星北路45號,國旅補助優惠方案,,,6000,,2026-12-31,【國旅補助優惠方案】透過官網完成訂房，即可獲贈Häagen-Dazs迷你杯！贈送數量依入住房型而定，需於入住期間完成兌換。,24.184283,120.644474,開放資料,4.3,2430,,https://www.taiwanstay.net.tw/TSA/web_page/TSA020200.jsp?hohi_id=17899
310,米力旅店,臺中市,西屯區,旅館,04-27073777,臺中市西屯區福星北一街15號,國旅補助優惠方案,,,5800,800、1200,2026-12-31,【國旅補助優惠方案】【0元入住專案】雙人房續住2晚1.僅限搭配使用平日住宿獎助(第一晚折$800/第二晚折$1200)，生日券及T-pass不適用2.此專案兩晚房價為特殊優惠，如第二晚臨時不住，需補第一晚價差(依現場房價為主)3.此專案不含早，搭配雙人房一大床房型，僅限電話訂房，其他通路(含官網)不適用4.此專案限入住9/1~30週日至週四區間(逢國定假日或連續假期不適用)5.此專案限同館連住2晚，恕無法跨館別入住6.數量有限，售完為止,24.183038,120.644243,開放資料,4.2,4214,,https://www.taiwanstay.net.tw/TSA/web_page/TSA020200.jsp?hohi_id=17613
311,米樂旅店,臺中市,西屯區,旅館,04-27083315,臺中市西屯區黎明路三段493號,平價優質旅宿,2160,業者自報,5000,,,【平價優質旅宿】平日雙人房售價：2160,24.184844,120.639683,開放資料,,,http://www.miller-inn.com.tw,https://www.taiwanstay.net.tw/TSA/web_page/TSA020200.jsp?hohi_id=15878
312,裕元花園酒店,臺中市,西屯區,觀光旅館,04-24656555,臺中市西屯區台灣大道四段610號,國旅補助優惠方案,,,10164,,2026-12-31,【國旅補助優惠方案】【裕元花園酒店x2026國旅補助】九月APP會員禮遇月加碼！平日住宿享88折再折抵，壽星獨家免費升等！【活動期間】2026年9月1日至2026年9月30日【活動對象】裕元花園酒店APP會員，且符合2026國旅平日住宿及生日券獎助活動資格之民眾。這個九月，裕元花園酒店讓您的國旅補助放大再放大！只要搭配2026國旅平日住宿及生日券獎助活動，並使用裕元花園酒店APP預訂平日住宿，即可同時享有多重專屬禮遇，詳情請參閱裕元花園酒店官網最新消息。,24.179753,120.624009,開放資料,4.4,11325,https://www.windsortaiwan.com,https://www.taiwanstay.net.tw/TSA/web_page/TSA020200.jsp?hohi_id=18149
313,逢甲25行館,臺中市,西屯區,旅館,04-24525937,臺中市西屯區逢甲路301巷22弄1號及1號2~6樓,國旅補助優惠方案,,,1480,800、1200,2026-12-31,"【國旅補助優惠方案】九月起平日住宿補助｜逢甲25行館再加碼第一晚最高補助800元，第二晚最高補助1,200元，連住兩晚最高可享2,000元補助！逢甲25行館再加碼推出平日連住優惠： 陽台雙人房兩晚原價2,600元 補助後最低只要600元 免費延遲退房1小時 贈送迎賓飲品2杯 第三晚加購優惠價999元 週五續住優惠價1380活動適用週日至週四，每日限量5間，額滿即止。補助資格、使用方式及核銷規定，依政府正式公告為準；旅館保留房況及活動調整權利。",24.173815,120.637358,開放資料,4.5,939,,https://www.taiwanstay.net.tw/TSA/web_page/TSA020200.jsp?hohi_id=18727
314,達斯旅店,臺中市,西屯區,旅館,096677191904-24515788,臺中市西屯區西平里逢甲路19巷16號7樓之1至7樓之32（共29戶）,國旅補助優惠方案,,,3000,,2026-12-31,【國旅補助優惠方案】115年國旅平日住宿獎助＋生日券業者優惠方案,24.178193,120.645616,開放資料,4.6,3139,https://reurl.cc/R2ZW0G,https://www.taiwanstay.net.tw/TSA/web_page/TSA020200.jsp?hohi_id=6845
315,金瑞文旅,臺中市,西屯區,旅館,04-24511238,臺中市西屯區福星路245號、245號3樓、245號4樓,國旅補助優惠方案,,,5000,,2026-12-31,【國旅補助優惠方案】提早入住1小時/晚退房1小時,24.182442,120.644298,開放資料,4.3,1341,,https://www.taiwanstay.net.tw/TSA/web_page/TSA020200.jsp?hohi_id=33428
316,隱和旅,臺中市,西屯區,旅館,04-27063123,臺中市西屯區西屯路二段272之16號,國旅補助優惠方案,,,20000,,2026-12-31,【國旅補助優惠方案】活動期間入住即贈逢甲夜市專屬美食折扣藏寶圖！凡來電預訂續住2晚以上，隱和旅再加碼推出95折續住優惠！,24.175284,120.642142,開放資料,4.6,2447,https://www.innk.com.tw,https://www.taiwanstay.net.tw/TSA/web_page/TSA020200.jsp?hohi_id=14144
317,鼎隆國際商旅,臺中市,西屯區,旅館,04-27065411,臺中市西屯區臺灣大道三段558號,平價優質旅宿,2495,業者自報,2980,,,【平價優質旅宿】平日雙人房售價：2495,24.168894,120.63999,開放資料,,,https://www.hoteldion.com.tw/,https://www.taiwanstay.net.tw/TSA/web_page/TSA020200.jsp?hohi_id=16119
318,川賦商旅,臺中市,豐原區,旅館,04-25288777,臺中市豐原區向陽路77之1號、77號9-13樓,國旅補助優惠方案、平價優質旅宿,2592,業者自報,3980,,2026-12-31,"【國旅補助優惠方案】平日出遊最划算，優惠再加碼！入住川賦商旅，符合國旅平日住宿獎助資格，再搭配生日住宿券使用，還可享住宿再9折優惠！ 優惠一次享有： 國旅平日住宿獎助 生日住宿券優惠 再享住宿9折趁著平日安排一趟輕旅行，讓旅程更輕鬆、更超值！ 歡迎來電洽詢或立即預訂，優惠名額有限，把握機會！※優惠內容依政府補助規定及飯店公告為準，是否可併用請以現場公告為主。

【平價優質旅宿】平日雙人房售價：2592",24.252364,120.723754,開放資料,4.2,819,,https://www.taiwanstay.net.tw/TSA/web_page/TSA020200.jsp?hohi_id=7901
319,楓采行館,臺中市,豐原區,旅館,04-25282686,臺中市豐原區永康路211巷25弄76號,國旅補助優惠方案,,,2780,,2026-11-30,【國旅補助優惠方案】國旅補助期間平日入住，凡使用國旅補助優惠方案（平日住宿獎助、生日券）之旅客，不論是透過旅宿網訂房、電話預訂或現場入住，皆可享加碼贈禮，免費贈送「名典咖啡禮包」一份。,24.240324,120.726855,開放資料,3.7,611,https://mapleton.com.tw,https://www.taiwanstay.net.tw/TSA/web_page/TSA020200.jsp?hohi_id=5912
320,馨苑輕旅,彰化縣,北斗鎮,民宿,0966168592-,彰化縣北斗鎮中山路二段147巷57號,國旅補助優惠方案,,,3980,,2026-12-31,【國旅補助優惠方案】適用對象：國內外住客皆適用活動內容、細節：彰化擁有豐富的人文、美食，邀請大家來彰化旅行，首選北斗的馨苑輕旅最給力ㄛ！馨苑響應彰化城市觀光活動，加碼於2026.12.31前入住馨苑輕旅的住客：每人再減50元/天，兩人入住=減100/天，住越多、省越多，響應國旅 最愛馨苑輕旅～,23.87678,120.518856,開放資料,4.9,9,,https://www.taiwanstay.net.tw/TSA/web_page/TSA020200.jsp?hohi_id=37918
321,幸福客棧,彰化縣,和美鎮,民宿,0919525834-,彰化縣和美鎮源埤里南安路176號,國旅補助優惠方案,,,5000,,2026-09-01,"【國旅補助優惠方案】平日住宿獎助活動,生日券獎助活動.(平日週日至週四，不含國定假日及其連續假期）",24.085653,120.509556,開放資料,4.7,152,http://goo.gl/YdBHRG,https://www.taiwanstay.net.tw/TSA/web_page/TSA020200.jsp?hohi_id=17567
322,康橋商旅員林館,彰化縣,員林市,旅館,04-8381866,彰化縣員林市靜修路12號5-7樓,國旅補助優惠方案,,,8450,,2026-12-31,【國旅補助優惠方案】國旅補助優惠如下1.平日住宿獎助2.生日券3.TaiwanPASS住宿抵用券,23.962806,120.573138,開放資料,4.4,2430,https://www.kindness-hotel.com.tw/location-changhua,https://www.taiwanstay.net.tw/TSA/web_page/TSA020200.jsp?hohi_id=2573
323,彰化華宿文旅,彰化縣,彰化市,旅館,0970287068-,彰化縣彰化市中興路19號,國旅補助優惠方案,,,10000,,2026-12-31,【國旅補助優惠方案】凡使用「平日住宿獎助」、「生日券」或「TaiwanPASS」任一補助入住，享「連住第三晚，本旅店獨家再加碼折抵500元」（第三晚限透過LINE、電話訂房),24.070805,120.554102,開放資料,4.8,371,,https://www.taiwanstay.net.tw/TSA/web_page/TSA020200.jsp?hohi_id=35833
324,提米好旅,彰化縣,彰化市,旅館,04-7061086,彰化縣彰化市光復里15鄰成功路277號,國旅補助優惠方案,,,1700,,2026-12-31,【國旅補助優惠方案】入住一晚，不限房型，送130元飲品(若須更換其他飲品，則補差額)入住兩晚以上(含)，不限房型，送一人乙份下午茶(布朗尼+130元飲品，若更換其他飲品，則補差額）,24.081841,120.541188,開放資料,4.7,484,,https://www.taiwanstay.net.tw/TSA/web_page/TSA020200.jsp?hohi_id=33269
325,拾號行旅,彰化縣,溪湖鎮,民宿,093333644304-7525834,彰化縣溪湖鎮彰水路四段315巷10號,國旅補助優惠方案,,,2000,,2026-09-01,"【國旅補助優惠方案】平日住宿獎助活動,生日券獎助活動.(平日週日至週四，不含國定假日及其連續假期）",23.97213,120.479264,開放資料,4.5,21,,https://www.taiwanstay.net.tw/TSA/web_page/TSA020200.jsp?hohi_id=34569
326,悠嫻民宿,彰化縣,福興鄉,民宿,093152305204-7769938,彰化縣福興鄉彰鹿路7段330巷127弄28號,國旅補助優惠方案,,,6000,,2026-12-31,"【國旅補助優惠方案】US回家禮｜一點心意，等您回家 謝謝每一位選擇入住悠嫻民宿的旅客每一次相遇，都是珍貴的緣分；我們也希望，每一次離開，都能期待下一次再相見。因此，我們準備了US回家禮 入住即可參加 完成入住後，至一樓公共區域掃描QRCode集點。 集滿1點，立即獲得300元訂房折抵券（由官方LINE發送）。 下次官網訂房 消費滿3,000元即可折抵300元。 活動提醒 折抵券自領券日起6個月內使用。 每張折抵券限使用一次。 折抵券不得轉讓或兌換現金。入住悠嫻民宿，使用LINEPay付款再享點數回饋！ 活動期間2026/07/07－2026/12/31 活動內容單筆消費滿2,500元即可享LINEPOINTS25點回饋一次入住，享有雙重回饋 ※LINEPOINTS回饋依LINEPay活動辦法為準，數量有限，送完為止。",24.047992,120.449349,開放資料,4.6,178,https://www.easystay.url.tw/,https://www.taiwanstay.net.tw/TSA/web_page/TSA020200.jsp?hohi_id=7063
327,華宿彰濱快捷商旅,彰化縣,線西鄉,旅館,098984100104-7030912,彰化縣線西鄉彰化縣線西鄉慶濱路6號,國旅補助優惠方案,,,,800,2026-12-31,【國旅補助優惠方案】國旅補助於本旅館連住兩晚申請2000元國旅補助第三晚續住本旅館，將加碼放送800元住宿折抵金,24.14157,120.44236,開放資料,4.9,228,https://www.facebook.com/h.suite.fast,https://www.taiwanstay.net.tw/TSA/web_page/TSA020200.jsp?hohi_id=37779
328,碧山廬禪的民宿,彰化縣,芬園鄉,民宿,049-2528288,彰化縣芬園鄉溪頭村彰南路1段103巷130號,國旅補助優惠方案,,,2800,,2026-12-31,【國旅補助優惠方案】活動期間續住送在地生產蜜餞一包（300公克）,23.967144,120.641767,開放資料,4.3,67,https://bishanhouse.com/index/?p=86,https://www.taiwanstay.net.tw/TSA/web_page/TSA020200.jsp?hohi_id=5045
329,東皋歇暝,彰化縣,鹿港鎮,民宿,0965519071-,彰化縣鹿港鎮復興路318號,國旅補助優惠方案,,,8000,,2026-12-31,【國旅補助優惠方案】入住旅客可享彰化、鹿港精選在地茶點 憑房卡享鹿港多間合作店家專屬優惠,24.056971,120.437799,開放資料,4.9,172,https://www.facebook.com/tkhm.lukanghomestay,https://www.taiwanstay.net.tw/TSA/web_page/TSA020200.jsp?hohi_id=29925
330,洛津做夢,彰化縣,鹿港鎮,民宿,0965027163-,彰化縣鹿港鎮中山路163號,國旅補助優惠方案,,,15000,,2026-12-31,【國旅補助優惠方案】入住即享合作店家專屬優惠與精選在地迎賓茶點。凡透過洛津做夢官網或官方Line預訂平日連續入住兩晚(含)以上，即享專屬禮遇：嚴選好酒或精緻無酒精飲品乙份，優惠至2026/12/31止。,24.053782,120.435043,開放資料,5,48,https://www.booking-owlnest.com/choebang.house?,https://www.taiwanstay.net.tw/TSA/web_page/TSA020200.jsp?hohi_id=36858
331,澄悅商旅,彰化縣,鹿港鎮,旅館,04-7781313,彰化縣鹿港鎮埔崙里9鄰中正路510巷1號,國旅補助優惠方案,,,4800,,2026-12-31,【國旅補助優惠方案】國旅平日住宿享優惠115/09/01-12/31每房每晚現折$200房費含精緻早餐Buffet吃到飽贈白蘭氏雞精兌換券,24.061755,120.436986,開放資料,,,http://www.joy-inn.com.tw/,https://www.taiwanstay.net.tw/TSA/web_page/TSA020200.jsp?hohi_id=11820
332,鹿港宏宇旅宿,彰化縣,鹿港鎮,民宿,0937794079-,彰化縣鹿港鎮頂厝里裕民街129號,國旅補助優惠方案,,,16800,,2026-12-31,【國旅補助優惠方案】享住宿價折扣95折並贈送禮品茶包LOGO隨手包,24.059244,120.44413,開放資料,5,89,,https://www.taiwanstay.net.tw/TSA/web_page/TSA020200.jsp?hohi_id=38391
333,鹿港宏旭民宿,彰化縣,鹿港鎮,民宿,0937794079-,彰化縣鹿港鎮永安三路25號,國旅補助優惠方案,,,3800,,2026-12-31,【國旅補助優惠方案】享住宿價折扣95折並贈送禮品茶包LOGO隨手包,24.058665,120.440232,開放資料,4.9,338,,https://www.taiwanstay.net.tw/TSA/web_page/TSA020200.jsp?hohi_id=35007
334,鹿港澄悅酒店,彰化縣,鹿港鎮,旅館,04-7785727,彰化縣鹿港鎮中正路598號,國旅補助優惠方案,,,5800,,2026-12-31,【國旅補助優惠方案】國旅平日住宿115/09/01-12/31含食怡樓早餐Buffet吃到飽贈白蘭氏雞精兌換券贈台中三井outlet與台中Lalaport百元折價券,24.063047,120.43517,開放資料,4.6,1037,,https://www.taiwanstay.net.tw/TSA/web_page/TSA020200.jsp?hohi_id=32773
335,春鋒玉桂園,南投縣,中寮鄉,民宿,049-2236734,南投縣中寮鄉崁頂村中集路49-5號,平價優質旅宿,2600,業者自報,4500,,,【平價優質旅宿】平日雙人房售價：2600,23.859995,120.762134,開放資料,,,,https://www.taiwanstay.net.tw/TSA/web_page/TSA020200.jsp?hohi_id=16224
336,月桃香民宿,南投縣,中寮鄉,民宿,0963101481-,南投縣中寮鄉內城村月桃巷81-6號,平價優質旅宿,2250,業者自報,2000,,,【平價優質旅宿】平日雙人房售價：2250,23.946692,120.788654,開放資料,,,,https://www.taiwanstay.net.tw/TSA/web_page/TSA020200.jsp?hohi_id=15112
337,清城農莊,南投縣,中寮鄉,民宿,0921356956049-2601463,南投縣中寮鄉清水村2鄰瀧林巷5-5號,平價優質旅宿,2500,業者自報,2600,,,【平價優質旅宿】平日雙人房售價：2500,23.94397,120.792627,開放資料,,,,https://www.taiwanstay.net.tw/TSA/web_page/TSA020200.jsp?hohi_id=4721
338,星光月語民宿,南投縣,仁愛鄉,民宿,0913953559049-2802410,南投縣仁愛鄉大同村博望巷30-1號,國旅補助優惠方案,,,4200,,2026-12-31,【國旅補助優惠方案】平日入住享住宿住宿9折優惠當月生日壽星再送下午茶鬆餅套餐一份!,24.075201,121.171429,開放資料,4.3,495,http://www.starshine.tw/,https://www.taiwanstay.net.tw/TSA/web_page/TSA020200.jsp?hohi_id=20946
339,果色天香民宿,南投縣,仁愛鄉,民宿,0928344346049-2802786,南投縣仁愛鄉大同村13鄰信義巷82之1號,平價優質旅宿,1880,業者自報,3500,,,【平價優質旅宿】平日雙人房售價：1880(不含早餐),24.033268,121.141703,開放資料,,,,https://www.taiwanstay.net.tw/TSA/web_page/TSA020200.jsp?hohi_id=14270
340,桂林休閒山莊民宿,南投縣,仁愛鄉,民宿,049-2802838,南投縣仁愛鄉大同村博望巷9-8號,平價優質旅宿,2500,業者自報,9000,,,【平價優質旅宿】平日雙人房售價：2500,24.071917,121.171462,開放資料,,,https://www.fengtyan.com.tw/,https://www.taiwanstay.net.tw/TSA/web_page/TSA020200.jsp?hohi_id=10119
341,水擺夷風味民宿,南投縣,仁愛鄉,民宿,0932195101-,南投縣仁愛鄉大同村博望巷21-1號,平價優質旅宿,2500,業者自報,3200,,,【平價優質旅宿】平日雙人房售價：2500,24.07436,121.169932,開放資料,,,,https://www.taiwanstay.net.tw/TSA/web_page/TSA020200.jsp?hohi_id=13875
342,清境依山舞林民宿,南投縣,仁愛鄉,民宿,0910808877-,南投縣仁愛鄉大同村信義巷77號,平價優質旅宿,2600,業者自報,6000,,,【平價優質旅宿】平日雙人房售價：2600,24.033589,121.142612,開放資料,,,https://booking.owlting.com/1350hostel,https://www.taiwanstay.net.tw/TSA/web_page/TSA020200.jsp?hohi_id=14280
343,清境農場國民賓館,南投縣,仁愛鄉,旅館,049-2802748,南投縣仁愛鄉大同村定遠新村25號,國旅補助優惠方案,,,3000,,2026-12-31,【國旅補助優惠方案】清境農場平日住宿優惠活動（平日）1.住宿第1晚享原價6折2.續住第2晚享原價5折使用觀光署相關優惠方案1.館内餐廳再享9折優惠2.限量贈送每房手燈及氣球乙組,24.043054,121.156418,開放資料,4.1,5065,http://hotel.chingjing.com.tw/,https://www.taiwanstay.net.tw/TSA/web_page/TSA020200.jsp?hohi_id=20126
344,清翠渡假民宿,南投縣,仁愛鄉,民宿,0932789816-,南投縣仁愛鄉精英村榮華巷153號,平價優質旅宿,1980,業者自報,2980,,,【平價優質旅宿】平日雙人房售價：1980,24.015102,121.189361,開放資料,,,,https://www.taiwanstay.net.tw/TSA/web_page/TSA020200.jsp?hohi_id=27407
345,滇緬的家,南投縣,仁愛鄉,民宿,049-2802095,南投縣仁愛鄉大同村博望巷26號,平價優質旅宿,2500,業者自報,2800,,,【平價優質旅宿】平日雙人房售價：2500,24.07419,121.170588,開放資料,,,,https://www.taiwanstay.net.tw/TSA/web_page/TSA020200.jsp?hohi_id=21413
346,福爾摩莎民宿,南投縣,仁愛鄉,民宿,049-2803318,南投縣仁愛鄉大同村仁和路223-1號,國旅補助優惠方案,,,9600,,2026-12-31,【國旅補助優惠方案】活動期間提供平日(周日至周四)雙人房優惠價NT$2400含早餐再加贈宏碁蜂蜜及豐年養菇場體驗券,24.065181,121.167124,開放資料,,,,https://www.taiwanstay.net.tw/TSA/web_page/TSA020200.jsp?hohi_id=21821
347,老戴的家民宿,南投縣,仁愛鄉,民宿,049-2916009,南投縣仁愛鄉大同村榮光巷27-1號,平價優質旅宿,2000,業者自報,2000,,,【平價優質旅宿】平日雙人房售價：2000,24.03901,121.15197,開放資料,,,,https://www.taiwanstay.net.tw/TSA/web_page/TSA020200.jsp?hohi_id=19031
348,雲上太陽民宿,南投縣,仁愛鄉,民宿,049-2802668,南投縣仁愛鄉大同村仁和路210-6號,平價優質旅宿,2800,業者自報,3800,,,【平價優質旅宿】平日雙人房售價：2800,24.069944,121.167793,開放資料,,,,https://www.taiwanstay.net.tw/TSA/web_page/TSA020200.jsp?hohi_id=8562
349,勝華大飯店,南投縣,信義鄉,旅館,049-2701511,南投縣信義鄉東埔村開高巷60號,國旅補助優惠方案,,,3000,,2026-12-31,【國旅補助優惠方案】平日3天2夜，2人成行，費用每人2000元起。,23.562615,120.929401,開放資料,,,https://www.sheng-huaw.com.tw,https://www.taiwanstay.net.tw/TSA/web_page/TSA020200.jsp?hohi_id=2444
350,哈木山民宿,南投縣,信義鄉,民宿,0982492677-,南投縣信義鄉地利村5鄰開信巷108號,平價優質旅宿,1600,業者自報,2500,,,【平價優質旅宿】平日雙人房售價：1600,23.793314,120.993479,開放資料,,,,https://www.taiwanstay.net.tw/TSA/web_page/TSA020200.jsp?hohi_id=2842
351,新高山夢想家,南投縣,信義鄉,民宿,049-2702957,南投縣信義鄉同富村太平巷58號,平價優質旅宿,3000,業者自報,3500,,,"【平價優質旅宿】平日雙人房售價：3,000(僅供4人房)",23.565168,120.875798,開放資料,,,,https://www.taiwanstay.net.tw/TSA/web_page/TSA020200.jsp?hohi_id=12979
352,沙里仙渡假飯店,南投縣,信義鄉,旅館,049-2702988,南投縣信義鄉東埔村開高巷74號,國旅補助優惠方案,,,3500,800、1200,2026-12-31,"【國旅補助優惠方案】平日三天兩夜一個人2600元.第一晚折800元，同一家續住再折1,200元 行程亮點： 舒適住宿環境，放鬆身心靈 靜謐山林美景，遠離塵囂 親近自然、享受慢活節奏 適合情侶、朋友、小家庭出遊",23.561304,120.927552,開放資料,3.7,928,,https://www.taiwanstay.net.tw/TSA/web_page/TSA020200.jsp?hohi_id=6359
353,達瑪勞翁民宿,南投縣,信義鄉,民宿,049-2742148,南投縣信義鄉雙龍村光復巷71-3號,平價優質旅宿,2000,業者自報,3200,,,【平價優質旅宿】平日雙人房售價：2000,23.783108,120.947575,開放資料,,,,https://www.taiwanstay.net.tw/TSA/web_page/TSA020200.jsp?hohi_id=8276
354,雙龍客棧民宿,南投縣,信義鄉,民宿,0918290936-,南投縣信義鄉雙龍村3鄰光復巷34-3號,平價優質旅宿,2000,業者自報,2000,,,【平價優質旅宿】平日雙人房售價：2000(僅供4人房),23.783811,120.946228,開放資料,,,,https://www.taiwanstay.net.tw/TSA/web_page/TSA020200.jsp?hohi_id=16462
355,Cafe SOLO禾田民宿,南投縣,南投市,民宿,0932920804049-2393818,南投縣南投市中正路152-6號,平價優質旅宿,2500,業者自報,2500,,,【平價優質旅宿】平日雙人房售價：2500,23.952006,120.688359,開放資料,,,,https://www.taiwanstay.net.tw/TSA/web_page/TSA020200.jsp?hohi_id=29988
356,小花園夢想生活家,南投縣,南投市,民宿,0907087900049-2316140,南投縣南投市光明里光明四路1號,國旅補助優惠方案、平價優質旅宿,1600,業者自報,3200,800、1200,2026-12-31,"【國旅補助優惠方案】平日入住第一晚優惠800元，第二晚優惠1200元

【平價優質旅宿】平日雙人房售價：1600",23.941642,120.700082,開放資料,4.7,255,https://www.facebook.com/jardinnantou/,https://www.taiwanstay.net.tw/TSA/web_page/TSA020200.jsp?hohi_id=28825
357,易居民宿(EG Hostel),南投縣,南投市,民宿,0937461101-,南投縣南投市大同街1巷12弄8號,平價優質旅宿,1300,業者自報,3800,,,【平價優質旅宿】平日雙人房售價：1300(不含早餐),23.906295,120.68797,開放資料,,,https://3eghostel.wixsite.com/egtaiwan,https://www.taiwanstay.net.tw/TSA/web_page/TSA020200.jsp?hohi_id=29968
358,東星屋民宿,南投縣,南投市,民宿,049-2009898,南投縣南投市福興里鳳山路741號,平價優質旅宿,1800,業者自報,2200,,,【平價優質旅宿】平日雙人房售價：1800(不含早餐),23.94218,120.65166,開放資料,,,,https://www.taiwanstay.net.tw/TSA/web_page/TSA020200.jsp?hohi_id=30364
359,溫美汽車旅館,南投縣,南投市,旅館,049-2262777,南投縣南投市平山一路3街9號,平價優質旅宿,1600,業者自報,1950,,,【平價優質旅宿】平日雙人房售價：1600,23.918473,120.673536,開放資料,,,,https://www.taiwanstay.net.tw/TSA/web_page/TSA020200.jsp?hohi_id=18077
360,綠色的日子,南投縣,南投市,民宿,0932190989049-2370008,南投縣南投市營北里仁義南路63號,平價優質旅宿,1400,業者自報,900,,,【平價優質旅宿】平日雙人房售價：1400(不含早餐),23.943712,120.693479,開放資料,,,,https://www.taiwanstay.net.tw/TSA/web_page/TSA020200.jsp?hohi_id=29783
361,923莊園,南投縣,名間鄉,民宿,0989588003-,南投縣名間鄉田仔村中寮巷16-9號,平價優質旅宿,2000,業者自報,3000,,,【平價優質旅宿】平日雙人房售價：2000,23.869102,120.666089,開放資料,,,,https://www.taiwanstay.net.tw/TSA/web_page/TSA020200.jsp?hohi_id=31164
362,京麟文化園區,南投縣,名間鄉,民宿,049-2730637,南投縣名間鄉大坑村大廈巷66-66號,平價優質旅宿,2500,業者自報,2500,,,【平價優質旅宿】平日雙人房售價：2500,23.86041,120.666942,開放資料,,,,https://www.taiwanstay.net.tw/TSA/web_page/TSA020200.jsp?hohi_id=4503
363,允美茶棧,南投縣,名間鄉,民宿,049-2582888,南投縣名間鄉三崙村口寮巷18-9號,國旅補助優惠方案、平價優質旅宿,1600,業者自報,3600,,2026-12-31,"【國旅補助優惠方案】1.戶外廚房提供瓦斯、鍋碗瓢盆等等使用~不加收費用2.歡唱至晚上10點~一切免費3.泡茶請住客免費品茗~暢飲4.沖泡香醇咖啡~免費

【平價優質旅宿】平日雙人房售價：1600",23.845106,120.632594,開放資料,,,,https://www.taiwanstay.net.tw/TSA/web_page/TSA020200.jsp?hohi_id=11202
364,翔禾大飯店,南投縣,名間鄉,旅館,049-2733907,南投縣名間鄉中正村董門巷2號,平價優質旅宿,2400,業者自報,6800,,,【平價優質旅宿】平日雙人房售價：2400,23.837027,120.701377,開放資料,,,,https://www.taiwanstay.net.tw/TSA/web_page/TSA020200.jsp?hohi_id=9158
365,雅薇精品休閒旅館-凱御旅店,南投縣,名間鄉,旅館,049-2205555,南投縣名間鄉新街村彰南路556號,國旅補助優惠方案,,,5400,,2026-12-31,"【國旅補助優惠方案】周日至周四住宿雅薇時尚,雅薇旅居,雅薇主題,雅薇漫旅,雅薇溜滑梯房型適用本次補助計畫異國系列不在本次配合範圍",23.881893,120.692217,開放資料,,,http://hotelnantouplus.com.tw,https://www.taiwanstay.net.tw/TSA/web_page/TSA020200.jsp?hohi_id=13801
366,喬園山莊,南投縣,國姓鄉,民宿,0932675089049-2452311,南投縣國姓鄉南港村鳳鳴巷5-2號,平價優質旅宿,2200,業者自報,2500,,,【平價優質旅宿】平日雙人房售價：2200,23.965138,120.871047,開放資料,,,,https://www.taiwanstay.net.tw/TSA/web_page/TSA020200.jsp?hohi_id=10939
367,地球村農家民宿,南投縣,國姓鄉,民宿,049-2462052,南投縣國姓鄉北港村長北路128號,平價優質旅宿,2400,業者自報,3000,,,【平價優質旅宿】平日雙人房售價：2400,24.051977,120.879801,開放資料,,,,https://www.taiwanstay.net.tw/TSA/web_page/TSA020200.jsp?hohi_id=13416
368,猿緣園民宿,南投縣,國姓鄉,民宿,049-2450880,南投縣國姓鄉大石村昌榮巷55-28號,平價優質旅宿,2000,業者自報,3000,,,【平價優質旅宿】平日雙人房售價：2000,23.995506,120.852051,開放資料,,,,https://www.taiwanstay.net.tw/TSA/web_page/TSA020200.jsp?hohi_id=3400
369,空空,南投縣,國姓鄉,民宿,0928315989-,南投縣國姓鄉北港村長北路47-8號,平價優質旅宿,2400,業者自報,1800,,,【平價優質旅宿】平日雙人房售價：2400,24.05896,120.902214,開放資料,,,,https://www.taiwanstay.net.tw/TSA/web_page/TSA020200.jsp?hohi_id=30092
370,Haus 19,南投縣,埔里鎮,民宿,0972738197-,南投縣埔里鎮西門里16鄰中正一路19號,平價優質旅宿,2300,業者自報,2500,,,【平價優質旅宿】平日雙人房售價：2300,23.968423,120.963926,開放資料,,,,https://www.taiwanstay.net.tw/TSA/web_page/TSA020200.jsp?hohi_id=32100
371,TakTak旅宿,南投縣,埔里鎮,民宿,0978785068-,南投縣埔里鎮枇杷里7鄰寶湖街466號,平價優質旅宿,2880,業者自報,3000,,,【平價優質旅宿】平日雙人房售價：2880(不含早餐),23.955638,120.983544,開放資料,,,,https://www.taiwanstay.net.tw/TSA/web_page/TSA020200.jsp?hohi_id=33185
372,三三堂民宿,南投縣,埔里鎮,民宿,049-2926614,南投縣埔里鎮水頭里10鄰東潤路53巷8號,平價優質旅宿,1400,業者自報,3200,,,【平價優質旅宿】平日雙人房售價：1400,23.942155,120.987396,開放資料,,,,https://www.taiwanstay.net.tw/TSA/web_page/TSA020200.jsp?hohi_id=26362
373,三茅屋民宿,南投縣,埔里鎮,民宿,049-2912146,南投縣埔里鎮桃米里桃米巷5-6號,平價優質旅宿,2200,業者自報,1800,,,【平價優質旅宿】平日雙人房售價：2200,23.939761,120.940811,開放資料,,,,https://www.taiwanstay.net.tw/TSA/web_page/TSA020200.jsp?hohi_id=3080
374,享佳小築民宿,南投縣,埔里鎮,民宿,0920055099-,南投縣埔里鎮桃米里2鄰桃米巷6-2號,平價優質旅宿,2200,業者自報,3200,,,【平價優質旅宿】平日雙人房售價：2200,23.939152,120.941649,開放資料,,,,https://www.taiwanstay.net.tw/TSA/web_page/TSA020200.jsp?hohi_id=26359
375,佳園渡假民宿,南投縣,埔里鎮,民宿,049-2914899,南投縣埔里鎮桃米里2鄰桃米巷6-8號,平價優質旅宿,2500,業者自報,4000,,,【平價優質旅宿】平日雙人房售價：2500,23.939248,120.941731,開放資料,,,,https://www.taiwanstay.net.tw/TSA/web_page/TSA020200.jsp?hohi_id=1813
376,北梅,南投縣,埔里鎮,民宿,0972112210-,南投縣埔里鎮北梅里西安路一段537巷208號,平價優質旅宿,1600,業者自報,2500,,,【平價優質旅宿】平日雙人房售價：1600,23.982414,120.966711,開放資料,,,,https://www.taiwanstay.net.tw/TSA/web_page/TSA020200.jsp?hohi_id=34073
377,午后咖啡民宿,南投縣,埔里鎮,民宿,049-2999880,南投縣埔里鎮大城里6鄰大城路76-1號,平價優質旅宿,2200,業者自報,3200,,,【平價優質旅宿】平日雙人房售價：2200,23.96313,120.95174,開放資料,,,,https://www.taiwanstay.net.tw/TSA/web_page/TSA020200.jsp?hohi_id=22566
378,埔里城民宿,南投縣,埔里鎮,民宿,0965313831-,南投縣埔里鎮北梅里西安路一段306號,國旅補助優惠方案,,,6000,,2026-12-31,【國旅補助優惠方案】平日住宿獎助＋生日券+TaiwanPASS住宿抵用券,23.973158,120.969721,開放資料,4.2,365,,https://www.taiwanstay.net.tw/TSA/web_page/TSA020200.jsp?hohi_id=30106
379,埔里夏都渡假會館,南投縣,埔里鎮,民宿,049-2987999,南投縣埔里鎮蜈蚣里5鄰鯉魚路21-7號,國旅補助優惠方案,,,5000,,2026-11-30,【國旅補助優惠方案】9月~11月平日住宿國旅補助享有定價6折優惠，早訂早享有補助，數量有限喔。,23.965921,121.000521,開放資料,4.6,2553,http://www.huamanvilla.com.tw,https://www.taiwanstay.net.tw/TSA/web_page/TSA020200.jsp?hohi_id=3779
380,埔里柴居民宿,南投縣,埔里鎮,民宿,0933415521-,南投縣埔里鎮枇杷里5鄰中心路19-8號,平價優質旅宿,1500,業者自報,2000,1500,,【平價優質旅宿】平日雙人房售價：1500(不含早餐),23.961648,120.983819,開放資料,,,,https://www.taiwanstay.net.tw/TSA/web_page/TSA020200.jsp?hohi_id=26158
381,埔里森の屋旅宿,南投縣,埔里鎮,民宿,049-2986079,南投縣埔里鎮枇杷里42鄰樹人二街238號,平價優質旅宿,1800,業者自報,1800,,,【平價優質旅宿】平日雙人房售價：1800,23.964276,120.975972,開放資料,,,,https://www.taiwanstay.net.tw/TSA/web_page/TSA020200.jsp?hohi_id=1987
382,埔里重機民宿,南投縣,埔里鎮,民宿,049-2926614,南投縣埔里鎮水頭里10鄰東潤路53巷6號,平價優質旅宿,1400,業者自報,2200,,,【平價優質旅宿】平日雙人房售價：1400,23.942017,120.98704,開放資料,,,,https://www.taiwanstay.net.tw/TSA/web_page/TSA020200.jsp?hohi_id=26361
383,天籟休閒民宿,南投縣,埔里鎮,民宿,049-2916705,南投縣埔里鎮桃米里桃米巷1-9號,平價優質旅宿,2000,業者自報,3000,,,【平價優質旅宿】平日雙人房售價：2000,23.937343,120.944764,開放資料,,,http://tenlai.okgo.tw/,https://www.taiwanstay.net.tw/TSA/web_page/TSA020200.jsp?hohi_id=5864
384,小步走路民宿,南投縣,埔里鎮,民宿,049-2911836,南投縣埔里鎮桃米里5鄰桃米巷38號,平價優質旅宿,1600,業者自報,2200,,,【平價優質旅宿】平日雙人房售價：1600(不含早餐),23.943008,120.93386,開放資料,,,,https://www.taiwanstay.net.tw/TSA/web_page/TSA020200.jsp?hohi_id=22567
385,山有巷宅,南投縣,埔里鎮,民宿,0988928028-,南投縣埔里鎮中山路三段271巷11號,平價優質旅宿,1400,業者自報,2880,,,【平價優質旅宿】平日雙人房售價：1400(無早餐),23.967849,120.95909,開放資料,,,,https://www.taiwanstay.net.tw/TSA/web_page/TSA020200.jsp?hohi_id=35748
386,山林渡假會館,南投縣,埔里鎮,民宿,049-2987999,南投縣埔里鎮蜈蚣里5鄰鯉魚路21號,國旅補助優惠方案,,,6500,,2026-11-30,【國旅補助優惠方案】9月~11月平日住宿國旅補助享有定價6折優惠，早訂早享有補助，數量有限喔。,23.96568,121.000622,開放資料,4.6,2553,http://www.huamanvilla.com.tw,https://www.taiwanstay.net.tw/TSA/web_page/TSA020200.jsp?hohi_id=2212
387,影拾光民宿,南投縣,埔里鎮,民宿,0932950730-,南投縣埔里鎮清新里21鄰新民街2-1號,平價優質旅宿,2500,業者自報,2800,,,【平價優質旅宿】平日雙人房售價：2500(不含早餐),23.961065,120.963272,開放資料,,,https://avon5588.ego.tw/album_list.html#menu,https://www.taiwanstay.net.tw/TSA/web_page/TSA020200.jsp?hohi_id=27015
388,念念桃米民宿,南投縣,埔里鎮,民宿,0988105968-,南投縣埔里鎮桃米里7鄰桃米巷67號,平價優質旅宿,1870,業者自報,3000,,,【平價優質旅宿】平日雙人房售價：1870,23.942535,120.925973,開放資料,,,,https://www.taiwanstay.net.tw/TSA/web_page/TSA020200.jsp?hohi_id=26958
389,思源居民宿,南投縣,埔里鎮,民宿,049-2927101,南投縣埔里鎮水頭里水頭路1號,平價優質旅宿,1400,業者自報,2200,,,【平價優質旅宿】平日雙人房售價：1400,23.935199,120.970365,開放資料,,,,https://www.taiwanstay.net.tw/TSA/web_page/TSA020200.jsp?hohi_id=8
390,慧來農莊民宿,南投縣,埔里鎮,民宿,049-2918778,南投縣埔里鎮桃米里桃米巷2-1號,平價優質旅宿,1600,業者自報,3000,,,【平價優質旅宿】平日雙人房售價：1600,23.939156,120.943378,開放資料,,,,https://www.taiwanstay.net.tw/TSA/web_page/TSA020200.jsp?hohi_id=193
391,戀上輕井澤,南投縣,埔里鎮,民宿,0923123191-,南投縣埔里鎮泰安里3鄰民族路116號,平價優質旅宿,1200,業者自報,3300,1200,,【平價優質旅宿】平日雙人房售價：1200(無早餐),23.967844,120.977505,開放資料,,,,https://www.taiwanstay.net.tw/TSA/web_page/TSA020200.jsp?hohi_id=32507
392,成龍山莊,南投縣,埔里鎮,民宿,049-2932644,南投縣埔里鎮廣成里覆金路20-1號,平價優質旅宿,1900,業者自報,4500,,,【平價優質旅宿】平日雙人房售價：1900,24.032177,120.954247,開放資料,,,,https://www.taiwanstay.net.tw/TSA/web_page/TSA020200.jsp?hohi_id=10024
393,我家莊園民宿,南投縣,埔里鎮,民宿,0958456802049-2996288,南投縣埔里鎮中山路 一段148之11號,平價優質旅宿,2000,業者自報,8800,,,【平價優質旅宿】平日雙人房售價：2000,23.977407,120.988806,開放資料,,,,https://www.taiwanstay.net.tw/TSA/web_page/TSA020200.jsp?hohi_id=35506
394,晨民宿,南投縣,埔里鎮,民宿,0958303087-,南投縣埔里鎮水頭里4鄰水頭路40號,國旅補助優惠方案、平價優質旅宿,2600,業者自報,3500,800、1200,2026-11-30,"【國旅補助優惠方案】115/09/01～115/11/30平日住宿獎
折抵金額每房每晚最多：
第一晚 優惠$800元
連續入住第二晚 優惠$1200元，

 限週日至週四使用，不含國定假日及其連續假期

【平價優質旅宿】平日雙人房售價：2600",23.948621,120.972308,開放資料,5,206,,https://www.taiwanstay.net.tw/TSA/web_page/TSA020200.jsp?hohi_id=25742
395,書法之家,南投縣,埔里鎮,民宿,049-2421328,南投縣埔里鎮溪南里6鄰水墻巷7-1號,平價優質旅宿,2100,業者自報,3500,,,【平價優質旅宿】平日雙人房售價：2100,23.945192,120.952779,開放資料,,,,https://www.taiwanstay.net.tw/TSA/web_page/TSA020200.jsp?hohi_id=754
396,木木杉民宿,南投縣,埔里鎮,民宿,0937277913-,南投縣埔里鎮桃米里7鄰種瓜路6號,國旅補助優惠方案,,,6000,,,"【國旅補助優惠方案】續住第二晚再折200元!!
(不進房整理不更換毛浴巾)",23.943633,120.921277,開放資料,5,17,,https://www.taiwanstay.net.tw/TSA/web_page/TSA020200.jsp?hohi_id=38126
397,松香雅筑休閒園區民宿,南投縣,埔里鎮,民宿,049-2990388,南投縣埔里鎮牛眠里1鄰內埔路15巷60號,平價優質旅宿,2000,業者自報,3600,,,【平價優質旅宿】平日雙人房售價：2000,23.984678,120.998974,開放資料,,,http://0492990388.ego.tw,https://www.taiwanstay.net.tw/TSA/web_page/TSA020200.jsp?hohi_id=18052
398,桃米5211民宿,南投縣,埔里鎮,民宿,049-2912776,南投縣埔里鎮桃米里5鄰桃米巷52-11號,平價優質旅宿,1800,業者自報,2000,,,【平價優質旅宿】平日雙人房售價：1800,23.94191,120.92899,開放資料,,,,https://www.taiwanstay.net.tw/TSA/web_page/TSA020200.jsp?hohi_id=13060
399,梵妮民宿,南投縣,埔里鎮,民宿,0975297133-,南投縣埔里鎮枇杷里4鄰和二街2號,平價優質旅宿,2500,業者自報,1800,,,【平價優質旅宿】平日雙人房售價：2500,23.957907,120.976218,開放資料,,,,https://www.taiwanstay.net.tw/TSA/web_page/TSA020200.jsp?hohi_id=28588
400,森之屋民宿,南投縣,埔里鎮,民宿,049-2917962,南投縣埔里鎮桃米里桃米巷5-5號,平價優質旅宿,1800,業者自報,1600,,,【平價優質旅宿】平日雙人房售價：1800(僅供4人房),23.940173,120.94157,開放資料,,,,https://www.taiwanstay.net.tw/TSA/web_page/TSA020200.jsp?hohi_id=1144
401,歐香渡假民宿,南投縣,埔里鎮,民宿,0910998759-,南投縣埔里鎮桃米里桃米巷6-6號,平價優質旅宿,2000,業者自報,3500,,,【平價優質旅宿】平日雙人房售價：2000,23.939757,120.942314,開放資料,,,,https://www.taiwanstay.net.tw/TSA/web_page/TSA020200.jsp?hohi_id=18459
402,江山樂活,南投縣,埔里鎮,民宿,0928196895-,南投縣埔里鎮桃米里8鄰水上巷68號,平價優質旅宿,1200,業者自報,1800,1200,,【平價優質旅宿】平日雙人房售價：1200(不含早餐),23.933076,120.895453,開放資料,,,,https://www.taiwanstay.net.tw/TSA/web_page/TSA020200.jsp?hohi_id=29885
403,淘米露民宿,南投縣,埔里鎮,民宿,049-2919666,南投縣埔里鎮桃米里桃米路22號,平價優質旅宿,1300,業者自報,3500,,,【平價優質旅宿】平日雙人房售價：1300,23.94454,120.933606,開放資料,,,,https://www.taiwanstay.net.tw/TSA/web_page/TSA020200.jsp?hohi_id=14470
404,潘朵拉民宿,南投縣,埔里鎮,民宿,049-2911911,南投縣埔里鎮大城里大同一巷2號,平價優質旅宿,1680,業者自報,4000,,,【平價優質旅宿】平日雙人房售價：1680,23.97329,120.956625,開放資料,,,,https://www.taiwanstay.net.tw/TSA/web_page/TSA020200.jsp?hohi_id=33616
405,熊麋鹿了幸福手作民宿,南投縣,埔里鎮,民宿,0952450226049-2919797,南投縣埔里鎮桃米里桃米巷5-8號,平價優質旅宿,2800,業者自報,3600,,,【平價優質旅宿】平日雙人房售價：2800,23.939207,120.940874,開放資料,,,http://bear.okgo.tw/,https://www.taiwanstay.net.tw/TSA/web_page/TSA020200.jsp?hohi_id=4754
406,石上清泉,南投縣,埔里鎮,民宿,049-2913475,南投縣埔里鎮桃米里桃米路39號,平價優質旅宿,3000,業者自報,3500,,,【平價優質旅宿】平日雙人房售價：3000,23.939262,120.926674,開放資料,,,http://springlandvilla.weebly.com/,https://www.taiwanstay.net.tw/TSA/web_page/TSA020200.jsp?hohi_id=17492
407,窩,南投縣,埔里鎮,民宿,0952210111-,南投縣埔里鎮大城里25鄰信義路1075號,平價優質旅宿,1600,業者自報,3000,,,【平價優質旅宿】平日雙人房售價：1600,23.97045,120.95539,開放資料,,,,https://www.taiwanstay.net.tw/TSA/web_page/TSA020200.jsp?hohi_id=27513
408,籃城書房民宿,南投縣,埔里鎮,民宿,049-2913258,南投縣埔里鎮籃城里10鄰籃城5巷4號,平價優質旅宿,1800,業者自報,3200,,,【平價優質旅宿】平日雙人房售價：1800(不含早餐),23.980888,120.955955,開放資料,,,,https://www.taiwanstay.net.tw/TSA/web_page/TSA020200.jsp?hohi_id=4912
409,紅瓦厝山居民宿,南投縣,埔里鎮,民宿,0937262758049-2911683,南投縣埔里鎮桃米里種瓜路52號,平價優質旅宿,2500,業者自報,2500,,,【平價優質旅宿】平日雙人房售價：2500(不含早餐),23.947123,120.905095,開放資料,,,http://www.red-villa.com.tw/,https://www.taiwanstay.net.tw/TSA/web_page/TSA020200.jsp?hohi_id=1239
410,紅磚六四二民宿,南投縣,埔里鎮,民宿,049-2919809,南投縣埔里鎮大城里27鄰中山路3段642號,平價優質旅宿,1980,業者自報,2680,,,【平價優質旅宿】平日雙人房售價：1980(不含早餐),23.971362,120.948755,開放資料,,,,https://www.taiwanstay.net.tw/TSA/web_page/TSA020200.jsp?hohi_id=5504
411,綠堡休閒民宿,南投縣,埔里鎮,民宿,049-2916656,南投縣埔里鎮大城里42鄰水裡巷28號,國旅補助優惠方案,,,5000,800、1200,,"【國旅補助優惠方案】配合觀光署國旅補助活動，平日（週一至週四）入住即享住宿折抵優惠！第一晚折抵 800 元，連續入住第二晚再折抵 1,200 元。歡迎來電或透過官方Line預訂，請搜尋@puli，享受舒適放鬆的住宿體驗！",23.96797,120.95582,開放資料,4.7,394,,https://www.taiwanstay.net.tw/TSA/web_page/TSA020200.jsp?hohi_id=22078
412,綠窩民宿,南投縣,埔里鎮,民宿,0978695723-,南投縣埔里鎮桃米里桃米巷7鄰64-2號,平價優質旅宿,1760,業者自報,2200,,,【平價優質旅宿】平日雙人房售價：1760,23.942565,120.926777,開放資料,,,,https://www.taiwanstay.net.tw/TSA/web_page/TSA020200.jsp?hohi_id=17583
413,綠舍民宿,南投縣,埔里鎮,民宿,0986368242-,南投縣埔里鎮桃米里7鄰桃米巷64-3號,平價優質旅宿,1760,業者自報,2200,,,【平價優質旅宿】平日雙人房售價：1760,23.942564,120.926837,開放資料,,,,https://www.taiwanstay.net.tw/TSA/web_page/TSA020200.jsp?hohi_id=6990
414,船山塾民宿,南投縣,埔里鎮,民宿,0932500876-,南投縣埔里鎮愛蘭里9鄰梅村路267號,平價優質旅宿,1800,業者自報,2600,,,【平價優質旅宿】平日雙人房售價：1800,23.973641,120.939441,開放資料,,,,https://www.taiwanstay.net.tw/TSA/web_page/TSA020200.jsp?hohi_id=31915
415,菓菓輕旅,南投縣,埔里鎮,民宿,0975073058-,南投縣埔里鎮西門里16鄰中正一路20號,平價優質旅宿,1880,業者自報,2500,,,【平價優質旅宿】平日雙人房售價：1880(不含早餐),23.968359,120.96372,開放資料,,,http://www.facebook.com/GuoguoHostel,https://www.taiwanstay.net.tw/TSA/web_page/TSA020200.jsp?hohi_id=30996
416,華蔓渡假會館,南投縣,埔里鎮,民宿,049-2987999,南投縣埔里鎮蜈蚣里5鄰鯉魚路21-8號,國旅補助優惠方案,,,6500,,2026-11-30,【國旅補助優惠方案】9月~11月平日住宿國旅補助享有定價6折優惠，早訂早享有補助，數量有限喔。,23.966321,121.000508,開放資料,4.6,2553,http://www.huamanvilla.com.tw,https://www.taiwanstay.net.tw/TSA/web_page/TSA020200.jsp?hohi_id=12619
417,這里輕旅 Here Hostel Puli,南投縣,埔里鎮,民宿,0953705080-,南投縣埔里鎮清新里13鄰英六街2-1號,平價優質旅宿,1200,業者自報,1600,1200,,【平價優質旅宿】平日雙人房售價：1200,23.963826,120.961425,開放資料,,,,https://www.taiwanstay.net.tw/TSA/web_page/TSA020200.jsp?hohi_id=25908
418,金宿,南投縣,埔里鎮,民宿,0911103955-,南投縣埔里鎮東門里12鄰四維路1號,平價優質旅宿,1200,業者自報,3000,1200,,【平價優質旅宿】平日雙人房售價：1200(不含早餐),23.963917,120.970559,開放資料,,,,https://www.taiwanstay.net.tw/TSA/web_page/TSA020200.jsp?hohi_id=669
419,金谷豐別館,南投縣,埔里鎮,旅館,049-2984047,南投縣埔里鎮南昌街285號,平價優質旅宿,1000,業者自報,1800,1000,,【平價優質旅宿】平日雙人房售價：1000(不含早餐),23.967275,120.963075,開放資料,,,,https://www.taiwanstay.net.tw/TSA/web_page/TSA020200.jsp?hohi_id=3125
420,闕麒景觀民宿,南投縣,埔里鎮,民宿,049-2926388,南投縣埔里鎮水頭里東潤路31號,平價優質旅宿,1800,業者自報,3300,,,【平價優質旅宿】平日雙人房售價：1800,23.938892,120.993869,開放資料,,,,https://www.taiwanstay.net.tw/TSA/web_page/TSA020200.jsp?hohi_id=2565
421,隱呆民宿,南投縣,埔里鎮,民宿,049-2916396,南投縣埔里鎮大城里13鄰大城路226巷68號,平價優質旅宿,2380,業者自報,3800,,,【平價優質旅宿】平日雙人房售價：2380(不含早餐),23.976562,120.950389,開放資料,,,,https://www.taiwanstay.net.tw/TSA/web_page/TSA020200.jsp?hohi_id=11689
422,麒麟山莊民宿,南投縣,埔里鎮,民宿,0987340483-,南投縣埔里鎮水頭里10鄰東潤路53巷7號,平價優質旅宿,1400,業者自報,3200,,,【平價優質旅宿】平日雙人房售價：1400,23.942249,120.987449,開放資料,,,,https://www.taiwanstay.net.tw/TSA/web_page/TSA020200.jsp?hohi_id=26370
423,麒麟背包客民宿,南投縣,埔里鎮,民宿,049-2926614,南投縣埔里鎮水頭里10鄰東潤路53巷9號,平價優質旅宿,1400,業者自報,2200,,,【平價優質旅宿】平日雙人房售價：1400,23.941895,120.987084,開放資料,,,,https://www.taiwanstay.net.tw/TSA/web_page/TSA020200.jsp?hohi_id=26360
424,黑爵士民宿,南投縣,埔里鎮,民宿,049-2918859,南投縣埔里鎮桃米里1鄰桃米路6號,平價優質旅宿,1280,業者自報,3000,,,【平價優質旅宿】平日雙人房售價：1280,23.958618,120.944915,開放資料,,,,https://www.taiwanstay.net.tw/TSA/web_page/TSA020200.jsp?hohi_id=6968
425,九芎坪民宿,南投縣,水里鄉,民宿,049-2821198,南投縣水里鄉上安村永安路9號,平價優質旅宿,2700,業者自報,3200,,,【平價優質旅宿】平日雙人房售價：2700,23.73223,120.856893,開放資料,,,,https://www.taiwanstay.net.tw/TSA/web_page/TSA020200.jsp?hohi_id=18569
426,峰林山莊民宿,南投縣,水里鄉,民宿,049-2770329,南投縣水里鄉水信路一段429巷26號,平價優質旅宿,1840,業者自報,2800,,,【平價優質旅宿】平日雙人房售價：1840,23.799124,120.864245,開放資料,,,http://www.fonglin.com.tw,https://www.taiwanstay.net.tw/TSA/web_page/TSA020200.jsp?hohi_id=9643
427,樂水軒民宿,南投縣,水里鄉,民宿,049-2771666,南投縣水里鄉城中村城安街73號,國旅補助優惠方案,,,2800,,2026-12-31,【國旅補助優惠方案】優惠平日住宿及生日劵原價7.5折,23.816432,120.851369,開放資料,4.9,799,http://www.fun-inn.com,https://www.taiwanstay.net.tw/TSA/web_page/TSA020200.jsp?hohi_id=22595
428,水橋紅樓,南投縣,水里鄉,民宿,0912789908-,南投縣水里鄉北埔村東三街118號,平價優質旅宿,1800,業者自報,3000,,,【平價優質旅宿】平日雙人房售價：1800,23.814162,120.854045,開放資料,,,,https://www.taiwanstay.net.tw/TSA/web_page/TSA020200.jsp?hohi_id=3759
429,河岸民宿,南投縣,水里鄉,民宿,0920933002-,"南投縣水里鄉北埔村東三街108號,108號2樓,106號2樓",平價優質旅宿,1800,業者自報,4200,,,【平價優質旅宿】平日雙人房售價：1800,23.791952,120.861379,開放資料,,,,https://www.taiwanstay.net.tw/TSA/web_page/TSA020200.jsp?hohi_id=30007
430,滿滿BNB民宿,南投縣,水里鄉,民宿,0982880861-,南投縣水里鄉北埔村博愛路188號,國旅補助優惠方案,,,6000,,2026-12-31,【國旅補助優惠方案】方案一｜住一晚送體驗在地伴手禮小禮包方案二｜連住優惠*延後退房至12:00,23.811683,120.851015,開放資料,5,30,,https://www.taiwanstay.net.tw/TSA/web_page/TSA020200.jsp?hohi_id=34469
431,福容徠旅 水里,南投縣,水里鄉,旅館,049-2771888,南投縣水里鄉東三街51號1樓至6樓,國旅補助優惠方案,,,6000,800、1200,2026-12-31,【國旅補助優惠方案】「平日住宿補助」使用平日補助預訂「年度專案（徠旅假期)」，飯店加碼第一晚400元，續住第二晚600元，可直接折抵房費。※兩天一夜：政府補助800元＋飯店加碼400元，最高可折抵房費1200元※三天二夜：政府補助800元＋政府補助1200元＋飯店加碼400元＋飯店加碼600元，最高可折抵房費3000元。「生日補助」使用平日補助預訂「年度專案（徠旅假期)」，飯店加碼400元，可直接折抵房費。※兩天一夜：政府補助1200元(生日住宿金)＋飯店加碼400元，最高可折抵房費1600元。,23.813128,120.854022,開放資料,4.8,2121,https://www.fullon-hotels.com.tw/fullon-poshtels/sl/tw/,https://www.taiwanstay.net.tw/TSA/web_page/TSA020200.jsp?hohi_id=34072
432,綠知心泉莊園,南投縣,水里鄉,民宿,0932543334049-2776232,南投縣水里鄉南投縣水里鄉仁愛路25號,國旅補助優惠方案,,,4600,800、1000、1200,2026-12-31,"【國旅補助優惠方案】2026國旅補助方案一｜平日住宿優惠：最高補助2,000元適用時間：限定週日～週四，但不包含國定假日。補助內容：第1晚補助800元；若連住第2晚，則再加碼補助1,200元。使用限制：採「事前登錄、抽籤制」，中籤者才具補助資格，且每人最多限申請2晚補貼。 由於「平日優惠方案」採「連住加碼」制，若連住同間旅宿2晚，合計最高可領2,000元補貼。2026國旅補助方案二｜生日住宿優惠：壽星加碼享1,200元適用對象：須為當月壽星。補助內容：抽中之幸運壽星可獲得1,200元住宿補助金。使用限制：採「抽籤制」，全年12個月的幸運壽星，每月限量1,000名，中籤者限於生日當月使用。 由於「生日優惠方案」可與「平日優惠方案」疊加使用，若壽星在生日月份安排週日至週四出遊，並連住同間旅宿2晚，合計最高可領3,200元補貼。2026國旅補助方案三｜遊樂園留宿：遊樂園免費入園適用時間：限定週一～週四，但不包含國定假日。補助內容：憑平日住宿發票，即可享全台26家合作主題樂園免費入園。使用限制：入園",23.805005,120.837137,開放資料,4.7,285,,https://www.taiwanstay.net.tw/TSA/web_page/TSA020200.jsp?hohi_id=37463
433,車埕梅庭民宿,南投縣,水里鄉,民宿,049-2773377,南投縣水里鄉車埕村4鄰民權巷72-1號,平價優質旅宿,2400,業者自報,2400,,,【平價優質旅宿】平日雙人房售價：2400(僅供4人房),23.834206,120.864947,開放資料,,,,https://www.taiwanstay.net.tw/TSA/web_page/TSA020200.jsp?hohi_id=17633
434,龍江大飯店,南投縣,水里鄉,旅館,049-2770002,南投縣水里鄉農富村民生路402號,國旅補助優惠方案,,,5000,,2026-12-31,【國旅補助優惠方案】優惠方案內容：本飯店配合交通部觀光署「115年國旅平日住宿獎助」、「生日券」及「TaiwanPASS住宿抵用券」三項活動，提供下列住宿優惠：一、平日住宿獎助1.配合政府平日住宿補助方案。2.入住期間免費提供停車服務。3.提供延後退房至中午12:00。二、生日券優惠1.加贈壽星在地伴手禮乙份。2.視房況免費升等房型。三、TaiwanPASS住宿抵用券優惠1.接受TaiwanPASS住宿抵用券折抵房價。2.入住加贈日月潭單車租賃行優惠卷(乙張)。注意事項：1.本優惠須符合交通部觀光署活動相關規定。2.各項優惠不得折換現金，亦不得與其他專案重複使用。3.房型升等等服務依當日房況提供。4.本飯店保留活動內容調整及最終解釋權。,23.817783,120.853744,開放資料,4.6,305,,https://www.taiwanstay.net.tw/TSA/web_page/TSA020200.jsp?hohi_id=7452
435,一瓢民宿,南投縣,竹山鎮,民宿,0970756557-,南投縣竹山鎮南投縣竹山鎮竹山里下橫街67-2號,平價優質旅宿,2280,業者自報,5000,,,【平價優質旅宿】平日雙人房售價：2280,23.757885,120.683265,開放資料,,,,https://www.taiwanstay.net.tw/TSA/web_page/TSA020200.jsp?hohi_id=37312
436,他里溫,南投縣,竹山鎮,民宿,049-2623568,南投縣竹山鎮山崇里集山路二段201巷18號,國旅補助優惠方案、平價優質旅宿,1580,業者自報,2800,800、1200,2026-12-31,"【國旅補助優惠方案】歡迎使用115年國旅平日住宿獎助！【他里溫民宿】為觀光署核定之合法補助旅宿，平日（週日～週四）入住即可享有政府補助第一晚折抵$800元、連住第二晚再折抵$1,200元（最高折抵$2,000元）之優惠。本民宿環境優雅、停車方便，歡迎抽中補助的旅客來電預約平日入住！

【平價優質旅宿】平日雙人房售價：1580",23.7959,120.71229,開放資料,,,,https://www.taiwanstay.net.tw/TSA/web_page/TSA020200.jsp?hohi_id=5593
437,小旅慢行,南投縣,竹山鎮,民宿,0905593671-,南投縣竹山鎮橫街60號,平價優質旅宿,1980,業者自報,1800,,,【平價優質旅宿】平日雙人房售價：1980(不含早餐),23.755406,120.683549,開放資料,,,,https://www.taiwanstay.net.tw/TSA/web_page/TSA020200.jsp?hohi_id=30962
438,望際回家,南投縣,竹山鎮,民宿,049-2841229,南投縣竹山鎮田子里大林巷16-39號,國旅補助優惠方案,,,7000,,2026-12-31,【國旅補助優惠方案】優惠內容：•生日券享平日住宿9折優惠。•每房贈送精選茶包6包。•辦理入住時請出示本人有效證件，以確認生日券資格。,23.698143,120.71322,開放資料,4.8,176,,https://www.taiwanstay.net.tw/TSA/web_page/TSA020200.jsp?hohi_id=9999
439,松月雪,南投縣,竹山鎮,民宿,0921640065049-2640065,南投縣竹山鎮延山里8鄰延山路71號,平價優質旅宿,3000,業者自報,3000,,,【平價優質旅宿】平日雙人房售價：3000,23.761073,120.71886,開放資料,,,https://www.facebook.com/profile.php?id=61560626854176,https://www.taiwanstay.net.tw/TSA/web_page/TSA020200.jsp?hohi_id=35121
440,白袍斜老,南投縣,竹山鎮,民宿,0958988586-,南投縣竹山鎮雲林里16鄰大明路525巷16號,國旅補助優惠方案,,,8000,,2026-12-31,【國旅補助優惠方案】國旅補助來復古老宅包棟，Line訂房優惠價+當地農產小禮或甜點,23.756144,120.679055,開放資料,5,81,,https://www.taiwanstay.net.tw/TSA/web_page/TSA020200.jsp?hohi_id=37286
441,綠竹筍民宿,南投縣,竹山鎮,民宿,0938150102-,南投縣竹山鎮大同街109號,平價優質旅宿,1250,業者自報,2600,,,【平價優質旅宿】平日雙人房售價：1250(不含早餐),23.755882,120.688715,開放資料,,,,https://www.taiwanstay.net.tw/TSA/web_page/TSA020200.jsp?hohi_id=12810
442,隱竹別院,南投縣,竹山鎮,民宿,049-2623928,南投縣竹山鎮富州里富州巷31號,平價優質旅宿,2600,業者自報,3200,,,【平價優質旅宿】平日雙人房售價：2600,23.811019,120.748366,開放資料,,,,https://www.taiwanstay.net.tw/TSA/web_page/TSA020200.jsp?hohi_id=11935
443,850莊園景觀民宿,南投縣,草屯鎮,民宿,049-2562733,南投縣草屯鎮永安路850號,平價優質旅宿,3200,業者自報,3200,,,【平價優質旅宿】平日雙人房售價：3200,23.995241,120.723151,開放資料,,,,https://www.taiwanstay.net.tw/TSA/web_page/TSA020200.jsp?hohi_id=9020
444,三畝田民宿,南投縣,草屯鎮,民宿,0933-536309,南投縣草屯鎮碧洲里碧興路一段271號,平價優質旅宿,2600,業者自報,3000,,,【平價優質旅宿】平日雙人房售價：2600,23.959697,120.656755,開放資料,,,,https://www.taiwanstay.net.tw/TSA/web_page/TSA020200.jsp?hohi_id=28297
445,山月景緻旅館,南投縣,草屯鎮,旅館,049-2381177,南投縣草屯鎮中正路1155號,國旅補助優惠方案,,,19600,,2026-12-30,【國旅補助優惠方案】國旅補助優惠方案,23.991955,120.687479,開放資料,4.3,1103,,https://www.taiwanstay.net.tw/TSA/web_page/TSA020200.jsp?hohi_id=13624
446,倍詩泰民宿,南投縣,集集鎮,民宿,0912878938049-2764707,南投縣集集鎮吳厝里八張一街158號,國旅補助優惠方案,,,5000,,2026-12-31,"【國旅補助優惠方案】平日住宿按照官網房價,每房加碼折扣200元。",23.827655,120.789755,開放資料,4.9,171,https://bestime.okgo.tw/,https://www.taiwanstay.net.tw/TSA/web_page/TSA020200.jsp?hohi_id=20448
447,可倫巴,南投縣,集集鎮,民宿,0975696710049-2760666,南投縣集集鎮八張里八張街46號,國旅補助優惠方案,,,5000,,2026-12-31,【國旅補助優惠方案】凡使用「115年國旅平日住宿獎助」或「生日住宿優惠方案」入住可倫巴民宿，除了政府補助外，我們再加碼贈送： 精選迎賓點心 南投在地合作店家優惠券走進充滿南洋度假風情的放鬆空間，感受集集與水里獨特的人文風貌、美食與自然風景。誠摯邀請您給自己一趟放慢步調、療癒身心的放鬆之旅！,23.827313,120.791963,開放資料,,,http://www.kurumba.com.tw/,https://www.taiwanstay.net.tw/TSA/web_page/TSA020200.jsp?hohi_id=10560
448,圓休閒民宿,南投縣,集集鎮,民宿,0988913899-,南投縣集集鎮八張里4鄰八張街90號,平價優質旅宿,1600,業者自報,3500,,,【平價優質旅宿】平日雙人房售價：1600,23.828466,120.792578,開放資料,,,http://jijiyuan.okgo.tw,https://www.taiwanstay.net.tw/TSA/web_page/TSA020200.jsp?hohi_id=846
449,如家民宿,南投縣,集集鎮,民宿,049-2761945,南投縣集集鎮玉映里1鄰佛廟巷17號,平價優質旅宿,3500,業者自報,3500,,,【平價優質旅宿】平日雙人房售價：3500,23.83034,120.788911,開放資料,,,https://www.jijihomeinn.tw,https://www.taiwanstay.net.tw/TSA/web_page/TSA020200.jsp?hohi_id=21703
450,安語軒人文民宿,南投縣,集集鎮,民宿,049-2761778,南投縣集集鎮八張一街148號,平價優質旅宿,2200,業者自報,4800,,,【平價優質旅宿】平日雙人房售價：2200,23.827341,120.789825,開放資料,,,,https://www.taiwanstay.net.tw/TSA/web_page/TSA020200.jsp?hohi_id=10156
451,山嵐商旅民宿,南投縣,集集鎮,民宿,0933168194-,南投縣集集鎮集賢街332、336、338號,國旅補助優惠方案,,,4200,,2026-12-31,【國旅補助優惠方案】贈送下午茶點(自助式),23.830991,120.788682,開放資料,4.2,143,https://shanlanhotel.ego.tw,https://www.taiwanstay.net.tw/TSA/web_page/TSA020200.jsp?hohi_id=30269
452,工業風親子民宿,南投縣,集集鎮,民宿,0983506823-,南投縣集集鎮南投縣集集鎮林尾一街25號,國旅補助優惠方案,,,8000,1000,2026-12-31,【國旅補助優惠方案】加碼活動：一、入住連續住宿2晚，民宿優惠折抵房價＄1000元。二、至民宿慶生者，免費提供生日掛布、生日帽佈置使用，亦可協助訂購生日蛋糕。,23.825471,120.774874,開放資料,5,165,https://www.defu-manor.com/,https://www.taiwanstay.net.tw/TSA/web_page/TSA020200.jsp?hohi_id=37664
453,方舟文旅-山嵐新館,南投縣,集集鎮,民宿,0933168194-,南投縣集集鎮集賢街303號,國旅補助優惠方案,,,5600,,2026-12-31,【國旅補助優惠方案】贈送下午茶點(自助式),23.830812,120.788902,開放資料,3.4,621,https://ark.ego.tw/,https://www.taiwanstay.net.tw/TSA/web_page/TSA020200.jsp?hohi_id=799
454,繽紛民宿,南投縣,集集鎮,民宿,0983506823-,南投縣集集鎮林尾一街21號,國旅補助優惠方案,,,8000,1000,2026-12-31,【國旅補助優惠方案】一、連續入住2晚，民宿提供優惠折抵房價＄1000元。二、入住慶生者，民宿免費提供生日掛布、生日帽佈置使用，亦可協助訂購生日蛋糕。,23.825628,120.774917,開放資料,5,165,,https://www.taiwanstay.net.tw/TSA/web_page/TSA020200.jsp?hohi_id=38299
455,蔡姐的家,南投縣,集集鎮,民宿,049-2764809,南投縣集集鎮玉映里玉映巷15號,平價優質旅宿,800,業者自報,1200,800,,【平價優質旅宿】平日雙人房售價：800,23.828992,120.785095,開放資料,,,,https://www.taiwanstay.net.tw/TSA/web_page/TSA020200.jsp?hohi_id=20636
456,蘋果的家渡假別墅民宿,南投縣,集集鎮,民宿,049-2760543,南投縣集集鎮八張里1鄰民權路272號,國旅補助優惠方案,,,3600,,2026-12-31,【國旅補助優惠方案】115年國旅平日住宿獎助＋生日券業者優惠方案,23.826927,120.792063,開放資料,4.4,203,,https://www.taiwanstay.net.tw/TSA/web_page/TSA020200.jsp?hohi_id=242
457,虫二雅舍民宿,南投縣,集集鎮,民宿,049-2764980,南投縣集集鎮集集里成功九街56號,平價優質旅宿,1300,業者自報,2600,,,【平價優質旅宿】平日雙人房售價：1300,23.830833,120.78301,開放資料,,,,https://www.taiwanstay.net.tw/TSA/web_page/TSA020200.jsp?hohi_id=3968
458,陶花巷弄民宿,南投縣,集集鎮,民宿,0979202181-,南投縣集集鎮八張一街146號,國旅補助優惠方案,,,6000,,2026-12-31,【國旅補助優惠方案】住宿旅客每房每天可得100元商品優惠券（適用民宿大廳一樓販售商品，不可折抵住宿）購物滿千元可享9折優惠（適用民宿大廳一樓販售商品，不可折抵住宿）陶盤彩繪體驗住客優惠價700元（原價750元）,23.827263,120.790047,開放資料,5,357,http://pottery-flower.tw/,https://www.taiwanstay.net.tw/TSA/web_page/TSA020200.jsp?hohi_id=14443
459,集光悠宅,南投縣,集集鎮,民宿,0983506823-,南投縣集集鎮林尾里林尾一街23號,國旅補助優惠方案,,,8000,1000,2026-12-31,【國旅補助優惠方案】民宿入住方案：一、連續入住2晚，民宿提供優惠折抵房價＄1000元。二、入住慶生者，民宿免費提供生日掛布、生日帽佈置使用，亦可協助訂購生日蛋糕。,23.825474,120.774871,開放資料,5,165,https://www.defu-manor.com/,https://www.taiwanstay.net.tw/TSA/web_page/TSA020200.jsp?hohi_id=37002
460,集集水園休閒民宿,南投縣,集集鎮,民宿,0978628958-,南投縣集集鎮吳厝里4鄰集鹿路96巷127號,平價優質旅宿,2400,業者自報,3000,,,【平價優質旅宿】平日雙人房售價：2400,23.824623,120.790354,開放資料,,,,https://www.taiwanstay.net.tw/TSA/web_page/TSA020200.jsp?hohi_id=17891
461,2H-分享家,南投縣,魚池鄉,民宿,0923262636-,南投縣魚池鄉東池村秀水路60號,平價優質旅宿,2800,業者自報,4500,,,【平價優質旅宿】平日雙人房售價：2800,23.893584,120.94033,開放資料,,,https://sunmoonlakebnb.com.tw/,https://www.taiwanstay.net.tw/TSA/web_page/TSA020200.jsp?hohi_id=23304
462,三合院民宿,南投縣,魚池鄉,民宿,049-2861566,南投縣魚池鄉頭社村平和巷102號,平價優質旅宿,1500,業者自報,1800,1500,,【平價優質旅宿】平日雙人房售價：1500,23.834977,120.903919,開放資料,,,,https://www.taiwanstay.net.tw/TSA/web_page/TSA020200.jsp?hohi_id=17130
463,九樹森林創意旅居,南投縣,魚池鄉,民宿,0955886271-,南投縣魚池鄉共和村中興巷6-28號,平價優質旅宿,2800,業者自報,8200,,,【平價優質旅宿】平日雙人房售價：2800,23.900103,120.975154,開放資料,,,,https://www.taiwanstay.net.tw/TSA/web_page/TSA020200.jsp?hohi_id=32237
464,五船民宿,南投縣,魚池鄉,民宿,049-2855235,南投縣魚池鄉水社村中山路292號,國旅補助優惠方案,,,8800,,,【國旅補助優惠方案】國旅補助優惠方案,23.867186,120.90685,開放資料,4.9,531,https://www.5boat.com.tw,https://www.taiwanstay.net.tw/TSA/web_page/TSA020200.jsp?hohi_id=11481
465,儂濃居,南投縣,魚池鄉,民宿,0931866752-,南投縣魚池鄉東池村文武巷19-12號,平價優質旅宿,2600,業者自報,6000,,,【平價優質旅宿】平日雙人房售價：2600,23.892617,120.940318,開放資料,,,http://tian.okgo.tw,https://www.taiwanstay.net.tw/TSA/web_page/TSA020200.jsp?hohi_id=4824
466,兆泓民宿,南投縣,魚池鄉,民宿,049-2856608,南投縣魚池鄉水社村2鄰中山路455之2號,國旅補助優惠方案,,,5800,,2026-12-31,【國旅補助優惠方案】115年國旅平日住宿獎助生日券:當月壽星,23.866145,120.902753,開放資料,4.8,410,,https://www.taiwanstay.net.tw/TSA/web_page/TSA020200.jsp?hohi_id=20527
467,卉芯蘭園休閒民宿,南投縣,魚池鄉,民宿,049-2897075,南投縣魚池鄉新城村通文巷5-4號,平價優質旅宿,2400,業者自報,3000,,,【平價優質旅宿】平日雙人房售價：2400,23.903789,120.926728,開放資料,,,,https://www.taiwanstay.net.tw/TSA/web_page/TSA020200.jsp?hohi_id=12819
468,喜莯民宿,南投縣,魚池鄉,民宿,049-2850012,南投縣魚池鄉日月村日月街83號,平價優質旅宿,2400,業者自報,5000,,,【平價優質旅宿】平日雙人房售價：2400,23.848633,120.931133,開放資料,,,http://www.seemoonbnb.com/,https://www.taiwanstay.net.tw/TSA/web_page/TSA020200.jsp?hohi_id=5393
469,四季時光,南投縣,魚池鄉,民宿,0932376767-,南投縣魚池鄉頭社村平和巷103-11號,平價優質旅宿,3400,業者自報,10800,,,【平價優質旅宿】平日雙人房售價：3400,23.836401,120.903384,開放資料,,,https://4czen.ego.tw/,https://www.taiwanstay.net.tw/TSA/web_page/TSA020200.jsp?hohi_id=14554
470,堤岸樂活家,南投縣,魚池鄉,民宿,049-2898586,南投縣魚池鄉東池村文武巷19-6號,平價優質旅宿,2600,業者自報,6000,,,【平價優質旅宿】平日雙人房售價：2600,23.892504,120.940625,開放資料,,,http://tian.okgo.tw,https://www.taiwanstay.net.tw/TSA/web_page/TSA020200.jsp?hohi_id=11199
471,奈斯窩客B&B,南投縣,魚池鄉,民宿,0932879263-,南投縣魚池鄉水社村中山路395-1號,平價優質旅宿,2700,業者自報,7800,,,【平價優質旅宿】平日雙人房售價：2700,23.866947,120.902694,開放資料,,,,https://www.taiwanstay.net.tw/TSA/web_page/TSA020200.jsp?hohi_id=31989
472,好彩宿民宿,南投縣,魚池鄉,民宿,0909652880-,南投縣魚池鄉頭社村平和巷100-6號,平價優質旅宿,3080,業者自報,5200,,,【平價優質旅宿】平日雙人房售價：3080,23.833411,120.90412,開放資料,,,,https://www.taiwanstay.net.tw/TSA/web_page/TSA020200.jsp?hohi_id=2330
473,山中城宝渡假民宿,南投縣,魚池鄉,民宿,049-2897597,南投縣魚池鄉中明村有水巷35-3號,平價優質旅宿,2600,業者自報,3200,,,【平價優質旅宿】平日雙人房售價：2600,23.89161,120.92537,開放資料,,,,https://www.taiwanstay.net.tw/TSA/web_page/TSA020200.jsp?hohi_id=13131
474,山水田雅舍,南投縣,魚池鄉,民宿,049-2880631,南投縣魚池鄉東光村興善巷58-6號,平價優質旅宿,2600,業者自報,3600,,,"【平價優質旅宿】平日雙人房售價：2,600(僅供4人房)",23.885883,120.966219,開放資料,,,,https://www.taiwanstay.net.tw/TSA/web_page/TSA020200.jsp?hohi_id=19778
475,巧人文旅民宿,南投縣,魚池鄉,民宿,0905273195-,南投縣魚池鄉魚池村新店巷25之18號,國旅補助優惠方案,,,5280,1000、1200,2026-12-31,"【國旅補助優惠方案】115年國旅針對當月壽星推出「生日住宿金」加碼優惠，每月抽出1,000名幸運兒贈送$1200元住宿金。此優惠可與平日住宿補助（連住兩晚最高折$2000元）疊加使用，最高現折$3200元。活動詳情與登記辦法請參考易遊網旅遊補助或AsiaYo國旅補助攻略說明。",23.897978,120.939051,開放資料,4.9,129,,https://www.taiwanstay.net.tw/TSA/web_page/TSA020200.jsp?hohi_id=27533
476,布查德渡假村民宿,南投縣,魚池鄉,民宿,049-2896685,南投縣魚池鄉大林村嵩山巷17-18號,國旅補助優惠方案,,,3000,,2026-12-31,【國旅補助優惠方案】住宿含早餐另加贈下午茶，住宿第2晚加碼300元，房況許可升等豪華房型,23.888449,120.943403,開放資料,,,http://butchardv.68bnb.com,https://www.taiwanstay.net.tw/TSA/web_page/TSA020200.jsp?hohi_id=13776
477,御爵渡假山莊,南投縣,魚池鄉,民宿,049-2898739,南投縣魚池鄉新城村8鄰通文巷3-16號,國旅補助優惠方案,,,6600,,2026-12-31,【國旅補助優惠方案】一、依照活動規定辦理。二、請住宿旅客提供相關資料提出申請。,23.901611,120.927476,開放資料,,,,https://www.taiwanstay.net.tw/TSA/web_page/TSA020200.jsp?hohi_id=20302
478,微笑方舟民宿,南投縣,魚池鄉,民宿,049-2899674,南投縣魚池鄉魚池村瓊文巷18-39號,平價優質旅宿,2180,業者自報,4600,,,【平價優質旅宿】平日雙人房售價：2180,23.899192,120.934247,開放資料,,,https://smileboat049289967.wixsite.com/smileboat/copy-of-1,https://www.taiwanstay.net.tw/TSA/web_page/TSA020200.jsp?hohi_id=27231
479,快樂腳休閒屋,南投縣,魚池鄉,民宿,049-2897099,南投縣魚池鄉大雁村大雁巷33-3號,國旅補助優惠方案,,,4000,,2026-12-31,【國旅補助優惠方案】平日九折優惠生日加贈日月潭紅茶禮盒,23.921974,120.919623,開放資料,4,218,,https://www.taiwanstay.net.tw/TSA/web_page/TSA020200.jsp?hohi_id=15487
480,愛黏在一起民宿,南投縣,魚池鄉,民宿,049-2898088,南投縣魚池鄉新城村修正巷3-12號,平價優質旅宿,2790,業者自報,7000,,,【平價優質旅宿】平日雙人房售價：2790,23.902401,120.916717,開放資料,,,,https://www.taiwanstay.net.tw/TSA/web_page/TSA020200.jsp?hohi_id=2658
481,文山民宿,南投縣,魚池鄉,民宿,049-2896381,南投縣魚池鄉中明村有水巷36-3號,平價優質旅宿,1500,業者自報,2800,1500,,【平價優質旅宿】平日雙人房售價：1500,23.893856,120.926906,開放資料,,,,https://www.taiwanstay.net.tw/TSA/web_page/TSA020200.jsp?hohi_id=16900
482,旅台客居民宿,南投縣,魚池鄉,民宿,0921300506049-2895588,南投縣魚池鄉大林村永川巷15-6號,平價優質旅宿,2400,業者自報,3600,,,【平價優質旅宿】平日雙人房售價：2400,23.882623,120.943516,開放資料,,,https://0492895588.ego.tw/,https://www.taiwanstay.net.tw/TSA/web_page/TSA020200.jsp?hohi_id=20319
483,日月對白民宿,南投縣,魚池鄉,民宿,0937291776-,南投縣魚池鄉中明村有水巷36-8號,平價優質旅宿,2800,業者自報,7280,,,【平價優質旅宿】平日雙人房售價：2800,23.89405,120.926422,開放資料,,,https://sunmoonbetween.ego.tw/,https://www.taiwanstay.net.tw/TSA/web_page/TSA020200.jsp?hohi_id=32893
484,日月星舞民宿,南投縣,魚池鄉,民宿,049-2899347,南投縣魚池鄉大林村永川巷12-8號,平價優質旅宿,1600,業者自報,3600,,,【平價優質旅宿】平日雙人房售價：1600,23.882671,120.943644,開放資料,,,http://www.facebook.com/coffee.estate,https://www.taiwanstay.net.tw/TSA/web_page/TSA020200.jsp?hohi_id=3288
485,日月潭富豪群渡假民宿,南投縣,魚池鄉,民宿,049-2850307,南投縣魚池鄉日月村水秀街8號,平價優質旅宿,2200,業者自報,6600,,,【平價優質旅宿】平日雙人房售價：2200,23.848965,120.931373,開放資料,,,,https://www.taiwanstay.net.tw/TSA/web_page/TSA020200.jsp?hohi_id=13962
486,日月潭教師會館,南投縣,魚池鄉,旅館,049-2855991,南投縣魚池鄉水社村中興路136號,國旅補助優惠方案、平價優質旅宿,2760,業者自報,7600,,2026-12-31,"【國旅補助優惠方案】國旅平日補助優惠:適用115年9月~11月住宿:3天2夜專案優惠價:6000元內容:迎賓山景雙人房(2人入住)1間連續入住2晚桃李緣餐廳自助式中式早餐2人2天

【平價優質旅宿】平日雙人房售價：2760",23.863577,120.907112,開放資料,4.2,3145,https://www.smlthotel.com.tw/,https://www.taiwanstay.net.tw/TSA/web_page/TSA020200.jsp?hohi_id=4478
487,日月灣民宿,南投縣,魚池鄉,民宿,0919005697-,南投縣魚池鄉水社村中山路435號,平價優質旅宿,2700,業者自報,6800,,,【平價優質旅宿】平日雙人房售價：2700,23.866635,120.900457,開放資料,,,,https://www.taiwanstay.net.tw/TSA/web_page/TSA020200.jsp?hohi_id=16307
488,日月風華,南投縣,魚池鄉,民宿,0931334390049-2850578,南投縣魚池鄉日月村義勇街8號,平價優質旅宿,1780,業者自報,8000,,,【平價優質旅宿】平日雙人房售價：1780,23.847133,120.93206,開放資料,,,,https://www.taiwanstay.net.tw/TSA/web_page/TSA020200.jsp?hohi_id=33712
489,晶澤別館,南投縣,魚池鄉,旅館,049-7008188,南投縣魚池鄉日月村文化街110號,國旅補助優惠方案,,,5000,,,【國旅補助優惠方案】依照國旅補助,23.848608,120.929995,開放資料,3.5,183,,https://www.taiwanstay.net.tw/TSA/web_page/TSA020200.jsp?hohi_id=17584
490,晶鑽有機紅茶咖啡坊,南投縣,魚池鄉,民宿,049-2898618,南投縣魚池鄉魚池村秀水路266號,平價優質旅宿,2400,業者自報,4000,,,【平價優質旅宿】平日雙人房售價：2400,23.896273,120.935471,開放資料,,,http://www.naturalfarm.com.tw,https://www.taiwanstay.net.tw/TSA/web_page/TSA020200.jsp?hohi_id=8230
491,月潭小棧民宿,南投縣,魚池鄉,民宿,0921001937-,南投縣魚池鄉日月村山明街58號,平價優質旅宿,1800,業者自報,3500,,,【平價優質旅宿】平日雙人房售價：1800,23.848747,120.932707,開放資料,,,,https://www.taiwanstay.net.tw/TSA/web_page/TSA020200.jsp?hohi_id=11044
492,有水巷渡假民宿,南投縣,魚池鄉,民宿,0923383706-,南投縣魚池鄉中明村有水巷28-17號,國旅補助優惠方案,,,3600,,2026-12-31,【國旅補助優惠方案】115年國旅平日住宿獎助＋生日券,23.886098,120.922235,開放資料,4.7,268,,https://www.taiwanstay.net.tw/TSA/web_page/TSA020200.jsp?hohi_id=19181
493,朵麗絲的家民宿,南投縣,魚池鄉,民宿,049-2855221,南投縣魚池鄉水社村7鄰中山路146巷20號,平價優質旅宿,3500,業者自報,7800,,,【平價優質旅宿】平日雙人房售價：3500,23.867955,120.909728,開放資料,,,http://www.dorishome.com.tw,https://www.taiwanstay.net.tw/TSA/web_page/TSA020200.jsp?hohi_id=15110
494,東光知性,南投縣,魚池鄉,民宿,049-2880696,南投縣魚池鄉東光村興善巷57-3號,平價優質旅宿,1200,業者自報,2000,1200,,【平價優質旅宿】平日雙人房售價：1200,23.886482,120.965447,開放資料,,,,https://www.taiwanstay.net.tw/TSA/web_page/TSA020200.jsp?hohi_id=8153
495,松月民宿,南投縣,魚池鄉,民宿,049-2897597,南投縣魚池鄉中明村有水巷35-5號,平價優質旅宿,2600,業者自報,4500,,,【平價優質旅宿】平日雙人房售價：2600,23.89252,120.927105,開放資料,,,,https://www.taiwanstay.net.tw/TSA/web_page/TSA020200.jsp?hohi_id=20262
496,梢楠林民宿,南投縣,魚池鄉,民宿,0988392728049-2897951,南投縣魚池鄉五城村華龍巷31-8號,平價優質旅宿,2200,業者自報,3000,,,【平價優質旅宿】平日雙人房售價：2200,23.911919,120.887153,開放資料,,,http://www.greentic.com.tw,https://www.taiwanstay.net.tw/TSA/web_page/TSA020200.jsp?hohi_id=2964
497,槐石園,南投縣,魚池鄉,民宿,0933565971-,南投縣魚池鄉水社村中山路146巷14-1號,平價優質旅宿,1800,業者自報,2500,,,【平價優質旅宿】平日雙人房售價：1800,23.86794,120.911788,開放資料,,,,https://www.taiwanstay.net.tw/TSA/web_page/TSA020200.jsp?hohi_id=4041
498,橙林小徑民宿,南投縣,魚池鄉,民宿,049-2897068,南投縣魚池鄉新城村通文巷6-6號,平價優質旅宿,2700,業者自報,5200,,,【平價優質旅宿】平日雙人房售價：2700,23.90464,120.928683,開放資料,,,,https://www.taiwanstay.net.tw/TSA/web_page/TSA020200.jsp?hohi_id=15983
499,水漾民宿,南投縣,魚池鄉,民宿,049-2850368,南投縣魚池鄉日月村豐年街56號,平價優質旅宿,2750,業者自報,3000,,,【平價優質旅宿】平日雙人房售價：2750,23.847244,120.929093,開放資料,,,https://shuiyang.h-and.world/,https://www.taiwanstay.net.tw/TSA/web_page/TSA020200.jsp?hohi_id=20560
500,沅居精品民宿,南投縣,魚池鄉,民宿,049-2856718,南投縣魚池鄉水社村中山路208號,國旅補助優惠方案、平價優質旅宿,2280,業者自報,5000,,2026-12-31,"【國旅補助優惠方案】入住贈送在地伴手禮一包

【平價優質旅宿】平日雙人房售價：2280",23.867718,120.909489,開放資料,4.9,442,,https://www.taiwanstay.net.tw/TSA/web_page/TSA020200.jsp?hohi_id=4927
501,沛青．日旅民宿,南投縣,魚池鄉,民宿,049-2850495,南投縣魚池鄉日月村水秀街20號,平價優質旅宿,2600,業者自報,6000,,,【平價優質旅宿】平日雙人房售價：2600,23.849099,120.931487,開放資料,,,,https://www.taiwanstay.net.tw/TSA/web_page/TSA020200.jsp?hohi_id=31413
502,清平樂村居,南投縣,魚池鄉,民宿,049-2897645,南投縣魚池鄉大雁村大雁巷26-5號,平價優質旅宿,3000,業者自報,2500,,,【平價優質旅宿】平日雙人房售價：3000(僅供4人房),23.917854,120.918545,開放資料,,,,https://www.taiwanstay.net.tw/TSA/web_page/TSA020200.jsp?hohi_id=8905
503,游丫嬤鄰家民宿,南投縣,魚池鄉,民宿,049-2855077,南投縣魚池鄉水社村中山路220號,平價優質旅宿,1600,業者自報,4600,,,【平價優質旅宿】平日雙人房售價：1600,23.867714,120.909278,開放資料,,,,https://www.taiwanstay.net.tw/TSA/web_page/TSA020200.jsp?hohi_id=33309
504,潔坊民宿,南投縣,魚池鄉,民宿,0900349166-,南投縣魚池鄉共和村長興巷7-11號,平價優質旅宿,2300,業者自報,2500,,,【平價優質旅宿】平日雙人房售價：2300,23.899792,120.952595,開放資料,,,,https://www.taiwanstay.net.tw/TSA/web_page/TSA020200.jsp?hohi_id=13117
505,澤瑚民宿,南投縣,魚池鄉,民宿,049-2855268,南投縣魚池鄉水社村中興路46號,平價優質旅宿,2880,業者自報,7500,,,【平價優質旅宿】平日雙人房售價：2880,23.865268,120.911205,開放資料,,,,https://www.taiwanstay.net.tw/TSA/web_page/TSA020200.jsp?hohi_id=9004
506,碼頭精品旅店,南投縣,魚池鄉,旅館,049-2855543,南投縣魚池鄉水社村中山路113號,國旅補助優惠方案,1500,業者官網,6000,,2026-12-31,【國旅補助優惠方案】1.平日入住提供定價五折優惠，免加收一成服務費2.贈送腳踏車優惠券，3.提供船票優惠每人NT$180(原價NT$300),23.865565,120.912019,開放資料,3.4,187,http://www.sunmoonhotel.com.tw/hotel/index.php,https://www.taiwanstay.net.tw/TSA/web_page/TSA020200.jsp?hohi_id=7592
507,福霖竹石園生態渡假會館,南投縣,魚池鄉,旅館,049-2856679,南投縣魚池鄉水社村中山路8號,平價優質旅宿,2980,業者自報,5940,,,【平價優質旅宿】平日雙人房售價：2980,23.871973,120.91729,開放資料,,,http://www.bamboorock.com.tw/,https://www.taiwanstay.net.tw/TSA/web_page/TSA020200.jsp?hohi_id=26687
508,紅茶亭,南投縣,魚池鄉,民宿,0905971612-,南投縣魚池鄉東池村文武巷19-8號,平價優質旅宿,2600,業者自報,6000,,,【平價優質旅宿】平日雙人房售價：2600,23.892567,120.940493,開放資料,,,https://blacktea.ego.tw,https://www.taiwanstay.net.tw/TSA/web_page/TSA020200.jsp?hohi_id=5883
509,綠野鄉居民宿,南投縣,魚池鄉,民宿,049-2899132,南投縣魚池鄉大雁村大雁巷47-5號,平價優質旅宿,2600,業者自報,2600,,,【平價優質旅宿】平日雙人房售價：2600,23.918785,120.918525,開放資料,,,https://twstay.com/RWD2/index.aspx?BNB=greenbnb,https://www.taiwanstay.net.tw/TSA/web_page/TSA020200.jsp?hohi_id=20368
510,美真舘民宿,南投縣,魚池鄉,民宿,0922203830049-2856511,南投縣魚池鄉水社村中興路29號,國旅補助優惠方案、平價優質旅宿,2500,業者自報,6500,,2026-12-31,"【國旅補助優惠方案】直接預訂贈送免費停車。

【平價優質旅宿】平日雙人房售價：2500",23.865674,120.911515,開放資料,4.6,246,http://www.mayzen.com.tw,https://www.taiwanstay.net.tw/TSA/web_page/TSA020200.jsp?hohi_id=26217
511,花鳥新村渡假民宿,南投縣,魚池鄉,民宿,049-2880452,南投縣魚池鄉東光村水尾巷4-5號,平價優質旅宿,2000,業者自報,2500,,,【平價優質旅宿】平日雙人房售價：2000,23.894782,120.96087,開放資料,,,,https://www.taiwanstay.net.tw/TSA/web_page/TSA020200.jsp?hohi_id=2064
512,薇勝客居,南投縣,魚池鄉,民宿,049-2897818,南投縣魚池鄉新城村通文巷48-3號,平價優質旅宿,2300,業者自報,2000,,,【平價優質旅宿】平日雙人房售價：2300,23.909862,120.925399,開放資料,,,,https://www.taiwanstay.net.tw/TSA/web_page/TSA020200.jsp?hohi_id=15613
513,讀好 聚,南投縣,魚池鄉,民宿,0937852866-,南投縣魚池鄉魚池村瓊文巷18之23號,平價優質旅宿,2200,業者自報,6800,,,【平價優質旅宿】平日雙人房售價：2200,23.898829,120.936544,開放資料,,,,https://www.taiwanstay.net.tw/TSA/web_page/TSA020200.jsp?hohi_id=2294
514,貴夫人渡假民宿,南投縣,魚池鄉,民宿,049-2898518,南投縣魚池鄉共和村長興巷1-8號,國旅補助優惠方案,,,5600,,2026-12-31,【國旅補助優惠方案】日月潭腳踏車～限入住旅客～憑券加贈騎1小時或折抵100元,23.895641,120.952471,開放資料,4.9,285,,https://www.taiwanstay.net.tw/TSA/web_page/TSA020200.jsp?hohi_id=3639
515,逐鹿森林民宿,南投縣,魚池鄉,民宿,049-2850089,南投縣魚池鄉日月村水秀街56號,平價優質旅宿,2500,業者自報,4800,,,【平價優質旅宿】平日雙人房售價：2500,23.849356,120.931989,開放資料,,,http://www.thedeer56.com.tw/info.php,https://www.taiwanstay.net.tw/TSA/web_page/TSA020200.jsp?hohi_id=13791
516,金龍山客棧民宿,南投縣,魚池鄉,民宿,049-2898873,南投縣魚池鄉新城村通文巷10之2號,平價優質旅宿,1800,業者自報,3000,,,【平價優質旅宿】平日雙人房售價：1800,23.905381,120.919867,開放資料,,,,https://www.taiwanstay.net.tw/TSA/web_page/TSA020200.jsp?hohi_id=13693
517,開心龍民宿,南投縣,魚池鄉,民宿,049-2850493,南投縣魚池鄉日月村水秀街22號,平價優質旅宿,2500,業者自報,6000,,,【平價優質旅宿】平日雙人房售價：2500,23.849179,120.931519,開放資料,,,,https://www.taiwanstay.net.tw/TSA/web_page/TSA020200.jsp?hohi_id=31288
518,阿貴的家,南投縣,魚池鄉,民宿,049-2899161,南投縣魚池鄉大雁村大雁巷26-9號,平價優質旅宿,2100,業者自報,2600,,,【平價優質旅宿】平日雙人房售價：2100,23.918129,120.91787,開放資料,,,http://akuei.okgo.tw/,https://www.taiwanstay.net.tw/TSA/web_page/TSA020200.jsp?hohi_id=18817
519,靜心園鄉居民宿,南投縣,魚池鄉,民宿,049-2895389,南投縣魚池鄉大雁村大雁巷29-1號,平價優質旅宿,2200,業者自報,3000,,,【平價優質旅宿】平日雙人房售價：2200,23.920561,120.920269,開放資料,,,,https://www.taiwanstay.net.tw/TSA/web_page/TSA020200.jsp?hohi_id=14875
520,飛日月漫旅,南投縣,魚池鄉,民宿,0965593350-,南投縣魚池鄉水社村中山路145號,平價優質旅宿,2200,業者自報,3990,,,【平價優質旅宿】平日雙人房售價：2200,23.866246,120.911689,開放資料,,,,https://www.taiwanstay.net.tw/TSA/web_page/TSA020200.jsp?hohi_id=32971
521,食宿玩家民宿,南投縣,魚池鄉,民宿,049-2850116,南投縣魚池鄉日月村日月街39號,國旅補助優惠方案,,,3500,,2026-12-31,【國旅補助優惠方案】平日優惠9折優惠生日優惠9折優惠TaiwanPASS9折優惠折一優惠,23.847918,120.931908,開放資料,3.1,39,,https://www.taiwanstay.net.tw/TSA/web_page/TSA020200.jsp?hohi_id=6769
522,魚中屋民宿,南投縣,魚池鄉,民宿,049-2895381,南投縣魚池鄉魚池村魚池街316號,平價優質旅宿,2400,業者自報,6000,,,【平價優質旅宿】平日雙人房售價：2400,23.896541,120.938381,開放資料,,,,https://www.taiwanstay.net.tw/TSA/web_page/TSA020200.jsp?hohi_id=23163
523,魚兒尖尖民宿,南投縣,魚池鄉,民宿,0912313396-,南投縣魚池鄉魚池村秀水路262號,平價優質旅宿,1900,業者自報,6000,,,【平價優質旅宿】平日雙人房售價：1900,23.896163,120.933381,開放資料,,,,https://www.taiwanstay.net.tw/TSA/web_page/TSA020200.jsp?hohi_id=14209
524,魚池櫻宴民宿,南投縣,魚池鄉,民宿,0933437782-,南投縣魚池鄉魚池村魚池街362巷14號,國旅補助優惠方案,,,5400,,2026-12-31,【國旅補助優惠方案】平日住宿優惠:雙人房$2200元，四人房$3500元,23.897769,120.9372,開放資料,,,,https://www.taiwanstay.net.tw/TSA/web_page/TSA020200.jsp?hohi_id=23303
525,三石山小棧,南投縣,鹿谷鄉,民宿,049-2754382,南投縣鹿谷鄉和雅村愛鄉路2-16號,國旅補助優惠方案,,,3800,,2026-12-31,【國旅補助優惠方案】115年國旅平日住宿獎助＋生日券優惠,23.691769,120.781778,開放資料,4.2,172,,https://www.taiwanstay.net.tw/TSA/web_page/TSA020200.jsp?hohi_id=20840
526,來來休閒民宿,南投縣,鹿谷鄉,民宿,049-2676182,南投縣鹿谷鄉竹豐村中湖巷28-6號,平價優質旅宿,1600,業者自報,1500,,,【平價優質旅宿】平日雙人房售價：1600,23.727647,120.749368,開放資料,,,,https://www.taiwanstay.net.tw/TSA/web_page/TSA020200.jsp?hohi_id=19051
527,依山棲,南投縣,鹿谷鄉,民宿,0935352664-,南投縣鹿谷鄉南投縣鹿谷鄉鳳凰村6鄰新進巷1-37號,國旅補助優惠方案,,,5200,,2026-12-31,【國旅補助優惠方案】於115/09/01-115/11/30平日入住可依115年國旅平日住宿獎勵及生日劵折抵,23.734876,120.784011,開放資料,5,25,https://137.ego.tw,https://www.taiwanstay.net.tw/TSA/web_page/TSA020200.jsp?hohi_id=37314
528,保記茶工房民宿,南投縣,鹿谷鄉,民宿,0912651599049-2671979,南投縣鹿谷鄉清水村永豐巷37號,平價優質旅宿,1200,業者自報,3000,1200,,【平價優質旅宿】平日雙人房售價：1200(不含早餐),23.794948,120.779782,開放資料,,,http://www.paoji.com.tw/,https://www.taiwanstay.net.tw/TSA/web_page/TSA020200.jsp?hohi_id=694
529,半天陶坊,南投縣,鹿谷鄉,民宿,0912677009-,南投縣鹿谷鄉竹林村3鄰愛鄉路123-5號,國旅補助優惠方案,,,5000,,2026-12-31,【國旅補助優惠方案】半天陶坊提供4115年國旅平日住宿獎助＋生日券業者優惠方案,23.726273,120.760278,開放資料,4.8,99,,https://www.taiwanstay.net.tw/TSA/web_page/TSA020200.jsp?hohi_id=18944
530,吉野渡假山莊,南投縣,鹿谷鄉,民宿,049-2755905,南投縣鹿谷鄉和雅村林尾巷13-5號,平價優質旅宿,2200,業者自報,3500,,,【平價優質旅宿】平日雙人房售價：2200,23.705089,120.777361,開放資料,,,http://www.jiye.com.tw,https://www.taiwanstay.net.tw/TSA/web_page/TSA020200.jsp?hohi_id=2162
531,名竹旅社,南投縣,鹿谷鄉,旅館,049-2752727,南投縣鹿谷鄉內湖村興產路55-2號,平價優質旅宿,2200,業者自報,3200,,,【平價優質旅宿】平日雙人房售價：2200,23.71534,120.779242,開放資料,,,,https://www.taiwanstay.net.tw/TSA/web_page/TSA020200.jsp?hohi_id=13249
532,小半天ㄟ厝民宿,南投縣,鹿谷鄉,民宿,049-2676468,南投縣鹿谷鄉竹林村愛鄉路121-1號,平價優質旅宿,1530,業者自報,1300,,,【平價優質旅宿】平日雙人房售價：1530,23.72611,120.762583,開放資料,,,,https://www.taiwanstay.net.tw/TSA/web_page/TSA020200.jsp?hohi_id=1899
533,掬月居,南投縣,鹿谷鄉,民宿,0972226310-,南投縣鹿谷鄉永隆村堀邊巷1-7號,國旅補助優惠方案、平價優質旅宿,2200,業者自報,4000,,2026-12-31,"【國旅補助優惠方案】公務人員刷國旅卡免手續費

【平價優質旅宿】平日雙人房售價：2200",23.753609,120.773637,開放資料,4.7,162,http://0492750738.ego.tw,https://www.taiwanstay.net.tw/TSA/web_page/TSA020200.jsp?hohi_id=22927
534,林家莊民宿,南投縣,鹿谷鄉,民宿,0912676904049-2676904,南投縣鹿谷鄉竹林村田頭巷8-5號,平價優質旅宿,3200,業者自報,1100,,,【平價優質旅宿】平日雙人房售價：3200,23.724863,120.756303,開放資料,,,,https://www.taiwanstay.net.tw/TSA/web_page/TSA020200.jsp?hohi_id=7435
535,樸宿庭園民宿,南投縣,鹿谷鄉,民宿,049-2753582,南投縣鹿谷鄉鳳凰村仁義路仁德巷26號,國旅補助優惠方案、平價優質旅宿,2350,業者自報,3500,,2026-12-31,"【國旅補助優惠方案】訂房續住(三天兩夜)，加贈""凍頂烏龍茶茶包一盒""。

【平價優質旅宿】平日雙人房售價：2350",23.736279,120.786586,開放資料,4.7,112,,https://www.taiwanstay.net.tw/TSA/web_page/TSA020200.jsp?hohi_id=15206
536,櫻花嶺渡假山莊,南投縣,鹿谷鄉,民宿,049-2677370,南投縣鹿谷鄉竹林村田頭巷25-3-2號,國旅補助優惠方案,,,4200,,2026-12-31,【國旅補助優惠方案】115年國旅平日住宿獎助＋生日券業者優惠方案,23.725001,120.758913,開放資料,,,http://www.sakuravilla.com.tw,https://www.taiwanstay.net.tw/TSA/web_page/TSA020200.jsp?hohi_id=13415
537,溪之谷民宿,南投縣,鹿谷鄉,民宿,049-2753976,南投縣鹿谷鄉內湖村興產路32-6號,平價優質旅宿,2000,業者自報,1500,,,【平價優質旅宿】平日雙人房售價：2000,23.691823,120.784636,開放資料,,,,https://www.taiwanstay.net.tw/TSA/web_page/TSA020200.jsp?hohi_id=11129
538,溪之頭山莊民宿,南投縣,鹿谷鄉,民宿,049-2612362,南投縣鹿谷鄉內湖村興產路23-15號,平價優質旅宿,1800,業者自報,3000,,,【平價優質旅宿】平日雙人房售價：1800,23.679102,120.794662,開放資料,,,,https://www.taiwanstay.net.tw/TSA/web_page/TSA020200.jsp?hohi_id=21864
539,溪頭有晴天民宿,南投縣,鹿谷鄉,民宿,049-2750833,南投縣鹿谷鄉內湖村8鄰興產路32-12號,國旅補助優惠方案,,,6000,,2026-12-31,【國旅補助優惠方案】平日住兩晚送溪頭教育園區門票,23.692859,120.784423,開放資料,,,,https://www.taiwanstay.net.tw/TSA/web_page/TSA020200.jsp?hohi_id=12238
540,漫步山嵐,南投縣,鹿谷鄉,民宿,0906921066-,南投縣鹿谷鄉內湖村興產路21-5號,國旅補助優惠方案,,,9800,,2026-12-31,【國旅補助優惠方案】詳情房價於本民宿https://www.mist.tw業者官網房價為公開基礎,23.678459,120.793829,開放資料,4.6,89,https://www.mist.tw,https://www.taiwanstay.net.tw/TSA/web_page/TSA020200.jsp?hohi_id=18093
541,神鹿居民宿,南投縣,鹿谷鄉,民宿,0975787210-,南投縣鹿谷鄉初鄉村中正路三段1號,平價優質旅宿,2000,業者自報,3200,,,【平價優質旅宿】平日雙人房售價：2000,23.764744,120.735543,開放資料,,,,https://www.taiwanstay.net.tw/TSA/web_page/TSA020200.jsp?hohi_id=34442
542,竹映民宿,南投縣,鹿谷鄉,民宿,049-2755011,南投縣鹿谷鄉和雅村愛鄉路45-11號,平價優質旅宿,2100,業者自報,3000,,,【平價優質旅宿】平日雙人房售價：2100,23.702795,120.77395,開放資料,,,http://www.zhuying.com.tw,https://www.taiwanstay.net.tw/TSA/web_page/TSA020200.jsp?hohi_id=15533
543,羿昀居,南投縣,鹿谷鄉,民宿,0933577887049-2754853,南投縣鹿谷鄉永隆村堀邊巷1-1號,平價優質旅宿,2200,業者自報,1400,,,【平價優質旅宿】平日雙人房售價：2200,23.752479,120.768818,開放資料,,,,https://www.taiwanstay.net.tw/TSA/web_page/TSA020200.jsp?hohi_id=21134
544,谷欣民宿,南投縣,鹿谷鄉,民宿,049-2676446,南投縣鹿谷鄉竹林村愛鄉路121-6號,平價優質旅宿,1600,業者自報,2500,,,【平價優質旅宿】平日雙人房售價：1600,23.726841,120.762373,開放資料,,,http://shop.okgo.tw/5055/,https://www.taiwanstay.net.tw/TSA/web_page/TSA020200.jsp?hohi_id=20380
545,豊閣民宿,南投縣,鹿谷鄉,民宿,049-2676368,南投縣鹿谷鄉竹林村愛鄉路101-10號,平價優質旅宿,1500,業者自報,1500,1500,,【平價優質旅宿】平日雙人房售價：1500,23.72022,120.769703,開放資料,,,http://shop.okgo.tw/7295/,https://www.taiwanstay.net.tw/TSA/web_page/TSA020200.jsp?hohi_id=11310
546,逍遙居民宿,南投縣,鹿谷鄉,民宿,049-2755336,南投縣鹿谷鄉鹿谷村中正路二段211巷15號,平價優質旅宿,2500,業者自報,3800,,,【平價優質旅宿】平日雙人房售價：2500(無早餐),23.747888,120.749367,開放資料,,,,https://www.taiwanstay.net.tw/TSA/web_page/TSA020200.jsp?hohi_id=9942
547,鋐洋民宿,南投縣,鹿谷鄉,民宿,049-2677011,南投縣鹿谷鄉竹林村田頭巷25-10號,平價優質旅宿,2600,業者自報,3800,,,【平價優質旅宿】平日雙人房售價：2600,23.724544,120.759306,開放資料,,,,https://www.taiwanstay.net.tw/TSA/web_page/TSA020200.jsp?hohi_id=21605
548,阿杰ㄟ厝民宿,南投縣,鹿谷鄉,民宿,049-2671246,南投縣鹿谷鄉清水村外城巷6-1號,平價優質旅宿,1600,業者自報,1100,,,【平價優質旅宿】平日雙人房售價：1600,23.799808,120.782062,開放資料,,,,https://www.taiwanstay.net.tw/TSA/web_page/TSA020200.jsp?hohi_id=16814
549,雅園民宿,南投縣,鹿谷鄉,民宿,049-2676866,南投縣鹿谷鄉竹豐村光復路52-10號,平價優質旅宿,1600,業者自報,2000,,,【平價優質旅宿】平日雙人房售價：1600,23.739201,120.738446,開放資料,,,,https://www.taiwanstay.net.tw/TSA/web_page/TSA020200.jsp?hohi_id=11388
550,騰芳居民宿,南投縣,鹿谷鄉,民宿,049-2750799,南投縣鹿谷鄉永隆村和平巷37號,平價優質旅宿,2800,業者自報,3500,,,【平價優質旅宿】平日雙人房售價：2800,23.754395,120.779999,開放資料,,,,https://www.taiwanstay.net.tw/TSA/web_page/TSA020200.jsp?hohi_id=18289
551,粨倉文旅,雲林縣,西螺鎮,民宿,0988096533-,雲林縣西螺鎮延平路89號,國旅補助優惠方案,,,3800,,2026-11-30,"【國旅補助優惠方案】平日補助加碼：憑平日國旅補助入住，即享 房價現場再折200元/贈送在地特色伴手禮乙份。（擇一）
 壽星生日禮：出示「生日券」與身分證明文件，即享 延後 1 小時退房 / 壽星專屬迎賓小禮]。（擇一）
*Booking/Agoda不適用此優惠",23.801635,120.462371,開放資料,4.9,373,,https://www.taiwanstay.net.tw/TSA/web_page/TSA020200.jsp?hohi_id=35934
552,南院旅墅,嘉義市,東區,旅館,05-2716565,嘉義市東區公明路65號,平價優質旅宿,3180,業者自報,8800,,,【平價優質旅宿】平日雙人房售價：3180,23.480421,120.458669,開放資料,,,http://www.southurban-hotel.com.tw,https://www.taiwanstay.net.tw/TSA/web_page/TSA020200.jsp?hohi_id=21457
553,壹貳貳洋樓,嘉義市,東區,民宿,090501810105-2228101,嘉義市東區國華街122號,國旅補助優惠方案,,,7800,800、1200,2026-12-31,"【國旅補助優惠方案】平日住宿及生日券獎助活動】||活動時間・入住期間：115年9月1日至11月30日・入住名額：依入住日，經費用完為止||活動說明(1)折抵方案：第一晚最多折抵新臺幣800元、第二晚最多折抵新臺幣1,200元。(2)訂房方式：限直接訂房－官網、電話(網路平台無法申請補助)。(3)入住登記：入住出示身分證或健保卡||注意(1)每人一次，無法重複申請(2)先住先得：補助看「入住順序」不是申請順序",23.477573,120.448849,開放資料,4.9,270,https://booking.owlting.com/mansion122?start=2024-12-31&end=2025-01-01&lang=zh_TW&adult=1&child=0&infant=0,https://www.taiwanstay.net.tw/TSA/web_page/TSA020200.jsp?hohi_id=36613
554,夏天旅宿,嘉義市,東區,民宿,0972721979-,嘉義市東區民權路476號,平價優質旅宿,1470,業者自報,1000,,,【平價優質旅宿】平日雙人房售價：1470(不含早餐),23.481905,120.445191,開放資料,,,https://booking.owlting.com/夏天旅宿,https://www.taiwanstay.net.tw/TSA/web_page/TSA020200.jsp?hohi_id=31733
555,德爾芙快捷酒店,嘉義市,東區,旅館,090022565105-2161899,嘉義市東區仁愛路361號5-10樓,國旅補助優惠方案,,,4800,,2026-12-31,【國旅補助優惠方案】優惠方案修改中，敬請期待~~,23.475538,120.442117,開放資料,4,1743,https://dereveexpress.hexa.tw/,https://www.taiwanstay.net.tw/TSA/web_page/TSA020200.jsp?hohi_id=4584
556,新悦花園酒店,嘉義市,東區,旅館,05-2778666,嘉義市東區後湖里6鄰保順路69號,國旅補助優惠方案、平價優質旅宿,3499,業者自報,8800,,2026-12-31,"【國旅補助優惠方案】1.官網專案標示【適用115年國旅平日住宿獎助+生日券】均適用本活動，可於酒店官網或來電預訂。2.於官網或來電完成預訂並實際入住，於退房時加贈下次住宿折抵券。訂房專線:05-2778666酒店官網:https://i.hsinhotel.com.tw/1SXBP官方帳號小管家:https://lin.ee/W0TLqzr

【平價優質旅宿】平日雙人房售價：3499",23.505689,120.450559,開放資料,4.4,6127,http://www.hsinhotel.com.tw/,https://www.taiwanstay.net.tw/TSA/web_page/TSA020200.jsp?hohi_id=7500
557,繪日之丘,嘉義市,東區,旅館,05-2759899,嘉義市東區長竹里大雅路一段888號,平價優質旅宿,2800,業者自報,6200,,,【平價優質旅宿】平日雙人房售價：2800,23.480527,120.48457,開放資料,,,http://www.sundialogue-hotel.com.tw/,https://www.taiwanstay.net.tw/TSA/web_page/TSA020200.jsp?hohi_id=2150
558,耐斯王子大飯店,嘉義市,東區,觀光旅館,05-2771999,嘉義市東區忠孝路600號,平價優質旅宿,3299,業者自報,6000,,,【平價優質旅宿】平日雙人房售價：3299(不含早餐),23.496231,120.45319,開放資料,,,http://www.niceprincehotel.com.tw,https://www.taiwanstay.net.tw/TSA/web_page/TSA020200.jsp?hohi_id=14782
559,蘭潭泛月嘉南行館,嘉義市,東區,旅館,05-2768487,嘉義市東區長竹里潭頂路82號3至4樓,平價優質旅宿,2299,業者自報,10000,,,【平價優質旅宿】平日雙人房售價：2299,23.47715,120.477428,開放資料,,,,https://www.taiwanstay.net.tw/TSA/web_page/TSA020200.jsp?hohi_id=23357
560,鈺通大飯店,嘉義市,東區,觀光旅館,05-2756111,嘉義市東區華南里6鄰維新路7號,平價優質旅宿,2790,業者自報,4800,,,【平價優質旅宿】平日雙人房售價：2790,23.479558,120.456729,開放資料,,,http://www.yuhtonghotel.com.tw/,https://www.taiwanstay.net.tw/TSA/web_page/TSA020200.jsp?hohi_id=12395
561,鉅陞嘉客亮點旅店,嘉義市,東區,旅館,05-2160200,嘉義市東區仁愛路560號,平價優質旅宿,3080,業者自報,6980,,,【平價優質旅宿】平日雙人房售價：3080,23.478456,120.442128,開放資料,,,http://www.mega-hotel.com.tw,https://www.taiwanstay.net.tw/TSA/web_page/TSA020200.jsp?hohi_id=18226
562,兆品酒店,嘉義市,西區,旅館,05-2293998,嘉義市西區文化路257號B2-9樓,平價優質旅宿,2099,業者自報,10626,,,【平價優質旅宿】平日雙人房售價：2099,23.483485,120.448622,開放資料,,,http://chiayi.maisondechinehotel.com/tw/index.php,https://www.taiwanstay.net.tw/TSA/web_page/TSA020200.jsp?hohi_id=13071
563,冠閣大飯店,嘉義市,西區,旅館,05-2318111,嘉義市西區忠順一街27號1-6樓,平價優質旅宿,2680,業者自報,7000,,,【平價優質旅宿】平日雙人房售價：2680,23.483913,120.434513,開放資料,,,http://www.guanko-hotel.com.tw,https://www.taiwanstay.net.tw/TSA/web_page/TSA020200.jsp?hohi_id=13153
564,嘉億時尚大飯店,嘉義市,西區,旅館,05-2279588,嘉義市西區永和里垂楊路860號1~3、8~12層樓,國旅補助優惠方案,,,4800,,2026-12-31,【國旅補助優惠方案】此優惠專案僅限電話訂房或現場買房,23.472965,120.437914,開放資料,3.7,1904,http://www.hotelhi.com.tw,https://www.taiwanstay.net.tw/TSA/web_page/TSA020200.jsp?hohi_id=3985
565,嘉義觀止飯店,嘉義市,西區,旅館,05-2813456,嘉義市西區中興路467號,平價優質旅宿,2900,業者自報,7940,,,【平價優質旅宿】平日雙人房售價：2900,23.479479,120.42954,開放資料,,,,https://www.taiwanstay.net.tw/TSA/web_page/TSA020200.jsp?hohi_id=11615
566,回朔民宿,嘉義市,西區,民宿,0911196406,嘉義市西區光彩街519號,平價優質旅宿,1680,業者自報,4000,,,【平價優質旅宿】平日雙人房售價：1680(不含早餐),23.477722,120.444909,開放資料,,,,https://www.taiwanstay.net.tw/TSA/web_page/TSA020200.jsp?hohi_id=30892
567,國園大飯店,嘉義市,西區,旅館,05-2236336,嘉義市西區光彩街678號,平價優質旅宿,1800,業者自報,8000,,,【平價優質旅宿】平日雙人房售價：1800,23.477521,120.442423,開放資料,,,http://www.countryhotel.com.tw/,https://www.taiwanstay.net.tw/TSA/web_page/TSA020200.jsp?hohi_id=21810
568,安蘭居國際青年館,嘉義市,西區,旅館,05-2290102,嘉義市西區蘭井街465號14樓之1,國旅補助優惠方案,,,7800,800、1200,2026-12-31,"【國旅補助優惠方案】【平日住宿及生日券獎助活動】||活動時間・入住期間：115年9月1日至11月30日・入住名額：依入住日，經費用完為止||活動說明(1)折抵方案：第一晚最多折抵新臺幣800元、第二晚最多折抵新臺幣1,200元。(2)訂房方式：限直接訂房－官網、電話(網路平台無法申請補助)。(3)入住登記：入住出示身分證或健保卡||注意(1)每人一次，無法重複申請(2)先住先得：補助看「入住順序」不是申請順序",23.476622,120.441727,開放資料,,,http://www.anlanjiehostel.com,https://www.taiwanstay.net.tw/TSA/web_page/TSA020200.jsp?hohi_id=10830
569,家暖暖,嘉義市,西區,民宿,0981935050-,嘉義市西區西榮街71巷3號,平價優質旅宿,3500,業者自報,6600,,,【平價優質旅宿】平日雙人房售價：3500(不含早餐),23.475181,120.446615,開放資料,,,https://www.facebook.com/stayonenight?mibextid=LQQJ4d,https://www.taiwanstay.net.tw/TSA/web_page/TSA020200.jsp?hohi_id=33869
570,木漏民宿,嘉義市,西區,民宿,0916959739-,嘉義市西區忠義街197巷16號,平價優質旅宿,,,4280,,,"【平價優質旅宿】平日雙人房售價：標準雙人房/2380（標準床）
經典雙人房/2880（加大床）",23.482322,120.446523,開放資料,,,,https://www.taiwanstay.net.tw/TSA/web_page/TSA020200.jsp?hohi_id=35320
571,樂億皇家渡假酒店,嘉義市,西區,旅館,05-2830099,嘉義市西區玉山路501號,平價優質旅宿,3400,業者自報,2880,,,【平價優質旅宿】平日雙人房售價：3400,23.470594,120.418467,開放資料,,,http://www.lookroyal.com,https://www.taiwanstay.net.tw/TSA/web_page/TSA020200.jsp?hohi_id=12325
572,橙木隱園民宿,嘉義市,西區,民宿,05-2228101,嘉義市西區中央第一商場58號,國旅補助優惠方案,,,1200,800、1200,2026-12-31,"【國旅補助優惠方案】【平日住宿及生日券獎助活動】||活動時間・入住期間：115年9月1日至11月30日・入住名額：依入住日，經費用完為止||活動說明(1)折抵方案：第一晚最多折抵新臺幣800元、第二晚最多折抵新臺幣1,200元。(2)訂房方式：限直接訂房－官網、電話(網路平台無法申請補助)。(3)入住登記：入住出示身分證或健保卡||注意(1)每人一次，無法重複申請(2)先住先得：補助看「入住順序」不是申請順序",23.479719,120.449213,開放資料,4.9,10,,https://www.taiwanstay.net.tw/TSA/web_page/TSA020200.jsp?hohi_id=38959
573,永悅商務大飯店,嘉義市,西區,旅館,05-2839888,嘉義市西區興業西路369號B1-10樓,平價優質旅宿,2200,業者自報,6200,,,【平價優質旅宿】平日雙人房售價：2200,23.467527,120.436946,開放資料,,,http://www.edb-hotel.com.tw/,https://www.taiwanstay.net.tw/TSA/web_page/TSA020200.jsp?hohi_id=12193
574,淌淌時光,嘉義市,西區,民宿,0937017837,嘉義市西區北榮街193-1號,平價優質旅宿,2500,業者自報,8000,,,【平價優質旅宿】平日雙人房售價：2500,23.480403,120.444787,開放資料,,,,https://www.taiwanstay.net.tw/TSA/web_page/TSA020200.jsp?hohi_id=31756
575,蘭桂坊花園酒店,嘉義市,西區,旅館,05-2288228,嘉義市西區延平街250號,國旅補助優惠方案、平價優質旅宿,2699,業者自報,5800,,2026-12-31,"【國旅補助優惠方案】僅限飯店官網或電話訂房，第三方訂房平台及旅行社代訂等不適用

【平價優質旅宿】平日雙人房售價：2699",23.476573,120.445266,開放資料,4.3,3048,http://www.lankwaifonghotel.com.tw,https://www.taiwanstay.net.tw/TSA/web_page/TSA020200.jsp?hohi_id=19137
576,香湖國際大飯店,嘉義市,西區,旅館,05-2311999,嘉義市西區友忠路559號B1至9樓,國旅補助優惠方案、平價優質旅宿,1700,業者自報,5000,800、1200,2026-12-31,"【國旅補助優惠方案】現場房價:雙人房$1800三人房$2300四人房$2800,再依活動辦法折抵房費,例如:預定四人房一間房費$2800,使用續住二晚,則$2800-$800-$1200=$800,僅需付折抵後房費餘額.

【平價優質旅宿】平日雙人房售價：1700",23.479968,120.435948,開放資料,4.2,3589,,https://www.taiwanstay.net.tw/TSA/web_page/TSA020200.jsp?hohi_id=20213
577,香緹時尚大飯店,嘉義市,西區,旅館,05-2317777,"嘉義市西區八德路2號1-3樓,中興路300號1-3樓",國旅補助優惠方案,,,7580,800、1200,2026-11-30,"【國旅補助優惠方案】【平日住宿獎助活動】

||活動時間
・入住期間：115年9月1日至11月30日(每週日至週四)
 不適用日期：連續假日及特殊節慶期間不適用。
・入住名額：依入住日，經費用完為止

||活動說明
(1) 折抵方案：第一晚最多折抵新臺幣800元、
 第二晚最多折抵新臺幣1,200元。
(2) 訂房方式：限電話及現場訂房。
 第三方訂房平台及旅行社代訂等不適用。
(3) 入住登記：入住出示身分證或健保卡
(4) 適用房型：房價2380元起適用。",23.482746,120.431158,開放資料,3.9,658,http://www.shantis.com.tw,https://www.taiwanstay.net.tw/TSA/web_page/TSA020200.jsp?hohi_id=14162
578,高橋飯店,嘉義市,西區,旅館,05-2852121,嘉義市西區自強里新民路784之1號,國旅補助優惠方案,,,4800,,2026-12-31,【國旅補助優惠方案】此優惠專案僅限電話訂房或現場預訂,23.470039,120.437899,開放資料,3.9,19,http://www.hotelhi.com.tw,https://www.taiwanstay.net.tw/TSA/web_page/TSA020200.jsp?hohi_id=4274
579,湯野精品旅館（中埔館）,嘉義縣,中埔鄉,旅館,05-2302222,嘉義縣中埔鄉和睦村中華路716號,國旅補助優惠方案、平價優質旅宿,1480,業者自報,7800,,2026-12-31,"【國旅補助優惠方案】國旅補助皆可與現場優惠活動(生日優惠.會員.夜貓活動擇一使用,各活動皆以現場公布活動細節為主.)配合,歡迎來電05-2302222洽詢~~~

【平價優質旅宿】平日雙人房售價：1480",23.447062,120.458143,開放資料,4.2,875,http://www.ty-motel.com.tw,https://www.taiwanstay.net.tw/TSA/web_page/TSA020200.jsp?hohi_id=16057
580,舒美商務汽車賓館,嘉義縣,中埔鄉,旅館,05-2399723,嘉義縣中埔鄉和睦村中華路178號,平價優質旅宿,1780,業者自報,5960,,,【平價優質旅宿】平日雙人房售價：1780,23.433165,120.450855,開放資料,,,https://www.hotel-shumei.com/,https://www.taiwanstay.net.tw/TSA/web_page/TSA020200.jsp?hohi_id=13457
581,阿里山月灣Villa,嘉義縣,中埔鄉,旅館,05-2030116,"嘉義縣中埔鄉社口村檨仔林17-15~23,17-25~33,17-35~36號",國旅補助優惠方案,,,6400,,2026-12-31,【國旅補助優惠方案】方案1.標準雙人房升等豪華雙人房方案2標準雙人房升等家庭四人房,23.443194,120.544102,開放資料,4,452,http://www.moonvilla.com.tw,https://www.taiwanstay.net.tw/TSA/web_page/TSA020200.jsp?hohi_id=8020
582,阿里山東方明珠國際大飯店,嘉義縣,中埔鄉,旅館,05-2536999,嘉義縣中埔鄉社口村檨仔林23號,平價優質旅宿,2500,業者自報,800,,,【平價優質旅宿】平日雙人房售價：2500,23.443985,120.543594,開放資料,,,,https://www.taiwanstay.net.tw/TSA/web_page/TSA020200.jsp?hohi_id=19348
583,成都旅社民宿,嘉義縣,大林鎮,民宿,091012604005-2651203,嘉義縣大林鎮吉林里平和街19號,平價優質旅宿,1200,業者自報,3680,1200,,【平價優質旅宿】平日雙人房售價：1200(不含早餐),23.60203,120.456235,開放資料,,,,https://www.taiwanstay.net.tw/TSA/web_page/TSA020200.jsp?hohi_id=34476
584,嘉義戴斯精選酒店,嘉義縣,太保市,旅館,05-2375311,嘉義縣太保市麻寮里北港路二段218號,平價優質旅宿,2200,業者自報,13000,,,【平價優質旅宿】平日雙人房售價：2200,23.497895,120.376146,開放資料,,,,https://www.taiwanstay.net.tw/TSA/web_page/TSA020200.jsp?hohi_id=4913
585,棒棒積木飯店（積木館）,嘉義縣,太保市,旅館,05-3623223,嘉義縣太保市太子大道209號及223號,國旅補助優惠方案、平價優質旅宿,2600,業者自報,16000,,2026-12-31,"【國旅補助優惠方案】平日、旺日優惠專案【2026獨處練習曲】(限1人入住)入住日期：即日起至2026/12/31內容：精緻雙人房平日$2,300；旺日$2,575。－內含住宿乙晚、翌日早餐乙客。當月壽星禮1.贈奧朵爾烘焙兌換券，可到積木館1樓門市，兌換小蛋糕(片)一份。2.辦理入住時，敬請出示壽星佐證資料，供櫃檯人員確認。

【平價優質旅宿】平日雙人房售價：2600",23.468293,120.293845,開放資料,4.5,7302,https://www.brickhotel.com.tw/,https://www.taiwanstay.net.tw/TSA/web_page/TSA020200.jsp?hohi_id=27028
586,棒棒積木飯店（親子館）,嘉義縣,太保市,旅館,05-3623223,嘉義縣太保市故宮大道809-1號,國旅補助優惠方案,,,20000,,2026-12-31,"【國旅補助優惠方案】優惠專案親子主題房純住宿(不含早)房型：森林精靈主題房、山洞火車主題房、櫻花仙子主題房房費：平日$6,500；旺日$6,775特色：1.客房都是28坪以上大空間。2.每房隨機提供2輛兒童電動車，開放時間15:00-21:00、09:00-11:00當月壽星禮1.贈奧朵爾烘焙兌換券，可到積木館1樓門市，兌換小蛋糕(片)一份。2.辦理入住時，敬請出示壽星佐證資料，供櫃檯人員確認。",23.467885,120.292092,開放資料,4.3,232,,https://www.taiwanstay.net.tw/TSA/web_page/TSA020200.jsp?hohi_id=26819
587,光影民宿,嘉義縣,布袋鎮,民宿,0968833008-,嘉義縣布袋鎮新南路117號,平價優質旅宿,1380,業者自報,3200,,,【平價優質旅宿】平日雙人房售價：1380(不含早餐),23.377381,120.151733,開放資料,,,http://www.light117.url.tw/,https://www.taiwanstay.net.tw/TSA/web_page/TSA020200.jsp?hohi_id=9102
588,布袋文創HOTEL,嘉義縣,布袋鎮,旅館,05-3476788,嘉義縣布袋鎮岑海里順安路61號,平價優質旅宿,2940,業者自報,4500,,,【平價優質旅宿】平日雙人房售價：2940,23.382281,120.155523,開放資料,,,https://www.budai-hotel.com.tw/,https://www.taiwanstay.net.tw/TSA/web_page/TSA020200.jsp?hohi_id=15335
589,幸福樂民宿,嘉義縣,布袋鎮,民宿,0920088011-,嘉義縣布袋鎮岑海里15鄰新南路63號,平價優質旅宿,1100,業者自報,3200,,,【平價優質旅宿】平日雙人房售價：1100(不含早餐),23.377572,120.150841,開放資料,,,,https://www.taiwanstay.net.tw/TSA/web_page/TSA020200.jsp?hohi_id=15041
590,瑞恒行館民宿,嘉義縣,布袋鎮,民宿,0905098468-,嘉義縣布袋鎮興中里1鄰後寮路72巷35號,國旅補助優惠方案,,,3200,,2026-12-31,"【國旅補助優惠方案】平日連住2晚：即免費贈送「在地嚴選當季水果乙份」，讓您品嚐嘉義在地最新鮮的甘甜風味。平日連住3晚：直接加碼贈送「故宮南院門票」，邀請您漫步亞洲藝術文化博物館，來一趟知性的藝文之旅。訂房特別重要提醒（補助必看）必須官方通路訂房：所有業者自提優惠方案與中央國旅補助，皆不可使用Agoda、Booking.com、Expedia等國外訂房網。符合資格管道：您必須直接透過民宿的「LINE預訂」或撥打「訂房專線」，方可享有中央補助（最高折抵$2,000~$3,200）與本專案的自提贈品。",23.37982,120.158401,開放資料,4.6,85,https://guest-house-online.com/,https://www.taiwanstay.net.tw/TSA/web_page/TSA020200.jsp?hohi_id=25850
591,言午次方民宿,嘉義縣,布袋鎮,民宿,0978090975-,嘉義縣布袋鎮新厝里新厝仔341之4號,國旅補助優惠方案,,,3000,800,2026-12-31,【國旅補助優惠方案】凡符合115年國旅平日住宿獎助及生日券使用資格之旅客，平日入住即可享本館加碼贈送7-ELEVEN現金券：•雙人房：入住1晚送100元、連住2晚送200元、連住3晚送500元。•四人房：入住1晚送200元、連住2晚送500元、連住3晚送800元。歡迎親子、好友及家族旅遊入住言午次方民宿，體驗布袋在地風情，讓您的嘉義之旅更便利、更超值！本優惠數量有限，送完為止，不得與其他優惠重複使用，民宿保有活動內容調整之權利。,23.388264,120.173137,開放資料,4.9,48,,https://www.taiwanstay.net.tw/TSA/web_page/TSA020200.jsp?hohi_id=37702
592,龍園旅館,嘉義縣,布袋鎮,旅館,093771336705-3474618,嘉義縣布袋鎮東港里埔仔厝205號,平價優質旅宿,1300,業者自報,3000,,,【平價優質旅宿】平日雙人房售價：1300 (不含早餐),23.372014,120.190086,開放資料,,,,https://www.taiwanstay.net.tw/TSA/web_page/TSA020200.jsp?hohi_id=14917
593,千順民宿,嘉義縣,新港鄉,民宿,0958151625-,嘉義縣新港鄉宮後村古民街32之10號,平價優質旅宿,1600,業者自報,3000,,,【平價優質旅宿】平日雙人房售價：1600(不含早餐),23.557222,120.350833,開放資料,,,,https://www.taiwanstay.net.tw/TSA/web_page/TSA020200.jsp?hohi_id=29989
594,平安民宿,嘉義縣,新港鄉,民宿,0958120346-,嘉義縣新港鄉宮後村古民街32之8號,平價優質旅宿,1600,業者自報,3000,,,【平價優質旅宿】平日雙人房售價：1600(不含早餐),23.557222,120.350917,開放資料,,,,https://www.taiwanstay.net.tw/TSA/web_page/TSA020200.jsp?hohi_id=29987
595,德旺商旅,嘉義縣,新港鄉,旅館,05-3741078,嘉義縣新港鄉宮前村中山路43號,國旅補助優惠方案,,,3200,,2026-12-31,【國旅補助優惠方案】使用國旅補助入住者每房可贈送1瓶：rech18-祕蜜花園\艾瑪雪絨花青春絲絨霜\210ML(官網介紹：https://www.rech18.com/SalePage/Index/8564729?lang＝zh-TW＆srsltid＝AfmBOor1d6VMk_i0l464QIl2MNVvMKowky-PnIdEcEoRQtJpPJhmc3s5),23.555132,120.345494,開放資料,3.7,202,https://www.facebook.com/dewan.hotel/?locale=zh_TW,https://www.taiwanstay.net.tw/TSA/web_page/TSA020200.jsp?hohi_id=1543
596,新晃旅社,嘉義縣,新港鄉,旅館,05-3742853,嘉義縣新港鄉宮前村登雲路74號之2,平價優質旅宿,1000,業者自報,800,1000,,【平價優質旅宿】平日雙人房售價：1000 (不含早餐),23.555777,120.346989,開放資料,,,,https://www.taiwanstay.net.tw/TSA/web_page/TSA020200.jsp?hohi_id=4930
597,山海大飯店,嘉義縣,朴子市,旅館,05-3709399,嘉義縣朴子市大槺榔1020號,平價優質旅宿,1960,業者自報,4800,,,【平價優質旅宿】平日雙人房售價：1960,23.464973,120.263718,開放資料,,,http://www.skk.com.tw,https://www.taiwanstay.net.tw/TSA/web_page/TSA020200.jsp?hohi_id=17971
598,伯扶的家民宿,嘉義縣,東石鄉,民宿,05-3707619,嘉義縣東石鄉蔦松村船仔頭22號之4,平價優質旅宿,1350,業者自報,1800,,,【平價優質旅宿】平日雙人房售價：1350,23.471592,120.223346,開放資料,,,,https://www.taiwanstay.net.tw/TSA/web_page/TSA020200.jsp?hohi_id=11636
599,湛藍海寓,嘉義縣,東石鄉,民宿,05-3730252,嘉義縣東石鄉東石村東石6號之16,平價優質旅宿,1680,業者自報,3500,,,【平價優質旅宿】平日雙人房售價：1680（不供早餐）,23.456869,120.15151,開放資料,,,,https://www.taiwanstay.net.tw/TSA/web_page/TSA020200.jsp?hohi_id=32727
600,船仔頭ㄟ厝民宿,嘉義縣,東石鄉,民宿,0929975167-,嘉義縣東石鄉蔦松村船子頭22號之3,平價優質旅宿,1500,業者自報,2000,1500,,【平價優質旅宿】平日雙人房售價：1500,23.470195,120.224982,開放資料,,,,https://www.taiwanstay.net.tw/TSA/web_page/TSA020200.jsp?hohi_id=2888
601,船仔頭天賞居民宿,嘉義縣,東石鄉,民宿,091511291205-3702667,嘉義縣東石鄉蔦松村船仔頭13號,平價優質旅宿,2000,業者自報,2400,,,【平價優質旅宿】平日雙人房售價：2000,23.470293,120.224848,開放資料,,,,https://www.taiwanstay.net.tw/TSA/web_page/TSA020200.jsp?hohi_id=6460
602,17號鄉居民宿,嘉義縣,梅山鄉,民宿,0933872896-,嘉義縣梅山鄉過山村5鄰開元后17號,平價優質旅宿,2300,業者自報,2500,,,【平價優質旅宿】平日雙人房售價：2300(不含早餐),23.58589,120.53317,開放資料,,,,https://www.taiwanstay.net.tw/TSA/web_page/TSA020200.jsp?hohi_id=33008
603,37彎民宿,嘉義縣,梅山鄉,民宿,091060569005-2571189,嘉義縣梅山鄉太平村下坑仔3號,國旅補助優惠方案,,,4500,,2026-12-31,【國旅補助優惠方案】115年國旅平日住宿獎助+生日券活動只要來37彎民宿住宿每間房我們將贈送當地茶農烏龍茶（茶包一份/10小包）,23.559233,120.601445,開放資料,5,15,,https://www.taiwanstay.net.tw/TSA/web_page/TSA020200.jsp?hohi_id=35599
604,大山自在民宿,嘉義縣,梅山鄉,民宿,05-2571123,嘉義縣梅山鄉龍眼村9鄰龍眼林3號,平價優質旅宿,2200,業者自報,4000,,,【平價優質旅宿】平日雙人房售價：2200,23.584264,120.623853,開放資料,,,,https://www.taiwanstay.net.tw/TSA/web_page/TSA020200.jsp?hohi_id=15303
605,天玉園景觀休閒渡假民宿,嘉義縣,梅山鄉,民宿,05-2627233,嘉義縣梅山鄉永興村9鄰九芎坑55之26號,平價優質旅宿,3000,業者自報,4000,,,【平價優質旅宿】平日雙人房售價：3000,23.569105,120.556564,開放資料,,,,https://www.taiwanstay.net.tw/TSA/web_page/TSA020200.jsp?hohi_id=27317
606,山旅民宿,嘉義縣,梅山鄉,民宿,0972960383-,嘉義縣梅山鄉太和村社後坪5之6號,平價優質旅宿,1800,業者自報,4000,,,【平價優質旅宿】平日雙人房售價：1800,23.561155,120.733528,開放資料,,,,https://www.taiwanstay.net.tw/TSA/web_page/TSA020200.jsp?hohi_id=30950
607,山間茶墅民宿,嘉義縣,梅山鄉,民宿,0983726585,嘉義縣梅山鄉瑞里村4鄰幼葉林85之1號,平價優質旅宿,2800,業者自報,4800,,,【平價優質旅宿】平日雙人房售價：2800,23.540815,120.66862,開放資料,,,https://www.ruiliteavilla.com/,https://www.taiwanstay.net.tw/TSA/web_page/TSA020200.jsp?hohi_id=26345
608,幼葉的林民宿,嘉義縣,梅山鄉,民宿,093125390105-2501639,嘉義縣梅山鄉瑞里村7鄰43號,平價優質旅宿,1500,業者自報,1500,1500,,【平價優質旅宿】平日雙人房售價：1500,23.535826,120.674512,開放資料,,,,https://www.taiwanstay.net.tw/TSA/web_page/TSA020200.jsp?hohi_id=21781
609,慕貝拉民宿,嘉義縣,梅山鄉,民宿,0905991272-,嘉義縣梅山鄉梅東村12鄰中正路12號,平價優質旅宿,2100,業者自報,6000,,,【平價優質旅宿】平日雙人房售價：2100(不含早餐),23.582443,120.559966,開放資料,,,,https://www.taiwanstay.net.tw/TSA/web_page/TSA020200.jsp?hohi_id=16789
610,梅好時光民宿,嘉義縣,梅山鄉,民宿,0928347870-,嘉義縣梅山鄉梅北村12鄰中山路479號,平價優質旅宿,1400,業者自報,1400,,,【平價優質旅宿】平日雙人房售價：1400(不含早餐),23.586302,120.551966,開放資料,,,,https://www.taiwanstay.net.tw/TSA/web_page/TSA020200.jsp?hohi_id=26865
611,梅宿一森青民宿,嘉義縣,梅山鄉,民宿,05-2625388,嘉義縣梅山鄉梅北村12鄰民生街45巷1號,平價優質旅宿,2300,業者自報,2300,,,【平價優質旅宿】平日雙人房售價：2300,23.589074,120.552871,開放資料,,,,https://www.taiwanstay.net.tw/TSA/web_page/TSA020200.jsp?hohi_id=26809
612,樟樹湖茶葉民宿二館,嘉義縣,梅山鄉,民宿,05-2562458,嘉義縣梅山鄉太和村樟樹湖1之3號,平價優質旅宿,1880,業者自報,2200,,,【平價優質旅宿】平日雙人房售價：1880,23.517042,120.698173,開放資料,,,,https://www.taiwanstay.net.tw/TSA/web_page/TSA020200.jsp?hohi_id=7833
613,瑞里印象民宿,嘉義縣,梅山鄉,民宿,05-2501629,嘉義縣梅山鄉瑞里村幼葉林98號,平價優質旅宿,2200,業者自報,2000,,,【平價優質旅宿】平日雙人房售價：2200,23.540101,120.666165,開放資料,,,http://www.reylee-impress.com.tw/,https://www.taiwanstay.net.tw/TSA/web_page/TSA020200.jsp?hohi_id=19122
614,瑞里渡假村歐湘園飯店,嘉義縣,梅山鄉,旅館,05-2501222,嘉義縣梅山鄉瑞里村幼葉林103號,平價優質旅宿,2000,業者自報,2600,,,【平價優質旅宿】平日雙人房售價：2000,23.540019,120.665969,開放資料,,,http://www.o-sun-win.com.tw,https://www.taiwanstay.net.tw/TSA/web_page/TSA020200.jsp?hohi_id=4440
615,翔億樓民宿,嘉義縣,梅山鄉,民宿,05-2571536,嘉義縣梅山鄉太興村10鄰橫山6號之2,平價優質旅宿,2000,業者自報,3000,,,【平價優質旅宿】平日雙人房售價：2000,23.550659,120.627346,開放資料,,,,https://www.taiwanstay.net.tw/TSA/web_page/TSA020200.jsp?hohi_id=30727
616,芳宴雅居茶香民宿,嘉義縣,梅山鄉,民宿,0928347077-,嘉義縣梅山鄉太興村10鄰橫山6號之20,平價優質旅宿,2000,業者自報,3000,,,【平價優質旅宿】平日雙人房售價：2000,23.550463,120.627343,開放資料,,,,https://www.taiwanstay.net.tw/TSA/web_page/TSA020200.jsp?hohi_id=30728
617,賴坤陽的家民宿,嘉義縣,梅山鄉,民宿,05-2501578,嘉義縣梅山鄉瑞峰村新興寮22-1號,平價優質旅宿,3200,業者自報,3400,,,【平價優質旅宿】平日雙人房售價：3200 (含早晚餐),23.553347,120.6703,開放資料,,,http://www.laihome.idv.tw,https://www.taiwanstay.net.tw/TSA/web_page/TSA020200.jsp?hohi_id=14421
618,阿本的家民宿,嘉義縣,梅山鄉,民宿,05-2501333,嘉義縣梅山鄉瑞里村幼葉林105號,平價優質旅宿,1500,業者自報,2000,1500,,【平價優質旅宿】平日雙人房售價：1500,23.539429,120.664301,開放資料,,,https://abun.okgo.tw/,https://www.taiwanstay.net.tw/TSA/web_page/TSA020200.jsp?hohi_id=21793
619,青葉山莊,嘉義縣,梅山鄉,旅館,05-2501031,嘉義縣梅山鄉瑞里村幼葉林10號,平價優質旅宿,1920,業者自報,3200,,,【平價優質旅宿】平日雙人房售價：1920,23.543722,120.682965,開放資料,,,http://www.ching-ye.tw/,https://www.taiwanstay.net.tw/TSA/web_page/TSA020200.jsp?hohi_id=446
620,鴻朋啡茶站民宿,嘉義縣,梅山鄉,民宿,0963246967-,嘉義縣梅山鄉太興村橫山8之5號,平價優質旅宿,2538,業者自報,8000,,,【平價優質旅宿】平日雙人房售價：2538,23.54711,120.62627,開放資料,,,,https://www.taiwanstay.net.tw/TSA/web_page/TSA020200.jsp?hohi_id=31708
621,鷺露茶居民宿,嘉義縣,梅山鄉,民宿,097211132905-2571872,嘉義縣梅山鄉太興村7鄰溪頭28之1號,平價優質旅宿,2800,業者自報,4400,,,【平價優質旅宿】平日雙人房售價：2800,23.549584,120.634829,開放資料,,,,https://www.taiwanstay.net.tw/TSA/web_page/TSA020200.jsp?hohi_id=1166
622,YOHO輕旅民宿,嘉義縣,民雄鄉,民宿,0923560607-,嘉義縣民雄鄉東興村葉子寮25之10號,國旅補助優惠方案,,,9000,,2026-12-31,"【國旅補助優惠方案】平日入住優惠再打8折,續住2晚再優惠$2000元,並贈送下午茶點心",23.562817,120.498252,開放資料,4.9,61,,https://www.taiwanstay.net.tw/TSA/web_page/TSA020200.jsp?hohi_id=36088
623,嘉義富野渡假酒店,嘉義縣,民雄鄉,旅館,05-2721688,"嘉義縣民雄鄉三興村7鄰升學一街3、5、7、9、11,13,15,17,19,21,23,25及27號",平價優質旅宿,2600,業者自報,6000,,,【平價優質旅宿】平日雙人房售價：2600,23.558559,120.469358,開放資料,,,http://www.hoyaresort.com.tw,https://www.taiwanstay.net.tw/TSA/web_page/TSA020200.jsp?hohi_id=7067
624,森林寓民宿,嘉義縣,民雄鄉,民宿,0937691985-,嘉義縣民雄鄉三興村8鄰南華路二段78號,國旅補助優惠方案,,,600,,2026-12-31,【國旅補助優惠方案】0,23.569156,120.473328,開放資料,4.8,521,,https://www.taiwanstay.net.tw/TSA/web_page/TSA020200.jsp?hohi_id=33687
625,湯野精品旅館（民雄館）,嘉義縣,民雄鄉,旅館,05-2261122,嘉義縣民雄鄉建國路一段20號,國旅補助優惠方案,,,8880,,2026-12-31,"【國旅補助優惠方案】國旅補助皆可與現場優惠活動(生日優惠.會員.夜貓活動擇一使用,各活動皆以現場公布活動細節為主.)配合,歡迎來電05-2261122洽詢~~~",23.555175,120.434317,開放資料,,,http://www.ty-motel.com.tw,https://www.taiwanstay.net.tw/TSA/web_page/TSA020200.jsp?hohi_id=13775
626,禾楓覓月文旅,嘉義縣,民雄鄉,旅館,05-2065666,嘉義縣民雄鄉西安村進興街89號,平價優質旅宿,2380,業者自報,9800,,,【平價優質旅宿】平日雙人房售價：2380,23.555095,120.427912,開放資料,,,http://www.hfmyhotel.com.tw/zh-tw,https://www.taiwanstay.net.tw/TSA/web_page/TSA020200.jsp?hohi_id=34088
627,金桔民宿,嘉義縣,民雄鄉,民宿,0933682881-,嘉義縣民雄鄉三興村2鄰陳厝寮18之14號,平價優質旅宿,1600,業者自報,3000,,,【平價優質旅宿】平日雙人房售價：1600（不供早餐）,23.549206,120.477388,開放資料,,,,https://www.taiwanstay.net.tw/TSA/web_page/TSA020200.jsp?hohi_id=23361
628,捌之捌民宿,嘉義縣,水上鄉,民宿,0923680093-,嘉義縣水上鄉南和村後寮8之8號,國旅補助優惠方案,,,6000,,2026-12-31,【國旅補助優惠方案】本民宿共有3間雙人房，若同行12歲以下兒童需加床，第1位免費，第2位及第3位各150元，歡迎攜帶小朋友來嘉義!,23.410476,120.35514,開放資料,4.8,6,,https://www.taiwanstay.net.tw/TSA/web_page/TSA020200.jsp?hohi_id=37137
629,觀機文旅民宿,嘉義縣,水上鄉,民宿,0916033222-,嘉義縣水上鄉粗溪村14鄰巷口71之2號,國旅補助優惠方案,,,8800,,2026-12-31,【國旅補助優惠方案】9～11月平日週日至四入住（國定假日除外）當月壽星生日專屬小禮免費延至12：00退房烤肉設備免費使用,23.441818,120.391342,開放資料,4.9,112,https://www.facebook.com/profile.php?id=61557405939327&mibextid=LQQJ4d,https://www.taiwanstay.net.tw/TSA/web_page/TSA020200.jsp?hohi_id=36106
630,田心仔民宿,嘉義縣,溪口鄉,民宿,0989424849-,嘉義縣溪口鄉林腳村14鄰田心仔18號,國旅補助優惠方案,,,3000,,2026-12-31,【國旅補助優惠方案】115年國旅平日住宿獎助＋生日券+TaiwanPASS住宿抵用券,23.597905,120.369608,開放資料,4.9,102,,https://www.taiwanstay.net.tw/TSA/web_page/TSA020200.jsp?hohi_id=35439
631,53旅人館民宿,嘉義縣,番路鄉,民宿,05-2586400,嘉義縣番路鄉公田村5鄰隙頂(臨)77號,平價優質旅宿,1800,業者自報,4800,,,【平價優質旅宿】平日雙人房售價：1800,23.418957,120.652243,開放資料,,,,https://www.taiwanstay.net.tw/TSA/web_page/TSA020200.jsp?hohi_id=2353
632,仁義湖岸大酒店,嘉義縣,番路鄉,旅館,05-2769388,嘉義縣番路鄉內甕村後坑仔35號,平價優質旅宿,2480,業者自報,5200,,,【平價優質旅宿】平日雙人房售價：2480,23.456052,120.503957,開放資料,,,http://www.renyilakehotel.com.tw/,https://www.taiwanstay.net.tw/TSA/web_page/TSA020200.jsp?hohi_id=9086
633,仲明居陶藝坊民宿,嘉義縣,番路鄉,民宿,0956001772-,嘉義縣番路鄉公興村1鄰龍美19-1號,平價優質旅宿,2800,業者自報,3200,,,【平價優質旅宿】平日雙人房售價：2800(早餐+夜間導覽),23.402711,120.649222,開放資料,,,,https://www.taiwanstay.net.tw/TSA/web_page/TSA020200.jsp?hohi_id=14104
634,天晴民宿,嘉義縣,番路鄉,民宿,05-2586068,嘉義縣番路鄉公興村1鄰龍美5號,平價優質旅宿,1800,業者自報,2500,,,【平價優質旅宿】平日雙人房售價：1800,23.402975,120.64928,開放資料,,,,https://www.taiwanstay.net.tw/TSA/web_page/TSA020200.jsp?hohi_id=19226
635,旅居文旅嘉義館,嘉義縣,番路鄉,旅館,05-2590888,嘉義縣番路鄉下坑村下坑42-3號,平價優質旅宿,2300,業者自報,9500,,,【平價優質旅宿】平日雙人房售價：2300,23.471004,120.536834,開放資料,,,https://chiayi.hubhotel.com.tw/,https://www.taiwanstay.net.tw/TSA/web_page/TSA020200.jsp?hohi_id=4835
636,璦勒芬莊園民宿,嘉義縣,番路鄉,民宿,0920249108-,嘉義縣番路鄉公田村隙頂7號,國旅補助優惠方案,,,14800,,2026-12-31,【國旅補助優惠方案】璦勒芬莊園民宿入住生日專案：入住當日及退房日壽星贈送紅酒乙支小禮品一份。透過電話或官方Line訂房:可享房價9折續住可再享85折,23.42985,120.662773,開放資料,4.9,102,,https://www.taiwanstay.net.tw/TSA/web_page/TSA020200.jsp?hohi_id=38372
637,當歸民宿,嘉義縣,番路鄉,民宿,05-2586841,嘉義縣番路鄉公田村龍頭路18-4號,國旅補助優惠方案,,,4000,,2026-12-31,【國旅補助優惠方案】平日優惠價滿3000折300、滿4000折400⋯以此類推當日壽星入住招待精緻下午茶手工餅乾乙份,23.450215,120.667559,開放資料,4.2,298,,https://www.taiwanstay.net.tw/TSA/web_page/TSA020200.jsp?hohi_id=9142
638,童年松花民宿,嘉義縣,番路鄉,民宿,05-2590536,嘉義縣番路鄉下坑村下坑45之18號,國旅補助優惠方案,,,8000,,2026-12-31,"【國旅補助優惠方案】115年國旅平日住宿獎助＋生日券業者自提優惠方案可漫步花園、生態園區，欣賞自然景觀與知名國際畫家陳明順、陳柏任油畫藝術作品，享受山林中的悠閒時光。無論是環島、阿里山行或嘉義山區之旅.提供安心停車空間，童年松花民宿在童年渡假村的民宿是您休憩放鬆的理想選擇，讓您安心來住宿度假住宿,讓您能留下美好的回憶。",23.472201,120.535971,開放資料,3.7,1285,,https://www.taiwanstay.net.tw/TSA/web_page/TSA020200.jsp?hohi_id=5527
639,童年銀河民宿,嘉義縣,番路鄉,民宿,05-2590536,嘉義縣番路鄉下坑村下坑45之23號,平價優質旅宿,2000,業者自報,4000,,,【平價優質旅宿】平日雙人房售價：2000,23.472048,120.536211,開放資料,,,,https://www.taiwanstay.net.tw/TSA/web_page/TSA020200.jsp?hohi_id=19674
640,艾米民宿,嘉義縣,番路鄉,民宿,0939619520-,嘉義縣番路鄉公興村1鄰龍美1之1號,平價優質旅宿,2800,業者自報,4000,,,【平價優質旅宿】平日雙人房售價：2800,23.403584,120.652993,開放資料,,,,https://www.taiwanstay.net.tw/TSA/web_page/TSA020200.jsp?hohi_id=28280
641,茶米屋民宿,嘉義縣,番路鄉,民宿,05-2586117,嘉義縣番路鄉公田村隙頂42之2號,平價優質旅宿,2980,業者自報,2780,,,【平價優質旅宿】平日雙人房售價：2980,23.415078,120.650977,開放資料,,,http://davidshouse.xyz,https://www.taiwanstay.net.tw/TSA/web_page/TSA020200.jsp?hohi_id=11262
642,金廣民宿,嘉義縣,番路鄉,民宿,05-2586798,嘉義縣番路鄉公興村1鄰龍美(臨)9號之1,平價優質旅宿,2500,業者自報,5600,,,【平價優質旅宿】平日雙人房售價：2500,23.401728,120.654843,開放資料,,,,https://www.taiwanstay.net.tw/TSA/web_page/TSA020200.jsp?hohi_id=15682
643,阿里阿里茶香民居民宿,嘉義縣,番路鄉,民宿,0911373200-,嘉義縣番路鄉公田村3鄰隙頂14-3號,平價優質旅宿,3000,業者自報,4200,,,【平價優質旅宿】平日雙人房售價：3000,23.424739,120.655375,開放資料,,,http://www.aliali.com.tw/,https://www.taiwanstay.net.tw/TSA/web_page/TSA020200.jsp?hohi_id=16400
644,出水茶旅民宿,嘉義縣,竹崎鄉,民宿,0971000478-,嘉義縣竹崎鄉竹崎村15鄰民生路41之1號,平價優質旅宿,1200,業者自報,2500,1200,,【平價優質旅宿】平日雙人房售價：1200(不含早餐),23.519563,120.547839,開放資料,,,https://www.facebook.com/teahomestay/,https://www.taiwanstay.net.tw/TSA/web_page/TSA020200.jsp?hohi_id=29013
645,宣信民宿,嘉義縣,竹崎鄉,民宿,0953364089-,嘉義縣竹崎鄉中和村20鄰石棹24號,平價優質旅宿,2100,業者自報,7000,,,【平價優質旅宿】平日雙人房售價：2100（不供早餐）,23.47803,120.69493,開放資料,,,,https://www.taiwanstay.net.tw/TSA/web_page/TSA020200.jsp?hohi_id=30270
646,山嵐小築民宿,嘉義縣,竹崎鄉,民宿,0977085588-,嘉義縣竹崎鄉中和村奮起湖113號,平價優質旅宿,3200,業者自報,3600,,,【平價優質旅宿】平日雙人房售價：3200,23.504904,120.694683,開放資料,,,http://shanlan.ego.tw/index.html,https://www.taiwanstay.net.tw/TSA/web_page/TSA020200.jsp?hohi_id=15897
647,徐徐民宿,嘉義縣,竹崎鄉,民宿,0928391778-,嘉義縣竹崎鄉義仁村8鄰竹民路321號,國旅補助優惠方案,,,5888,,2026-12-31,【國旅補助優惠方案】115年國旅平日住宿獎助＋生日券業者優惠方案,23.50772,120.50841,開放資料,5,312,https://www.facebook.com/profile.php?id=100067421823740,https://www.taiwanstay.net.tw/TSA/web_page/TSA020200.jsp?hohi_id=31088
648,波希瓦舍民宿,嘉義縣,竹崎鄉,民宿,098877192305-2616923,嘉義縣竹崎鄉竹崎村18鄰中山路6巷3-1號,國旅補助優惠方案、平價優質旅宿,2000,業者自報,3400,,2026-12-31,"【國旅補助優惠方案】贈送【個人保溫瓶提袋】

【平價優質旅宿】平日雙人房售價：2000",23.525185,120.551401,開放資料,4.8,48,,https://www.taiwanstay.net.tw/TSA/web_page/TSA020200.jsp?hohi_id=15965
649,畔山民宿,嘉義縣,竹崎鄉,民宿,0975828602-,嘉義縣竹崎鄉中和村18鄰石棹2之2號,平價優質旅宿,3000,業者自報,3000,,,【平價優質旅宿】平日雙人房售價：3000,23.4826,120.701234,開放資料,,,https://site.traiwan.com/Panshan/index.html,https://www.taiwanstay.net.tw/TSA/web_page/TSA020200.jsp?hohi_id=30781
650,綠野仙蹤民宿,嘉義縣,竹崎鄉,民宿,0910857168-,嘉義縣竹崎鄉光華村2鄰22號之1,平價優質旅宿,1800,業者自報,3000,,,【平價優質旅宿】平日雙人房售價：1800,23.478709,120.674222,開放資料,,,,https://www.taiwanstay.net.tw/TSA/web_page/TSA020200.jsp?hohi_id=31137
651,翠堤民宿,嘉義縣,竹崎鄉,民宿,05-2561667,嘉義縣竹崎鄉中和村石棹2-5號,平價優質旅宿,2050,業者自報,3800,,,【平價優質旅宿】平日雙人房售價：2050,23.482672,120.701594,開放資料,,,,https://www.taiwanstay.net.tw/TSA/web_page/TSA020200.jsp?hohi_id=16014
652,茗謝光臨民宿,嘉義縣,竹崎鄉,民宿,0931822931-,嘉義縣竹崎鄉義仁村双寬潭33號,國旅補助優惠方案、平價優質旅宿,2640,業者自報,16800,,2026-12-31,"【國旅補助優惠方案】茗謝光臨包棟獨棟民宿位在於嘉義縣竹崎鄉義仁村，進入嘉義市只要8分鐘的車程，歡迎平日入住，入住客人可以享受觀光局的住宿優惠活動之外，每間房間還贈送精美禮物一個!!歡迎入住嘉義獨棟的茗謝光臨包棟民宿~~~

【平價優質旅宿】平日雙人房售價：2640",23.500539,120.518811,開放資料,5,293,,https://www.taiwanstay.net.tw/TSA/web_page/TSA020200.jsp?hohi_id=33971
653,茶日民宿,嘉義縣,竹崎鄉,民宿,0911307136-,嘉義縣竹崎鄉中和村20鄰石棹24-1號,平價優質旅宿,2800,業者自報,5200,,,【平價優質旅宿】平日雙人房售價：2800,23.47801,120.69504,開放資料,,,,https://www.taiwanstay.net.tw/TSA/web_page/TSA020200.jsp?hohi_id=30271
654,行滿民宿,嘉義縣,竹崎鄉,民宿,0987376233-,嘉義縣竹崎鄉復金村東復興6號之1,國旅補助優惠方案、平價優質旅宿,1300,業者自報,5000,,2026-11-30,"【國旅補助優惠方案】行滿挺國旅 平日揪來包棟（日到四）
贈
樂齡長輩友善 帶著阿公阿嫲 加碼甕仔雞乙隻
親子友善 團康育樂 食農好食 農家採果 通通來找豆滾

【平價優質旅宿】平日雙人房售價：1300",23.536396,120.562225,開放資料,5,548,https://www.facebook.com/goodtrip61/?locale=zh_TW,https://www.taiwanstay.net.tw/TSA/web_page/TSA020200.jsp?hohi_id=28296
655,遇見57民宿,嘉義縣,竹崎鄉,民宿,0958206236-,嘉義縣竹崎鄉竹崎村中山路57號,平價優質旅宿,1800,業者自報,2300,,,【平價優質旅宿】平日雙人房售價：1800(不含早餐),23.523364,120.551204,開放資料,,,,https://www.taiwanstay.net.tw/TSA/web_page/TSA020200.jsp?hohi_id=26993
656,郵系空間民宿,嘉義縣,竹崎鄉,民宿,0966556935-,嘉義縣竹崎鄉和平村田寮63號,平價優質旅宿,1500,業者自報,2500,1500,,【平價優質旅宿】平日雙人房售價：1500,23.516477,120.548248,開放資料,,,,https://www.taiwanstay.net.tw/TSA/web_page/TSA020200.jsp?hohi_id=32445
657,香林薇拉民宿,嘉義縣,竹崎鄉,民宿,05-2616923,嘉義縣竹崎鄉竹崎村中山路6巷1號,國旅補助優惠方案、平價優質旅宿,2000,業者自報,3400,,2026-12-31,"【國旅補助優惠方案】贈送【個人水壺保溫提袋】

【平價優質旅宿】平日雙人房售價：2000",23.524954,120.551369,開放資料,4.8,530,,https://www.taiwanstay.net.tw/TSA/web_page/TSA020200.jsp?hohi_id=3777
658,慕噶納娜民宿,嘉義縣,阿里山鄉,民宿,05-2561035,嘉義縣阿里山鄉樂野村2鄰樂野57之1號,平價優質旅宿,3300,業者自報,8000,,,【平價優質旅宿】平日雙人房售價：3300,23.467911,120.713438,開放資料,,,,https://www.taiwanstay.net.tw/TSA/web_page/TSA020200.jsp?hohi_id=11626
659,正記製茶所民宿,嘉義縣,阿里山鄉,民宿,05-2561552,嘉義縣阿里山鄉樂野村1鄰樂野1號,平價優質旅宿,1600,業者自報,4000,,,【平價優質旅宿】平日雙人房售價：1600(無早餐),23.471653,120.705896,開放資料,,,,https://www.taiwanstay.net.tw/TSA/web_page/TSA020200.jsp?hohi_id=1978
660,白紫茶香居民宿,嘉義縣,阿里山鄉,民宿,05-2511265,嘉義縣阿里山鄉達邦村2鄰達邦35號,平價優質旅宿,2500,業者自報,3600,,,【平價優質旅宿】平日雙人房售價：2500(不含早餐),23.454772,120.748931,開放資料,,,,https://www.taiwanstay.net.tw/TSA/web_page/TSA020200.jsp?hohi_id=26403
661,芙蓉製茶民宿,嘉義縣,阿里山鄉,民宿,05-2561395,嘉義縣阿里山鄉樂野村1鄰樂野2之3號,平價優質旅宿,2000,業者自報,3000,,,【平價優質旅宿】平日雙人房售價：2000,23.471572,120.705736,開放資料,,,,https://www.taiwanstay.net.tw/TSA/web_page/TSA020200.jsp?hohi_id=16896
662,萬國別舘,嘉義縣,阿里山鄉,旅館,05-2679777,嘉義縣阿里山鄉中正村東阿里山45號,平價優質旅宿,2000,業者自報,4200,,,【平價優質旅宿】平日雙人房售價：2000,23.511924,120.803463,開放資料,,,https://www.wankouhotel.com.tw/,https://www.taiwanstay.net.tw/TSA/web_page/TSA020200.jsp?hohi_id=11652
663,嘉義泊岸居民宿,嘉義縣,鹿草鄉,民宿,093392456705-3752326,嘉義縣鹿草鄉鹿草村14鄰鹿環東路101巷68號,平價優質旅宿,2100,業者自報,2500,,,【平價優質旅宿】平日雙人房售價：2100,23.413274,120.315257,開放資料,,,,https://www.taiwanstay.net.tw/TSA/web_page/TSA020200.jsp?hohi_id=13381
664,欖人生態民宿,臺南市,七股區,民宿,06-7880138,臺南市七股區十份里13鄰十份74號之10,國旅補助優惠方案,,,6800,,2026-12-31,【國旅補助優惠方案】民宿位於61快速道路最南端欖人生態民宿，每年有國際級保育類黑面琵鷺渡冬，且有豐富的生態。凡預約成功者即享免費生態體驗。,23.096951,120.091278,開放資料,4.9,1847,,https://www.taiwanstay.net.tw/TSA/web_page/TSA020200.jsp?hohi_id=1675
665,一府民宿,臺南市,中西區,民宿,0980158826,臺南市中西區國華街二段75號,國旅補助優惠方案,,,6000,,2026-12-31,【國旅補助優惠方案】平日入住（週日~週四），第二晚起每晚優惠200元、當月壽星再優惠200元,22.989816,120.196428,開放資料,4.7,33,,https://www.taiwanstay.net.tw/TSA/web_page/TSA020200.jsp?hohi_id=26864
666,享居,臺南市,中西區,民宿,0929636758-,臺南市中西區西門路二段307巷30號,國旅補助優惠方案,,,8888,,2026-12-31,【國旅補助優惠方案】僅依照115年國旅平日住宿獎助+生日卷實施，不合併享居其他優惠折扣。,22.997243,120.199015,開放資料,4.9,39,,https://www.taiwanstay.net.tw/TSA/web_page/TSA020200.jsp?hohi_id=28154
667,六宿樲館,臺南市,中西區,民宿,0919768515-,臺南市中西區衛民街106號之30,國旅補助優惠方案,,,4000,,2026-12-31,【國旅補助優惠方案】本民宿僅提供包棟服務最多可入住10位喔^^,22.993255,120.208663,開放資料,4.7,19,https://www.facebook.com/liuxu2020,https://www.taiwanstay.net.tw/TSA/web_page/TSA020200.jsp?hohi_id=35369
668,劍橋大飯店,臺南市,中西區,旅館,06-2202255,臺南市中西區民族路二段271號5-11樓,國旅補助優惠方案,,,6000,,2026-12-31,【國旅補助優惠方案】「劍橋帶路美食名店呷乎飽」專案」即贈阿蓮牛肉湯，民族鍋燒意麵，落成米糕套餐或時尚小保温瓶四選一。平日：豪華單床房$2199(一大床)假日：$3199(阿蓮牛肉湯，民族鍋燒意麵，落成米糕套餐或時尚小保温瓶四選一)*2平日：豪華雙床房$2299(二小床)假日：$3299(阿蓮牛肉湯，民族鍋燒意麵，落成米糕套餐或時尚小保温瓶四選一)*2平日：豪華三人房$3299(一大一小床)假日：$4299(阿蓮牛肉湯，民族鍋燒意麵，落成米糕套餐或時尚小保温瓶四選一)*3平日：豪華四人房$3799(二大床)假日：$4799(阿蓮牛肉湯，民族鍋燒意麵，落成米糕套餐或時尚小保温瓶四選一)*4,22.996326,120.203812,開放資料,,,,https://www.taiwanstay.net.tw/TSA/web_page/TSA020200.jsp?hohi_id=13358
669,可吉家,臺南市,中西區,民宿,0916065369,臺南市中西區青年路137巷55號,國旅補助優惠方案,,,3000,800、1200,,"【國旅補助優惠方案】平日住宿第一晚補助800元，連住第二晚加碼1,200元",22.992553,120.208436,開放資料,4.9,105,,https://www.taiwanstay.net.tw/TSA/web_page/TSA020200.jsp?hohi_id=30192
670,台南過小路,臺南市,中西區,民宿,0961579887,臺南市中西區大德街8號,國旅補助優惠方案,,,4800,800、1200,2026-12-31,"【國旅補助優惠方案】補助＋優惠最高可同享，連住三晚最划算！除了政府旅遊補助：第一晚補助800元•第二晚補助1,200元，再加碼！連續入住三晚，第三晚房價享75折優惠。把時間留給台南，讓旅行更從容、更值得。",22.990019,120.195875,開放資料,4.9,218,https://www.facebook.com/Throughapath,https://www.taiwanstay.net.tw/TSA/web_page/TSA020200.jsp?hohi_id=26953
671,吳居吾宿,臺南市,中西區,民宿,0930479959-,臺南市中西區普濟街45號,國旅補助優惠方案,,,2400,,2026-12-31,【國旅補助優惠方案】僅依照115國旅平日住宿獎助+生日券辦理,22.997937,120.19898,開放資料,,,,https://www.taiwanstay.net.tw/TSA/web_page/TSA020200.jsp?hohi_id=1382
672,和逸 台南西門館,臺南市,中西區,旅館,06-7026699,臺南市中西區西門路一段658之2號4-13樓,國旅補助優惠方案,,,18000,,2026-12-31,【國旅補助優惠方案】第一波：生日入住驚喜加碼 •活動期間：8/17～9/13•活動內容：完成預訂9/1～9/30入住「生日有你」壽星住房專案，獲得抽獎資格乙次(每筆訂單享一次抽獎機會)•抽獎獎項：雙週抽出「免費客房生日佈置」乙式(最高價值$3000，限本次入住使用)第二波：平日入住放電加碼•活動期間：9/1～9/30•活動內容：【AMAZZINGCLUB會員限定】9月平日(周日~週四)官網預定入住「逸起享樂」住房專案，贈「放電TOGO套餐」乙份(價值$499)(每房每晚贈送乙份，各房型皆送乙份)•活動備註：1.限AMC會員2.官網訂房限定•領取方式：完成辦理入住後，16:00前至餐廳櫃台報房號領取,22.987257,120.197747,開放資料,,,https://cozzi.cathayhotel.com.tw/cozzi/ximen,https://www.taiwanstay.net.tw/TSA/web_page/TSA020200.jsp?hohi_id=10633
673,大立大飯店,臺南市,中西區,旅館,06-2220171,臺南市中西區中成路6號2-8樓,國旅補助優惠方案,,,8200,,2026-12-31,【國旅補助優惠方案】訂房方式：•限電話或傳訊訂房，不可使用訂房網站,22.996221,120.205097,開放資料,4.3,1160,,https://www.taiwanstay.net.tw/TSA/web_page/TSA020200.jsp?hohi_id=14755
674,太子行旅,臺南市,中西區,旅館,06-2289171,臺南市中西區友愛街349號(2-5樓)、康樂街82號(1樓門廳及接待處),國旅補助優惠方案,,,8800,,2026-12-31,【國旅補助優惠方案】凡參加115年平日住宿獎助活動並入住本館之旅客，於活動期間再次入住本館，可享有窗房型平日房價9折優惠。團體訂房、連續假期及特殊節日不適用，且不得與其他優惠專案併用。優惠內容依本館公告為準。,22.99229,120.194554,開放資料,4.7,9787,,https://www.taiwanstay.net.tw/TSA/web_page/TSA020200.jsp?hohi_id=5826
675,府前紅樓,臺南市,中西區,民宿,0903322372,臺南市中西區府前路一段122巷12號之1,國旅補助優惠方案,,,7200,800、1200、1500,2026-12-31,"【國旅補助優惠方案】每房每晚依實際住宿房價，平日住宿優惠每人折抵金額如下：第一晚最多折抵新臺幣800元、第二晚最多折抵新臺幣1,200元生日獎勵折抵金額：每房每晚依實際住宿房價最多折抵新臺幣1,200元，每人限使用一晚，每房每晚限折抵一次；得與平日住宿獎助併用。獎助僅能折抵於住宿費：折抵金額以每房每晚實際住宿房價為上限，不得超過實際支付房價。例如：(1)房價700元，使用第一晚平日住宿獎助，僅能折抵700元。(2)房價1,500元，同時使用平日住宿獎助及生日券，最多折抵1,500元",22.989329,120.208093,開放資料,5,40,,https://www.taiwanstay.net.tw/TSA/web_page/TSA020200.jsp?hohi_id=32044
676,想來就來,臺南市,中西區,民宿,0909052178,臺南市中西區大智街29巷17號,國旅補助優惠方案,,,3000,800、1200,2026-12-31,【國旅補助優惠方案】平日住宿優惠:第1晚補助$800，連住第2晚加碼$1200生日住宿金：當月壽星抽籤可獲$1200TaiwanPASS住宿抵用券,22.991693,120.194073,開放資料,3.6,28,,https://www.taiwanstay.net.tw/TSA/web_page/TSA020200.jsp?hohi_id=27313
677,捷喬商務旅館,臺南市,中西區,旅館,06-2295107,臺南市中西區尊王路158號1樓及156號2樓、6樓至8樓,國旅補助優惠方案,,,1980,,2026-12-31,【國旅補助優惠方案】《專案日期》115年9月1日起至115年11月30日止1.依房型人數提供自助式早餐。2.大廳全天候提供免費現磨咖啡與精緻小點心。3.免費提供腳踏車租借使用。4.大廳專屬禮賓服務，提供在地旅遊與交通諮詢5.預訂雙人房，每日限量升等豪華雙人客房（依現場房況而定）,22.992277,120.193334,開放資料,3.8,1179,,https://www.taiwanstay.net.tw/TSA/web_page/TSA020200.jsp?hohi_id=3246
678,星夜神農,臺南市,中西區,民宿,0921197543-,臺南市中西區民權里金華路四段82號,國旅補助優惠方案,,,3000,,2026-12-31,【國旅補助優惠方案】完成訂房並加入官方LINE「@ya081」後，可參加本民宿專屬優惠活動，例如延後退房等，實際內容依當日房況及活動公告為準。,22.998142,120.194985,開放資料,4.1,33,,https://www.taiwanstay.net.tw/TSA/web_page/TSA020200.jsp?hohi_id=4426
679,有空常來,臺南市,中西區,民宿,0909052178-,臺南市中西區宮後街13號,國旅補助優惠方案,,,6000,800、1200,2026-12-31,【國旅補助優惠方案】平日住宿優惠:第1晚補助$800，連住第2晚加碼$1200生日住宿金：當月壽星抽籤可獲$1200TaiwanPASS住宿抵用券,22.997095,120.199072,開放資料,4.2,69,,https://www.taiwanstay.net.tw/TSA/web_page/TSA020200.jsp?hohi_id=25738
680,森林鹿紅茶民宿,臺南市,中西區,民宿,0909777008,臺南市中西區金華路四段28號,國旅補助優惠方案,,,7900,,2026-12-31,【國旅補助優惠方案】115年國旅平日住宿獎助+生日券業者優惠方案,22.996929,120.194277,開放資料,4.9,464,,https://www.taiwanstay.net.tw/TSA/web_page/TSA020200.jsp?hohi_id=22017
681,湧福驛站,臺南市,中西區,民宿,0956167168,臺南市中西區大福街36巷5號,國旅補助優惠方案,,,4200,800、1200,2026-12-31,【國旅補助優惠方案】平日入住宿補助周日至周四住宿第一晚補助800元若連住第二晚再補1200元,22.999187,120.194006,開放資料,,,,https://www.taiwanstay.net.tw/TSA/web_page/TSA020200.jsp?hohi_id=11067
682,漫居,臺南市,中西區,民宿,0931092673-,臺南市中西區大埔街32號,國旅補助優惠方案,,,5800,,2026-12-31,【國旅補助優惠方案】經由LINE(@591clwvw)、FB或電話預訂者，享每晚優惠折扣$100~$300,22.987035,120.20944,開放資料,4.8,43,,https://www.taiwanstay.net.tw/TSA/web_page/TSA020200.jsp?hohi_id=37455
683,福憩背包客棧,臺南市,中西區,民宿,06-2211167,臺南市中西區和平街91號,國旅補助優惠方案,,,2400,,2026-12-31,【國旅補助優惠方案】「福憩國旅補助2+2連住方案」–歡迎旅客深度遊台南，詳情請洽福憩官網www.fuqihostel.com說明,22.992283,120.198871,開放資料,4.5,944,,https://www.taiwanstay.net.tw/TSA/web_page/TSA020200.jsp?hohi_id=2095
684,築樂窩,臺南市,中西區,民宿,0966683569-,臺南市中西區府前里友愛街261號,國旅補助優惠方案,,,4380,,2026-12-31,【國旅補助優惠方案】於活動期間至本民宿官網或來電訂房皆可享有九折優惠再折抵國旅補助,22.991923,120.196418,開放資料,4.3,126,https://site.traiwan.com/fairytalehouse/index.php,https://www.taiwanstay.net.tw/TSA/web_page/TSA020200.jsp?hohi_id=27315
685,耀西文旅新美館,臺南市,中西區,旅館,06-2211308,"臺南市中西區新美街21號2-5樓,23號1-4樓",國旅補助優惠方案,,,10000,,2026-12-31,"【國旅補助優惠方案】依115年國旅平日住宿獎助＋生日券優惠比照辦理網址如下:https://www.chictrip.com.tw/blog/country/taiwan/tainan-hotel-subsidy第一重：平日住宿優惠方案一：享「住1晚送1晚」優惠。方案一：5月～6月方案二：享「連住3晚第3晚免費」。方案二：5月～10月第二重：LINE點數折抵1.加入官方LINE即得500點。2.前往三大園區消費，每園區可再獲得200點，最高加碼600點(1點＝1元)。3.最高累計1,100點可折抵平日住宿費。5月～6月第三重：入住登錄抽獎1.入住台南合法旅宿，並登錄發票或收據。2.即可參加總價值超過百萬元的抽獎活動，首獎為星級飯店「吃到飽或住到飽」優惠。5月～10月2026台南旅遊補助開跑！住一晚送一晚再折1,100元，申請資格/步驟一次看|去趣chicTrip-AI行程規劃、日本旅遊優惠券、eSIM上網一站搞定2026台南旅遊補助登場！彙整「住宿臺南－好康三重送」優惠：平",22.99474,120.200192,開放資料,4.5,332,,https://www.taiwanstay.net.tw/TSA/web_page/TSA020200.jsp?hohi_id=4462
686,芷築民宿,臺南市,中西區,民宿,0986806736-,臺南市中西區信義街46巷2號,國旅補助優惠方案,,,9980,,2026-12-31,【國旅補助優惠方案】115年國旅平日住宿獎助＋生日券業者優惠方案,22.999877,120.196103,開放資料,4.8,176,,https://www.taiwanstay.net.tw/TSA/web_page/TSA020200.jsp?hohi_id=38032
687,英王旅館,臺南市,中西區,旅館,06-2263151,臺南市中西區忠義路二段233巷26號,國旅補助優惠方案,,,4980,,2026-12-31,【國旅補助優惠方案】訂房方式：•限電話或傳訊訂房，不可使用訂房網站,22.997849,120.204019,開放資料,,,,https://www.taiwanstay.net.tw/TSA/web_page/TSA020200.jsp?hohi_id=10606
688,荷米輕別館,臺南市,中西區,民宿,0905051562-,臺南市中西區府前路一段122巷6號,國旅補助優惠方案,,,14000,,2026-12-31,【國旅補助優惠方案】荷米旅宿｜115年國旅平日住宿與生日券加碼方案歡迎來到荷米！為響應交通部觀光署國旅獎助活動，我們承諾房價公開透明，絕不變相加價，確保每位旅客享有最實惠、最安心的旅遊體驗。本次配合「平日住宿」與「生日券」獎助，荷米特別推出加碼優惠：平日饗樂：凡於平日使用國旅獎助入住，除現場即時折抵住宿費外，每房加碼贈送「享延遲退房30分鐘」（視當日房況而定）。壽星專屬：當月或當日壽星持生日券入住，除享有國旅生日卷優惠外，另特別準備「荷米獨家生日祝賀禮」乙份，讓您的里程碑假期更加完美！寵物專屬：攜帶毛孩入住特定房型，即優惠1隻毛孩清潔費，讓您和毛孩的里程碑假期更加完美！(預訂前須提前告知以利安排房型)荷米已準備好舒適的空間與最熱情的服務，嚴格遵守個資法與各項核銷規範，期待與您一同創造美好的旅行回憶。此國旅配合僅以荷米官網或官方line下單(無搭配BOOKING/AGODA/及其他任何網路平台預定),22.989223,120.208169,開放資料,4.9,160,https://easyhousepro.wixsite.com/my-site,https://www.taiwanstay.net.tw/TSA/web_page/TSA020200.jsp?hohi_id=26017
689,荷米輕新館,臺南市,中西區,民宿,0905051562-,臺南市中西區建業街39號之2,國旅補助優惠方案,,,18000,,2026-12-31,【國旅補助優惠方案】荷米旅宿｜115年國旅平日住宿與生日券加碼方案歡迎來到荷米！為響應交通部觀光署國旅獎助活動，我們承諾房價公開透明，絕不變相加價，確保每位旅客享有最實惠、最安心的旅遊體驗。本次配合「平日住宿」與「生日券」獎助，荷米特別推出加碼優惠：平日饗樂：凡於平日使用國旅獎助入住，除現場即時折抵住宿費外，每房加碼贈送「享延遲退房30分鐘」（視當日房況而定）。壽星專屬：當月或當日壽星持生日券入住，除享有國旅生日卷優惠外，另特別準備「荷米獨家生日祝賀禮」乙份，讓您的里程碑假期更加完美！寵物專屬：攜帶毛孩入住特定房型，即優惠1隻毛孩清潔費，讓您和毛孩的里程碑假期更加完美！(預訂前須提前告知以利安排房型)荷米已準備好舒適的空間與最熱情的服務，嚴格遵守個資法與各項核銷規範，期待與您一同創造美好的旅行回憶。此國旅配合僅以荷米官網或官方line下單(無搭配BOOKING/AGODA/及其他任何網路平台預定),22.987771,120.2052,開放資料,4.9,195,https://easyhousepro.wixsite.com/my-site,https://www.taiwanstay.net.tw/TSA/web_page/TSA020200.jsp?hohi_id=32627
690,荷米輕洋樓,臺南市,中西區,民宿,0905051562-,臺南市中西區新美街160號,國旅補助優惠方案,,,6200,,2026-12-31,【國旅補助優惠方案】荷米旅宿｜115年國旅平日住宿與生日券加碼方案歡迎來到荷米！為響應交通部觀光署國旅獎助活動，我們承諾房價公開透明，絕不變相加價，確保每位旅客享有最實惠、最安心的旅遊體驗。本次配合「平日住宿」與「生日券」獎助，荷米特別推出加碼優惠：平日饗樂：凡於平日使用國旅獎助入住，除現場即時折抵住宿費外，每房加碼贈送「享延遲退房30分鐘」（視當日房況而定）。壽星專屬：當月或當日壽星持生日券入住，除享有國旅生日卷優惠外，另特別準備「荷米獨家生日祝賀禮」乙份，讓您的里程碑假期更加完美！寵物專屬：攜帶毛孩入住特定房型，即優惠1隻毛孩清潔費，讓您和毛孩的里程碑假期更加完美！(預訂前須提前告知以利安排房型)荷米已準備好舒適的空間與最熱情的服務，嚴格遵守個資法與各項核銷規範，期待與您一同創造美好的旅行回憶。此國旅配合僅以荷米官網或官方line下單(無搭配BOOKING/AGODA/及其他任何網路平台預定),22.997517,120.201224,開放資料,4.8,283,https://easyhousepro.wixsite.com/my-site,https://www.taiwanstay.net.tw/TSA/web_page/TSA020200.jsp?hohi_id=39287
691,裏島,臺南市,中西區,民宿,0912113567-,臺南市中西區大同路一段46巷24號,國旅補助優惠方案,,,5500,800、1200,,"【國旅補助優惠方案】平日住宿第一晚補助800元，連住第二晚加碼1,200元",22.987855,120.210953,開放資料,4.6,13,,https://www.taiwanstay.net.tw/TSA/web_page/TSA020200.jsp?hohi_id=35280
692,西文旅,臺南市,中西區,旅館,06-2211308,臺南市中西區新美街15號,國旅補助優惠方案,,,20000,,2026-12-31,"【國旅補助優惠方案】依115年國旅平日住宿獎助＋生日券優惠比照辦理網址如下:https://www.chictrip.com.tw/blog/country/taiwan/tainan-hotel-subsidy第一重：平日住宿優惠方案一：享「住1晚送1晚」優惠。方案一：5月～6月方案二：享「連住3晚第3晚免費」。方案二：5月～10月第二重：LINE點數折抵1.加入官方LINE即得500點。2.前往三大園區消費，每園區可再獲得200點，最高加碼600點(1點＝1元)。3.最高累計1,100點可折抵平日住宿費。5月～6月第三重：入住登錄抽獎1.入住台南合法旅宿，並登錄發票或收據。2.即可參加總價值超過百萬元的抽獎活動，首獎為星級飯店「吃到飽或住到飽」優惠。5月～10月",22.994616,120.200151,開放資料,4.5,332,,https://www.taiwanstay.net.tw/TSA/web_page/TSA020200.jsp?hohi_id=14703
693,赤樓古巷,臺南市,中西區,民宿,0968377007-,臺南市中西區民族路二段317巷18號,國旅補助優惠方案,,,3000,,2026-12-31,【國旅補助優惠方案】平日(週日~週五)雙人房+機車一晚，原價$1800，優惠價$1350，官方LINE下訂，每日限額，請事先詢問,22.996241,120.20269,開放資料,4.7,670,,https://www.taiwanstay.net.tw/TSA/web_page/TSA020200.jsp?hohi_id=6083
694,路境行旅-台南西門館,臺南市,中西區,旅館,06-2201898,臺南市中西區西門路二段76號,國旅補助優惠方案,,,16880,,2026-12-31,【國旅補助優惠方案】路境行旅-台南西門館旅遊補助專案：使用旅遊補助住宿，預訂指定房型可享加碼優惠,22.992411,120.198446,開放資料,4,703,https://finders-xm.com,https://www.taiwanstay.net.tw/TSA/web_page/TSA020200.jsp?hohi_id=15397
695,輕旅行,臺南市,中西區,民宿,0932771131-,臺南市中西區忠孝街78巷21號,國旅補助優惠方案,,,5000,,2026-12-31,【國旅補助優惠方案】使用政府住宿補助＋生日券入住，即可享有：免費迎賓點心或下午茶，免費導覽地圖，官網訂房再送NT$300折價券（下次使用）。,22.999719,120.197613,開放資料,4.6,7,,https://www.taiwanstay.net.tw/TSA/web_page/TSA020200.jsp?hohi_id=30036
696,道達旅店,臺南市,中西區,旅館,06-2228896,臺南市中西區康樂街169號B1~6樓,國旅補助優惠方案,,,7600,800、1200,2026-12-31,"【國旅補助優惠方案】115年國旅平日住宿獎助＋生日住宿券本優惠僅限道達旅店官方網站及電話訂房適用，透過各大訂房平台（OTA）訂房恕不適用。國旅平日住宿獎助：凡符合交通部觀光署「115年國旅平日住宿獎助」資格之旅客，平日（週日至週四）入住，可依政府規定申請住宿補助，第一晚最高補助800元，連續入住第二晚再加碼補助1,200元，每人最高可享2,000元住宿優惠。生日住宿券：符合政府活動資格且中籤之壽星，可於生日當月使用1,200元生日住宿券，實際使用方式及資格依觀光署公告辦理。注意事項：1.優惠僅適用官網及電話訂房。2.須符合政府活動資格並完成相關登錄程序。3.補助名額及經費有限，額滿即截止。4.入住時請出示身分證明文件並配合政府規定辦理。5.活動內容、補助金額及適用方式如有調整，依交通部觀光署最新公告及道達旅店現場說明為準。",22.994403,120.194656,開放資料,,,http://www.ddhotel169.com,https://www.taiwanstay.net.tw/TSA/web_page/TSA020200.jsp?hohi_id=13079
697,達布旅,臺南市,中西區,民宿,0982978567,臺南市中西區忠明街6號,國旅補助優惠方案,,,5480,,2026-12-31,【國旅補助優惠方案】115年「平日住宿獎助」、「生日券」及「TaiwanPASS住宿抵用券」,22.996149,120.197275,開放資料,4.5,30,,https://www.taiwanstay.net.tw/TSA/web_page/TSA020200.jsp?hohi_id=30687
698,鹹菜巷8號,臺南市,中西區,民宿,0919918089-,臺南市中西區開山路122巷56弄8號,國旅補助優惠方案,,,12000,,2026-12-31,【國旅補助優惠方案】官網訂房連續入住2晚以上總價再九五折優惠,22.989757,120.205866,開放資料,5,130,https://www.pickle8.tw/,https://www.taiwanstay.net.tw/TSA/web_page/TSA020200.jsp?hohi_id=32527
699,國妃鷹堡汽車旅館仁德館,臺南市,仁德區,旅館,06-2793300,臺南市仁德區仁義里49鄰仁義路205號,國旅補助優惠方案,,,10000,,2026-12-31,【國旅補助優惠方案】平日入住以下房型享優惠價商務房型1580元浪漫房型1680元(有單人浴缸)尊貴房型1880元(有雙人按摩浴缸)雅致房型2080元(有雙人按摩浴缸)四人房只要2480元以上均附早餐券、車庫停車,22.968586,120.257396,開放資料,4,466,,https://www.taiwanstay.net.tw/TSA/web_page/TSA020200.jsp?hohi_id=5173
700,富士都商務汽車會館,臺南市,仁德區,旅館,06-2709678,臺南市仁德區文華路三段500號,國旅補助優惠方案,,,6000,,2026-12-31,【國旅補助優惠方案】活動日期:115年9月1日~115年9月30日(週日至週四)現場抽乒乓球，抽中車牌號碼的任一數字，住宿立即折200元※每房限參加一次,22.973528,120.243889,開放資料,4.3,694,,https://www.taiwanstay.net.tw/TSA/web_page/TSA020200.jsp?hohi_id=3680
701,休日行旅,臺南市,北區,旅館,06-2215588,臺南市北區公園路128號1樓、8樓及地下室,國旅補助優惠方案,,,8800,,2026-12-31,【國旅補助優惠方案】【入住升級・好禮加碼】使用國旅平日住宿獎助入住，即享限量免費升級高級雙人房！名額有限，訂完為止，讓您的平日小旅行升級不加價。入住期間完成指定任務（詳細辦法將公告於Instagram社群），即可獲得抽獎資格，有機會抽中iPhone18或新台幣三萬元現金（雙選一）！平日出遊本就划算，現在加碼升等房型、加碼抽大獎，好康雙重享受，快把握機會入住體驗！（升等及贈獎名額有限，依現場房況及活動辦法為準，詳細規則請見社群公告或加入官方LINE詢問）,22.999267,120.207544,開放資料,4.3,107,,https://www.taiwanstay.net.tw/TSA/web_page/TSA020200.jsp?hohi_id=21408
702,六宿,臺南市,北區,民宿,0919768515-,臺南市北區公園北路116巷7-1號,國旅補助優惠方案,,,3600,,2026-12-31,【國旅補助優惠方案】本民宿提供:包棟(可12人入住)、一樓包層(可6人入住)、二樓包層(可6人入住)、四人小天地(可4人入住)、雙人套房以上都可參與活動^^,23.00536,120.209328,開放資料,4.8,81,,https://www.taiwanstay.net.tw/TSA/web_page/TSA020200.jsp?hohi_id=28341
703,小鹿文娛─劇院酒店,臺南市,北區,旅館,090600817006-2258121,臺南市北區成功路46號,國旅補助優惠方案,,,12880,,2026-12-31,【國旅補助優惠方案】劇院酒店台南成功館旅遊補助專案：使用旅遊補助住宿，預訂指定房型可享加碼優惠,22.998031,120.205828,開放資料,4.4,28,http://www.theatre-hotel.com,https://www.taiwanstay.net.tw/TSA/web_page/TSA020200.jsp?hohi_id=5516
704,成功古巷,臺南市,北區,民宿,0952377007-,臺南市北區佑民街14號,國旅補助優惠方案,,,3200,,2026-12-31,【國旅補助優惠方案】平日(週日~週五)雙人房+機車一晚，原價$1800，優惠價$1350，官方LINE下訂，每日限額，請事先詢問,22.998986,120.205831,開放資料,4.8,768,,https://www.taiwanstay.net.tw/TSA/web_page/TSA020200.jsp?hohi_id=31567
705,方迪大旅社,臺南市,北區,旅館,0905809238-,臺南市北區成功路68巷27號1-3樓,國旅補助優惠方案,,,4800,,2026-11-30,【國旅補助優惠方案】115年國旅平日住宿獎助+生日券 業者優惠方案,22.998725,120.206871,開放資料,4,324,https://www.facebook.com/FUNDI-906262006067345/,https://www.taiwanstay.net.tw/TSA/web_page/TSA020200.jsp?hohi_id=21086
706,路徒行旅-台南成大館,臺南市,北區,旅館,06-2201898,臺南市北區前鋒路318號,國旅補助優惠方案,,,16880,,2026-12-31,【國旅補助優惠方案】路徒行旅台南成大分公司旅遊補助專案：使用旅遊補助住宿，預訂指定房型可享加碼優惠,23.004965,120.21565,開放資料,4.2,540,https://chengda.roadershotel.com/,https://www.taiwanstay.net.tw/TSA/web_page/TSA020200.jsp?hohi_id=4164
707,國妃鷹堡汽車旅館,臺南市,南區,旅館,06-2635588,"臺南市南區健康路二段500,502號",國旅補助優惠方案,,,7000,,2026-12-31,【國旅補助優惠方案】平日入住雅典雙人房只要1880伯爵雙人房只要2280凱撒王雙人房只要2580King房型2980四人房2680元起雙人房間間車庫房；四人房附館內停車位均附早餐。,22.982484,120.184768,開放資料,,,,https://www.taiwanstay.net.tw/TSA/web_page/TSA020200.jsp?hohi_id=13560
708,夏都城旅安平館,臺南市,南區,旅館,06-2653099,臺南市南區新建路47號5至9F,國旅補助優惠方案,8000,業者官網,9350,,2026-12-31,【國旅補助優惠方案】*平日住宿獎助、生日券和TaiwanPASS住宿抵用券優惠適用官網訂房。*官網各住宿專案內容及規範，請參考:https://www.tnchateau.com.tw/news/lodging/*各住宿專案旺日、假日和大假日入住需額外收費，2026年平假日定義請參考:https://www.tnchateau.com.tw/news-detail/1032/*其他未盡事宜請依夏都城旅官網公告為主。,22.966845,120.185472,開放資料,4.2,5019,https://www.tnchateau.com.tw/,https://www.taiwanstay.net.tw/TSA/web_page/TSA020200.jsp?hohi_id=2381
709,樂宅17民宿,臺南市,南區,民宿,0988081320,臺南市南區永華路一段79巷17號,平價優質旅宿,3000,業者自報,12000,,,【平價優質旅宿】平日雙人房售價：3000(不含早餐),22.987191,120.195354,開放資料,,,,https://www.taiwanstay.net.tw/TSA/web_page/TSA020200.jsp?hohi_id=30724
710,樂宅1960民宿,臺南市,南區,民宿,0988081320,臺南市南區永華路一段79巷15號,平價優質旅宿,3000,業者自報,12000,,,【平價優質旅宿】平日雙人房售價：3000(不含早餐),22.987192,120.195323,開放資料,,,,https://www.taiwanstay.net.tw/TSA/web_page/TSA020200.jsp?hohi_id=30723
711,沐雲頂國際商旅,臺南市,南區,旅館,06-2687766,臺南市南區大同路二段530號,國旅補助優惠方案,,,16800,,2026-12-31,【國旅補助優惠方案】平日住宿8折優惠持生日卷消費，額外多折100元房費。,22.971872,120.214937,開放資料,3.8,684,,https://www.taiwanstay.net.tw/TSA/web_page/TSA020200.jsp?hohi_id=5658
712,湛湛里煙,臺南市,安南區,旅館,0968066680-,臺南市安南區慈興十街25號,國旅補助優惠方案,,,12000,800、1200,2026-12-31,"【國旅補助優惠方案】湛湛里煙宅度假｜136坪泳池別墅・包棟最高每房折$1200！泳池派對、烤肉、團體歡聚一次滿足！學生揪團、壽星慶生首選專案活動期間內平日（週日至週四，不含國定假日及其連續假期）包棟住宿可享下列優惠：1.平日包棟：115/9/1至11/30第一晚每房折800元，連續二晚每房折1200元。2.生日包棟：115/9/1至12/31使用中獎生日券，每券可折每房1200元，最高每晚折抵6000元。（不限生日當月使用）備註：以上方案不得與本館其他優惠方案併用""",23.077814,120.142644,開放資料,5,1,https://memorable-fish-v8phouj.gamma.site/,https://www.taiwanstay.net.tw/TSA/web_page/TSA020200.jsp?hohi_id=37923
713,上禾居,臺南市,安平區,民宿,0930803301-,臺南市安平區世平一街8巷50號,國旅補助優惠方案,,,4800,,2026-12-31,【國旅補助優惠方案】115年國旅平日住宿獎助＋生日券包棟第二晚半價,22.996195,120.151115,開放資料,4.9,431,https://ab0930803301.wixsite.com/j666,https://www.taiwanstay.net.tw/TSA/web_page/TSA020200.jsp?hohi_id=27183
714,九號光舟民宿,臺南市,安平區,民宿,0915495335-,臺南市安平區州平二街51號,國旅補助優惠方案,,,30000,,2026-12-31,【國旅補助優惠方案】透過官網預定，可享住宿獎助優惠，生日禮可與平日住宿優惠疊加使用,22.996731,120.151286,開放資料,5,425,,https://www.taiwanstay.net.tw/TSA/web_page/TSA020200.jsp?hohi_id=35372
715,九號和和民宿,臺南市,安平區,民宿,098129569706-7035935,臺南市安平區州平二街53號,國旅補助優惠方案,,,16999,800、1200,2026-12-31,"【國旅補助優惠方案】平日住宿優惠：限定週日至週四（非國定假日），第一晚補助$800，若連續入住同一間旅宿第二晚加碼$1,200，每人最高可領$2,000",22.996779,120.151269,開放資料,5,189,,https://www.taiwanstay.net.tw/TSA/web_page/TSA020200.jsp?hohi_id=35928
716,九號碧木嶼,臺南市,安平區,民宿,0915495335-,臺南市安平區世平路9號,國旅補助優惠方案,,,12000,800、1200,2026-12-31,"【國旅補助優惠方案】平日住宿優惠：限定週日至週四（非國定假日），第一晚補助$800，若連續入住同一間旅宿第二晚加碼$1,200，每人最高可領$2,000",22.995375,120.150281,開放資料,4.6,116,,https://www.taiwanstay.net.tw/TSA/web_page/TSA020200.jsp?hohi_id=36585
717,千和居,臺南市,安平區,民宿,0930803301-,臺南市安平區州平二街2之6號,國旅補助優惠方案,,,12000,,2026-12-31,【國旅補助優惠方案】115年國旅平日住宿獎助＋生日券包棟第二晚半價,22.996251,120.151611,開放資料,5,129,https://ab0930803301.wixsite.com/j666,https://www.taiwanstay.net.tw/TSA/web_page/TSA020200.jsp?hohi_id=31176
718,南岸山．綺,臺南市,安平區,民宿,06-3910055,臺南市安平區世平五街10巷35號,國旅補助優惠方案,,,6000,,2026-12-31,【國旅補助優惠方案】南岸山綺民宿優惠方案一、平日住宿優惠優惠內容：*平日（週日至週四）入住，享住宿房價8折優惠。適用期間：*全年適用（國定假日、連續假日及特殊節日不適用）。**注意事項：***本優惠不得與其他住宿優惠或專案合併使用。*民宿保有活動內容調整及最終解釋權。二、壽星專屬優惠優惠內容：*入住當月壽星，加贈專屬生日小禮乙份。適用資格：*入住時須出示本人身分證、健保卡或護照等可證明生日之證件。**注意事項：*****本優惠可與平日住宿8折優惠併用。***每次入住限乙位壽星享有生日贈禮。*民宿保有活動內容調整及最終解釋權。,22.996886,120.148194,開放資料,4.9,189,,https://www.taiwanstay.net.tw/TSA/web_page/TSA020200.jsp?hohi_id=27571
719,吾宅溜滑梯親子民宿,臺南市,安平區,民宿,0906389888-,臺南市安平區慶平路110號,國旅補助優惠方案,,,6000,800、1000、1200,2026-12-31,"【國旅補助優惠方案】住宿與樂園補助方案平日住宿補助：週日至週四入住合法旅宿，連住兩晚最高省$2,000元。第一晚折抵$800元，續住第二晚加碼折抵$1,200元。壽星生日住宿金：每月透過抽籤抽出1,000名當月壽星，獲贈$1,200元住宿金。中籤者若於平日連住兩晚，搭配平日住宿補助，總計現省$3,200元。",22.997437,120.18106,開放資料,4.8,170,,https://www.taiwanstay.net.tw/TSA/web_page/TSA020200.jsp?hohi_id=3588
720,大魚漫步旅店,臺南市,安平區,旅館,0980158826,臺南市安平區平通里27鄰育平八街146號,國旅補助優惠方案,,,6000,,2026-12-31,【國旅補助優惠方案】平日入住（週日~週四），第二晚起每晚優惠200元、當月壽星再優惠200元,22.994433,120.164461,開放資料,4.3,17,,https://www.taiwanstay.net.tw/TSA/web_page/TSA020200.jsp?hohi_id=31282
721,安平作夥憩海邊,臺南市,安平區,民宿,0937017956-,臺南市安平區州平二街38巷22號,國旅補助優惠方案,,,2800,,2026-12-31,【國旅補助優惠方案】環保續住優惠方案：續住不更換毛巾、浴巾、床單、被單、枕頭套，享有第二晚起之房價9折優惠,22.999884,120.150766,開放資料,,,https://taiowan.net,https://www.taiwanstay.net.tw/TSA/web_page/TSA020200.jsp?hohi_id=10264
722,我小時候,臺南市,安平區,旅館,0912530968,臺南市安平區金城里12鄰世平路7號,國旅補助優惠方案,,,1500,,2026-12-31,【國旅補助優惠方案】風格雙人房平日原價2180/晚，平日優惠價第一晚1650，第二晚1450。趣味雙人房平日原價2480/晚，平日優惠價第一晚1750，第二晚1550。有意思雙人房平日原價2650/晚，平日優惠價第一晚1900，第二晚1700。歡樂四人房平日原價3988/晚，平日優惠價第一晚3000，第二晚2800。以上續住房型，需連兩晚同一間房，無更換備品。無合併其他優惠使用生日卷折價100當月，需出示證件,22.995251,120.150477,開放資料,4.7,412,http://wikidhostel.com,https://www.taiwanstay.net.tw/TSA/web_page/TSA020200.jsp?hohi_id=2292
723,樹屋文旅,臺南市,安平區,旅館,06-2989566,臺南市安平區建平里永華五街20號1至4樓,國旅補助優惠方案,,,7000,,2026-12-31,【國旅補助優惠方案】當月壽星專屬禮遇-當月壽星來店即可獲得精美小禮物乙份！加碼好禮-追蹤樹屋文旅IG，並於第一則貼文留言，即可再獲得幸運轉盤乙次，有機會把更多驚喜帶回家！,22.990812,120.179569,開放資料,4.9,2165,,https://www.taiwanstay.net.tw/TSA/web_page/TSA020200.jsp?hohi_id=16502
724,民宿記,臺南市,安平區,民宿,0938881081-,臺南市安平區國勝路125巷18弄13號,國旅補助優惠方案,,,10000,,2026-12-31,【國旅補助優惠方案】平日住宿獎助」、「生日券」及「TaiwanPASS住宿抵用券,23.002163,120.159635,開放資料,4.4,9,https://lin.ee/nWp1yGT,https://www.taiwanstay.net.tw/TSA/web_page/TSA020200.jsp?hohi_id=30015
725,河畔暮光,臺南市,安平區,民宿,0909052178-,臺南市安平區安億路112號,國旅補助優惠方案,,,8500,800、1200,2026-12-31,【國旅補助優惠方案】平日住宿優惠:第1晚補助$800，連住第2晚加碼$1200生日住宿金：當月壽星抽籤可獲$1200TaiwanPASS住宿抵用券,22.991337,120.157114,開放資料,4.6,42,,https://www.taiwanstay.net.tw/TSA/web_page/TSA020200.jsp?hohi_id=31412
726,福爾摩沙遊艇酒店,臺南市,安平區,旅館,06-3911313,臺南市安平區安平路988號,國旅補助優惠方案,4020,業者自報,13200,,2026-12-31,【國旅補助優惠方案】專案:享遊安平入住日:即日起~2026/12/31平日雙人房$4020起凡入住即贈美食景點免費憑證*1張 味珍白糖粿(週一店休) 熱富蝦餅 瓦地加芋圓(週一店休),22.99863,120.15497,開放資料,4.6,9187,https://www.formosayacht.com.tw/,https://www.taiwanstay.net.tw/TSA/web_page/TSA020200.jsp?hohi_id=31934
727,維悅酒店,臺南市,安平區,旅館,06-2950888,"臺南市安平區慶平路539號B1,1-5樓",國旅補助優惠方案,,,10000,,2026-12-31,【國旅補助優惠方案】2026/09/01-12/31，平日週日至週四住宿，電話訂房享國旅補助優惠活動，歡迎來電洽詢06-2950888。維悅酒店19週年慶(9/1-9/30)，平日週日至週四入住，身分證對對碰優惠+國旅補助相關優惠，有機會享0元入住唷！,22.996916,120.172834,開放資料,4.1,3198,,https://www.taiwanstay.net.tw/TSA/web_page/TSA020200.jsp?hohi_id=20189
728,胡桃,臺南市,安平區,民宿,0955497335-,臺南市安平區世平五街67號,國旅補助優惠方案,,,10900,800、1200,2026-12-31,"【國旅補助優惠方案】平日住宿優惠：限定週日至週四（非國定假日），第一晚補助$800，若連續入住同一間旅宿第二晚加碼$1,200，每人最高可領$2,000",22.996574,120.149622,開放資料,4.9,348,,https://www.taiwanstay.net.tw/TSA/web_page/TSA020200.jsp?hohi_id=35850
729,臺邦商旅,臺南市,安平區,旅館,06-2931888,臺南市安平區永華二街199號,國旅補助優惠方案,,,9900,,2026-12-31,【國旅補助優惠方案】適用對象:散客活動內容:凡透過電話、官方Line、官方FB及官網預定，皆可使用平日住宿券或生日券,22.988732,120.184353,開放資料,4.6,3082,http://www.taipungsuites.com.tw/main.htm,https://www.taiwanstay.net.tw/TSA/web_page/TSA020200.jsp?hohi_id=21724
730,躲貓貓民宿,臺南市,安平區,民宿,0989508533-,臺南市安平區安平路606巷35弄33號,國旅補助優惠方案,,,3800,,2026-12-31,【國旅補助優惠方案】一間四人房即可包棟享受獨自空間不被打擾,23.000183,120.168712,開放資料,4.8,53,https://twstay.com/RWD1/index.aspx?bnb=hidecats,https://www.taiwanstay.net.tw/TSA/web_page/TSA020200.jsp?hohi_id=28403
731,烏山頭大飯店,臺南市,官田區,旅館,06-6993222,臺南市官田區烏山頭里八田路三段櫻花巷45號,國旅補助優惠方案,,,7200,,2026-12-31,【國旅補助優惠方案】優惠價:雙人房$2800.三人房$3300.四人房$3800,23.207888,120.363387,開放資料,,,,https://www.taiwanstay.net.tw/TSA/web_page/TSA020200.jsp?hohi_id=12058
732,南科驛站,臺南市,新市區,民宿,0909052178-,臺南市新市區三舍里3鄰三舍一街126巷61號,國旅補助優惠方案,,,4000,800、1200,2026-12-31,【國旅補助優惠方案】平日住宿優惠:第1晚補助$800，連住第2晚加碼$1200生日住宿金：當月壽星抽籤可獲$1200TaiwanPASS住宿抵用券,23.090311,120.295154,開放資料,3.4,12,,https://www.taiwanstay.net.tw/TSA/web_page/TSA020200.jsp?hohi_id=34274
733,台南南科戴斯精選酒店,臺南市,新市區,旅館,06-5899111,臺南市新市區中正路406號,國旅補助優惠方案,4500,業者官網,3700,,2026-12-31,"【國旅補助優惠方案】雙人房2,800元、四人房4,380元，依房型附贈早餐(自助式OR套餐式)，請注意!!!使用此優惠發票皆不可開立統編",23.079858,120.29522,開放資料,3.3,484,http://www.sendale.com.tw/tainan/index.php,https://www.taiwanstay.net.tw/TSA/web_page/TSA020200.jsp?hohi_id=2693
734,巨地花園渡假莊園,臺南市,新市區,旅館,06-5990055,臺南市新市區大營里16鄰大營133號1至2樓(A、B棟),國旅補助優惠方案,,,5500,,2026-12-31,【國旅補助優惠方案】平日住宿享雙人房$2400元(原價5000元)家庭四人房$3300元(原價7500元)假日住宿享雙人房$3200元(原價5000元)家庭四人房$4200元(原價7500元)以上(含隔日早餐)之優惠。優惠截止日115/12/31巨地花園渡假莊園地址：台南市新市區大營里133號電話：06-5990055,23.109963,120.310497,開放資料,4.5,994,,https://www.taiwanstay.net.tw/TSA/web_page/TSA020200.jsp?hohi_id=26382
735,歐堡商務汽車旅館,臺南市,新營區,旅館,06-6359577,臺南市新營區長榮路一段41號,國旅補助優惠方案,,,4680,800、1200,2026-12-31,"【國旅補助優惠方案】1.平日住宿獎助-自115年9月1日至115年11月30日止(截止日期可能提前停止)個別旅客於此期間之平日(周日至周四,不含國定假日及連假)連續住宿可折抵第一晚800,第二晚1200房價優惠2.生日卷獎助-自115年9月1日至115年12月31日止,憑觀光署抽中之生日卷可在折抵1200(得與平日住宿獎助併用,唯折抵上限為房價)",23.318885,120.330329,開放資料,4,1038,,https://www.taiwanstay.net.tw/TSA/web_page/TSA020200.jsp?hohi_id=9284
736,添福商務旅館,臺南市,新營區,旅館,06-6324165,臺南市新營區中山路47、51號,國旅補助優惠方案,,,3200,,2026-12-31,【國旅補助優惠方案】1.生日來店住宿禮-生日當天住宿贈送1碗威記原汁排骨湯2.免費提供自行車-逛街好代步3.來店禮-凡住宿本旅館即送香醇美式咖啡,23.30654,120.322098,開放資料,3.6,230,,https://www.taiwanstay.net.tw/TSA/web_page/TSA020200.jsp?hohi_id=4160
737,溫莎堡汽車旅館,臺南市,新營區,旅館,06-6560828,臺南市新營區復興路693巷40號,國旅補助優惠方案,,,4680,,2026-12-31,【國旅補助優惠方案】使用國旅平日住宿獎勵方案＋生日劵入住可免費辦理貴賓卡(享折扣)；不與其他優惠同時並用,23.305961,120.295225,開放資料,4.3,1018,http://www.wsb-motel.com.tw,https://www.taiwanstay.net.tw/TSA/web_page/TSA020200.jsp?hohi_id=5596
738,亞伯大飯店,臺南市,東區,旅館,06-2686911,臺南市東區大同路二段615號3-4樓、617號1-2樓,國旅補助優惠方案,,,4000,,2026-12-31,【國旅補助優惠方案】限雙人無窗房，住2晚0元入住。$2000折補助,22.967773,120.216004,開放資料,3.7,848,,https://www.taiwanstay.net.tw/TSA/web_page/TSA020200.jsp?hohi_id=21183
739,台南老爺行旅,臺南市,東區,旅館,06-2366168,臺南市東區東光里1鄰中華東路一段368號1樓、6樓至10樓,國旅補助優惠方案,,,19800,,2026-12-31,【國旅補助優惠方案】當月壽星於平日入住，每房加贈爺友券2張(價值200元)。同房入住旅客中，凡有壽星即可獲贈乙份，入住時須出示證件，以確認為當月壽星。爺友券可於台南老爺行旅甘粹餐廳、回甘BAR、甘情商號使用，恕不得折抵房費。,22.99022,120.233721,開放資料,4.4,9496,http://www.hotelroyal.com.tw/tainan/,https://www.taiwanstay.net.tw/TSA/web_page/TSA020200.jsp?hohi_id=17303
740,府城商旅,臺南市,東區,旅館,06-2905388,臺南市東區崇學里榮譽街292號,國旅補助優惠方案,,,4200,,2026-12-31,【國旅補助優惠方案】雙人房(限定2人入住)第一晚$400元，續住2晚免費入住,22.977557,120.22179,開放資料,,,,https://www.taiwanstay.net.tw/TSA/web_page/TSA020200.jsp?hohi_id=10444
741,向陽田園居民宿,臺南市,東山區,民宿,095212572806-6801877,臺南市東山區大客里凹仔腳56-7號,國旅補助優惠方案,,,4000,,2026-12-31,【國旅補助優惠方案】使用國旅平日住宿獎助＋生日券住宿者，民宿免費贈送東山咖啡乙杯或享用當季水果。,23.320208,120.417516,開放資料,,,http://0911188694.hoseo.tw/,https://www.taiwanstay.net.tw/TSA/web_page/TSA020200.jsp?hohi_id=10197
742,南元休閒農場湖上渡假村,臺南市,柳營區,旅館,06-6990726,臺南市柳營區果毅里南湖25號,國旅補助優惠方案,,,12000,,,【國旅補助優惠方案】無,23.24039,120.37846,開放資料,3.9,2895,http://www.nanyuanfarm.com.tw/,https://www.taiwanstay.net.tw/TSA/web_page/TSA020200.jsp?hohi_id=4751
743,雀客藏居 台南永康,臺南市,永康區,旅館,06-2538788,臺南市永康區中正北路218號,國旅補助優惠方案,,,13720,,2026-12-31,【國旅補助優惠方案】請輸入115年國旅平日住宿獎助＋生日券業者自提優惠方案,23.041823,120.245172,開放資料,4.4,2445,https://www.checkinn.com.tw/?page_id=1044,https://www.taiwanstay.net.tw/TSA/web_page/TSA020200.jsp?hohi_id=19286
744,千霞園(特色民宿),臺南市,白河區,民宿,098980555806-6842668,臺南市白河區六溪里六重溪123號,國旅補助優惠方案,,,3800,,2026-12-31,【國旅補助優惠方案】平日雙人房住宿2200含早餐平日四人房住宿3200含早餐當日住宿貴賓生日贈送何首烏茶一壺,23.304729,120.474894,開放資料,4.3,489,,https://www.taiwanstay.net.tw/TSA/web_page/TSA020200.jsp?hohi_id=8468
745,71CAFE溫度民宿,高雄市,三民區,民宿,07-3231997,高雄市三民區西安街71號,平價優質旅宿,1880,業者自報,3980,,,【平價優質旅宿】平日雙人房售價：1880,22.641645,120.28816,開放資料,,,,https://www.taiwanstay.net.tw/TSA/web_page/TSA020200.jsp?hohi_id=22736
746,京城大飯店,高雄市,三民區,旅館,07-3119906,高雄市三民區九如二路362號2-15樓,平價優質旅宿,1400,業者自報,7200,,,【平價優質旅宿】平日雙人房售價：1400,22.641389,120.302558,開放資料,,,,https://www.taiwanstay.net.tw/TSA/web_page/TSA020200.jsp?hohi_id=20288
747,國星大飯店,高雄市,三民區,旅館,07-2873101,高雄市三民區同愛街79號2-5樓、81號1-6樓,平價優質旅宿,2210,業者自報,4800,,,【平價優質旅宿】平日雙人房售價：2210,22.637524,120.300561,開放資料,,,,https://www.taiwanstay.net.tw/TSA/web_page/TSA020200.jsp?hohi_id=17201
748,國際星辰旅館,高雄市,三民區,旅館,07-2163535,"高雄市三民區建國三路252之1號1,4-14樓",平價優質旅宿,2000,業者自報,5000,,,【平價優質旅宿】平日雙人房售價：2000,22.635892,120.289403,開放資料,,,http://www.ncznhotel.com.tw/,https://www.taiwanstay.net.tw/TSA/web_page/TSA020200.jsp?hohi_id=13741
749,城市商旅德立莊博愛館,高雄市,三民區,旅館,07-3238777,高雄市三民區博愛一路338號地上1至10樓,平價優質旅宿,1300,業者自報,12600,,,【平價優質旅宿】平日雙人房售價：1300,22.650362,120.303771,開放資料,,,http://www.midtownrichardson.com,https://www.taiwanstay.net.tw/TSA/web_page/TSA020200.jsp?hohi_id=19548
750,塔木德酒店Classic-高雄火車站館,高雄市,三民區,旅館,07-9723788,高雄市三民區安寧街387號,平價優質旅宿,1080,業者自報,7600,,,【平價優質旅宿】平日雙人房售價：1080,22.640232,120.30464,開放資料,,,,https://www.taiwanstay.net.tw/TSA/web_page/TSA020200.jsp?hohi_id=502
751,家和商旅,高雄市,三民區,旅館,07-3215558,高雄市三民區九如二路486之1號,國旅補助優惠方案、平價優質旅宿,1399,業者自報,6600,,2026-11-30,"【國旅補助優惠方案】115年國旅平日住宿獎助＋生日券 業者自提優惠方案

【平價優質旅宿】平日雙人房售價：1399(贈美食折價劵100元)",22.64166,120.298435,開放資料,4,1369,,https://www.taiwanstay.net.tw/TSA/web_page/TSA020200.jsp?hohi_id=21712
752,帕鉑舍旅旅店,高雄市,三民區,旅館,07-3110869,高雄市三民區重慶街1之2、1之3號1~8樓,平價優質旅宿,1609,業者自報,8400,,,【平價優質旅宿】平日雙人房售價：1609,22.640728,120.30171,開放資料,,,,https://www.taiwanstay.net.tw/TSA/web_page/TSA020200.jsp?hohi_id=6239
753,康橋商旅-站東九如館,高雄市,三民區,旅館,07-3153366,高雄市三民區九如二路339號3~11樓,平價優質旅宿,2279,業者自報,7300,,,【平價優質旅宿】平日雙人房售價：2279,22.641006,120.304362,開放資料,,,,https://www.taiwanstay.net.tw/TSA/web_page/TSA020200.jsp?hohi_id=19042
754,康橋商旅-高雄-覺民館,高雄市,三民區,旅館,07-3903377,高雄市三民區覺民路291號,平價優質旅宿,2679,業者自報,6720,,,【平價優質旅宿】平日雙人房售價：2679,22.64002,120.334226,開放資料,,,http://www.kindness-hotel.com.tw/location-kaohsiung-juemin,https://www.taiwanstay.net.tw/TSA/web_page/TSA020200.jsp?hohi_id=7577
755,康橋商旅-高雄站前館,高雄市,三民區,旅館,07-2386677,高雄市三民區建國二路295號1、2、4至11、13樓,平價優質旅宿,2979,業者自報,7540,,,【平價優質旅宿】平日雙人房售價：2979,22.637562,120.302986,開放資料,,,http://www.kindness-hotel.com.tw,https://www.taiwanstay.net.tw/TSA/web_page/TSA020200.jsp?hohi_id=16880
756,弼宸香格里拉旅館,高雄市,三民區,旅館,07-2356007,高雄市三民區建國二路208號1-4樓,平價優質旅宿,1800,業者自報,4800,,,【平價優質旅宿】平日雙人房售價：1800,22.637675,120.306523,開放資料,,,,https://www.taiwanstay.net.tw/TSA/web_page/TSA020200.jsp?hohi_id=10994
757,御宿商旅博愛館,高雄市,三民區,旅館,07-3122622,高雄市三民區博愛一路105號,平價優質旅宿,1600,業者自報,1500,,,【平價優質旅宿】平日雙人房售價：1600,22.644274,120.302685,開放資料,,,,https://www.taiwanstay.net.tw/TSA/web_page/TSA020200.jsp?hohi_id=12604
758,御宿商旅後驛館,高雄市,三民區,旅館,07-3115008,高雄市三民區遼寧一街458號,平價優質旅宿,1400,業者自報,8000,,,【平價優質旅宿】平日雙人房售價：1400,22.642711,120.303325,開放資料,,,,https://www.taiwanstay.net.tw/TSA/web_page/TSA020200.jsp?hohi_id=16838
759,御宿商旅站前館,高雄市,三民區,旅館,07-2378888,高雄市三民區港東里建國二路283號,平價優質旅宿,1600,業者自報,8000,,,【平價優質旅宿】平日雙人房售價：1600,22.637662,120.303299,開放資料,,,,https://www.taiwanstay.net.tw/TSA/web_page/TSA020200.jsp?hohi_id=7319
760,御宿汽車旅館中華館,高雄市,三民區,旅館,07-3110959,高雄市三民區九如三路58號,平價優質旅宿,2800,業者自報,8800,,,【平價優質旅宿】平日雙人房售價：2800,22.642508,120.290124,開放資料,,,https://www.royal-group.com.tw/,https://www.taiwanstay.net.tw/TSA/web_page/TSA020200.jsp?hohi_id=26956
761,御宿汽車旅館民族館,高雄市,三民區,旅館,07-3868988,高雄市三民區堯山街51號1-2樓,平價優質旅宿,2300,業者自報,15000,,,【平價優質旅宿】平日雙人房售價：2300,22.641631,120.316191,開放資料,,,,https://www.taiwanstay.net.tw/TSA/web_page/TSA020200.jsp?hohi_id=2746
762,御宿行旅雄中館,高雄市,三民區,旅館,07-2855550,高雄市三民區建國三路44號2-11樓,平價優質旅宿,1400,業者自報,4000,,,【平價優質旅宿】平日雙人房售價：1400,22.637954,120.300218,開放資料,,,,https://www.taiwanstay.net.tw/TSA/web_page/TSA020200.jsp?hohi_id=12156
763,旅行家商旅,高雄市,三民區,旅館,07-3219966,高雄市三民區河北二路50-7號,平價優質旅宿,1100,業者自報,5000,,,【平價優質旅宿】平日雙人房售價：1100(不含早餐),22.637023,120.299802,開放資料,,,,https://www.taiwanstay.net.tw/TSA/web_page/TSA020200.jsp?hohi_id=12895
764,河堤漫旅自立館,高雄市,三民區,旅館,07-3133131,高雄市三民區自立一路303號,平價優質旅宿,1350,業者自報,8160,,,【平價優質旅宿】平日雙人房售價：1350,22.643927,120.296247,開放資料,,,https://www.riverhotel.com.tw,https://www.taiwanstay.net.tw/TSA/web_page/TSA020200.jsp?hohi_id=1934
765,河堤美學商旅,高雄市,三民區,旅館,07-3119101,高雄市三民區安東街23-1號,平價優質旅宿,1180,業者自報,6300,,,【平價優質旅宿】平日雙人房售價：1180,22.64211,120.29517,開放資料,,,,https://www.taiwanstay.net.tw/TSA/web_page/TSA020200.jsp?hohi_id=10386
766,碧港良居商務站前館,高雄市,三民區,旅館,07-3220366,高雄市三民區安寧街437號2、4至7樓,平價優質旅宿,2923,業者自報,9800,,,【平價優質旅宿】平日雙人房售價：2923,22.640281,120.303803,開放資料,,,http://www.watermarkhotel.com.tw,https://www.taiwanstay.net.tw/TSA/web_page/TSA020200.jsp?hohi_id=19239
767,西子灣大飯店-站前館,高雄市,三民區,旅館,07-2364567,高雄市三民區建國二路241號,平價優質旅宿,1360,業者自報,4950,,,【平價優質旅宿】平日雙人房售價：1360,22.637326,120.304724,開放資料,,,,https://www.taiwanstay.net.tw/TSA/web_page/TSA020200.jsp?hohi_id=21031
768,西悠巢旅高雄車站館,高雄市,三民區,旅館,07-3219999,高雄市三民區安寧街454號3-9樓,平價優質旅宿,1550,業者自報,6000,,,【平價優質旅宿】平日雙人房售價：1550(不含早餐),22.640596,120.301694,開放資料,,,https://www.cuhotel.com.tw/Kaohsiung,https://www.taiwanstay.net.tw/TSA/web_page/TSA020200.jsp?hohi_id=28370
769,金堡旅店,高雄市,三民區,旅館,07-2356677,高雄市三民區港東里南華路224號1-6樓,平價優質旅宿,1100,業者自報,5000,,,【平價優質旅宿】平日雙人房售價：1100,22.636908,120.303275,開放資料,,,,https://www.taiwanstay.net.tw/TSA/web_page/TSA020200.jsp?hohi_id=5317
770,金獅湖大酒店,高雄市,三民區,旅館,07-3458866,高雄市三民區金鼎路88號及118號,平價優質旅宿,2700,業者自報,6500,,,【平價優質旅宿】平日雙人房售價：2700,22.663058,120.328097,開放資料,,,,https://www.taiwanstay.net.tw/TSA/web_page/TSA020200.jsp?hohi_id=24144
771,頭等艙飯店─站前館,高雄市,三民區,旅館,07-2853888,高雄市三民區建國三路33號,平價優質旅宿,1600,業者自報,5000,,,【平價優質旅宿】平日雙人房售價：1600,22.637673,120.29913,開放資料,,,http://www.airlineinn.com,https://www.taiwanstay.net.tw/TSA/web_page/TSA020200.jsp?hohi_id=21895
772,高雄信宗大飯店,高雄市,三民區,旅館,092999292707-9738666,高雄市三民區建國三路487號,平價優質旅宿,2200,業者自報,8500,,,【平價優質旅宿】平日雙人房售價：2200,22.635592,120.289497,開放資料,,,https://www.ahotel.tw/,https://www.taiwanstay.net.tw/TSA/web_page/TSA020200.jsp?hohi_id=18950
773,媚力泊旅館,高雄市,仁武區,旅館,07-3713188,高雄市仁武區仁雄路451號,平價優質旅宿,2280,業者自報,5080,,,【平價優質旅宿】平日雙人房售價：2280,22.67397,120.334862,開放資料,,,https://www.menippegroup.com/?srsltid=AfmBOorX6kQKCa9uFImWKHvCOhgvSRTbY2cSSCRGWQ9UIdVWnVKPPDSd,https://www.taiwanstay.net.tw/TSA/web_page/TSA020200.jsp?hohi_id=26698
774,竹亮山莊,高雄市,內門區,民宿,07-6673963,高雄市內門區竹戈寮8之3號,平價優質旅宿,2200,業者自報,3600,,,【平價優質旅宿】平日雙人房售價：2200,22.895123,120.451173,開放資料,,,,https://www.taiwanstay.net.tw/TSA/web_page/TSA020200.jsp?hohi_id=1104
775,妞妞與夢卡溫泉民宿,高雄市,六龜區,民宿,07-6881725,高雄市六龜區寶來里中正路16號,平價優質旅宿,2600,業者自報,5000,,,【平價優質旅宿】平日雙人房售價：2600,23.107805,120.698413,開放資料,,,,https://www.taiwanstay.net.tw/TSA/web_page/TSA020200.jsp?hohi_id=6846
776,山水炎民宿,高雄市,六龜區,民宿,07-6895257,高雄市六龜區中興里尾庄55之2號,平價優質旅宿,1500,業者自報,1800,1500,,【平價優質旅宿】平日雙人房售價：1500,22.980834,120.648452,開放資料,,,,https://www.taiwanstay.net.tw/TSA/web_page/TSA020200.jsp?hohi_id=15789
777,日景園,高雄市,六龜區,民宿,07-6891317,高雄市六龜區文武里光明巷37-1號,平價優質旅宿,1000,業者自報,2000,1000,,【平價優質旅宿】平日雙人房售價：1000,22.984008,120.637027,開放資料,,,,https://www.taiwanstay.net.tw/TSA/web_page/TSA020200.jsp?hohi_id=15443
778,松柏林民宿,高雄市,六龜區,民宿,07-6891010,高雄市六龜區興龍里3鄰土壟37-8號,國旅補助優惠方案,,,5980,,2026-12-31,【國旅補助優惠方案】115年國旅平日住宿獎助＋生日券:當日住宿打九拆、第二晚打五拆,23.005419,120.657059,開放資料,3.3,316,,https://www.taiwanstay.net.tw/TSA/web_page/TSA020200.jsp?hohi_id=16116
779,梅礦民宿,高雄市,六龜區,民宿,07-6883330,高雄市六龜區寶來里竹林路65-31號,平價優質旅宿,2400,業者自報,6000,,,【平價優質旅宿】平日雙人房售價：2400,23.10289,120.729264,開放資料,,,,https://www.taiwanstay.net.tw/TSA/web_page/TSA020200.jsp?hohi_id=7423
780,道時尚悠然山莊,高雄市,六龜區,民宿,07-6791003,高雄市六龜區新發里和平路130-5號,國旅補助優惠方案,,,1200,,2026-12-31,【國旅補助優惠方案】國旅優惠進行中！ 軍、警、消、護理及醫事人員專屬優惠入住享： 會員優惠價格 免費招待土雞蛋早餐 溫馨舒適住宿環境請於入住時出示相關服務證件即可。因為有您們的付出，讓更多人安心生活。現在，換我們用最真誠的服務，歡迎您回來好好渡假休息。 歡迎來電洽詢或立即預約住宿！0937397777,23.034704,120.662653,開放資料,4.2,947,,https://www.taiwanstay.net.tw/TSA/web_page/TSA020200.jsp?hohi_id=4520
781,兆舍行旅,高雄市,前金區,旅館,07-2411745,高雄市前金區七賢二路378號,國旅補助優惠方案,,,6000,800、1000、1200,2026-12-31,"【國旅補助優惠方案】生日專案補助: 政府補助1200元，可折抵房費1200元。
平日補助預訂，飯店加碼每晚200元，直接折抵房費。
兩天一夜：政府補助800元＋飯店加碼200元，可折抵房費1000元
三天二夜：政府補助800元＋政府補助1200元＋飯店加碼400元，可折抵房費2400元。
上述各項補助專案，依照政府規範可合併使用，但飯店加碼擇一使用。",22.631282,120.289494,開放資料,4.2,2661,,https://www.taiwanstay.net.tw/TSA/web_page/TSA020200.jsp?hohi_id=10871
782,喜迎旅店,高雄市,前金區,旅館,07-2312333,高雄市前金區六合二路161號,平價優質旅宿,3240,業者自報,9200,,,【平價優質旅宿】平日雙人房售價：3240(不含早餐),22.630511,120.294802,開放資料,,,http://greetinn.com.tw,https://www.taiwanstay.net.tw/TSA/web_page/TSA020200.jsp?hohi_id=16428
783,塔木德酒店Classic-高雄愛河館,高雄市,前金區,旅館,07-2013456,高雄市前金區大同二路23號,平價優質旅宿,2000,業者自報,7500,,,【平價優質旅宿】平日雙人房售價：2000,22.627004,120.295504,開放資料,,,,https://www.taiwanstay.net.tw/TSA/web_page/TSA020200.jsp?hohi_id=5763
784,天藝商旅,高雄市,前金區,旅館,07-2869008,高雄市前金區六合二路149號1樓 147號3至11樓,平價優質旅宿,798,業者自報,1500,,,【平價優質旅宿】平日雙人房售價：798,22.63089,120.295571,開放資料,,,https://www.skyonehoteltw.com/,https://www.taiwanstay.net.tw/TSA/web_page/TSA020200.jsp?hohi_id=5421
785,好地方飯店六合館,高雄市,前金區,旅館,07-2162330,高雄市前金區七賢二路207號,平價優質旅宿,945,業者自報,8800,,,【平價優質旅宿】平日雙人房售價：945,22.632302,120.293748,開放資料,,,,https://www.taiwanstay.net.tw/TSA/web_page/TSA020200.jsp?hohi_id=8422
786,富驛時尚酒店,高雄市,前金區,旅館,07-9708777,高雄市前金區中華三路81號,平價優質旅宿,2300,業者自報,7200,,,【平價優質旅宿】平日雙人房售價：2300(不含早餐),22.627747,120.296323,開放資料,,,https://www.furama.com/fx/kaohsiung?lang=zh-TW,https://www.taiwanstay.net.tw/TSA/web_page/TSA020200.jsp?hohi_id=19402
787,康橋商旅-六合夜市中正館,高雄市,前金區,旅館,07-2881166,高雄市前金區中正四路112號2-8樓,平價優質旅宿,2579,業者自報,8640,,,【平價優質旅宿】平日雙人房售價：2579,22.630332,120.297999,開放資料,,,,https://www.taiwanstay.net.tw/TSA/web_page/TSA020200.jsp?hohi_id=15268
788,康橋商旅-城市之星-漢神館,高雄市,前金區,旅館,07-2815566,高雄市前金區中華四路290號,平價優質旅宿,2699,業者自報,7788,,,【平價優質旅宿】平日雙人房售價：2699,22.619947,120.299764,開放資料,,,,https://www.taiwanstay.net.tw/TSA/web_page/TSA020200.jsp?hohi_id=20459
789,康瀚行旅,高雄市,前金區,旅館,07-2112151,高雄市前金區七賢二路195號1至8樓,平價優質旅宿,1022,業者自報,5000,,,【平價優質旅宿】平日雙人房售價：1022,22.632597,120.294427,開放資料,,,,https://www.taiwanstay.net.tw/TSA/web_page/TSA020200.jsp?hohi_id=11660
790,獅子王商務旅館,高雄市,前金區,旅館,07-2159599,高雄市前金區允文街65號,平價優質旅宿,3080,業者自報,6300,,,【平價優質旅宿】平日雙人房售價：3080,22.61907,120.294706,開放資料,,,,https://www.taiwanstay.net.tw/TSA/web_page/TSA020200.jsp?hohi_id=18531
791,癮室,高雄市,前金區,旅館,07-2886888,高雄市前金區六合二路128號,平價優質旅宿,2800,業者自報,5400,,,【平價優質旅宿】平日雙人房售價：2800,22.631191,120.296342,開放資料,,,https://inns.ezhotel.com.tw/,https://www.taiwanstay.net.tw/TSA/web_page/TSA020200.jsp?hohi_id=21357
792,福容徠旅 高雄,高雄市,前金區,旅館,07-2156688,高雄市前金區永恆街3號6至14樓,國旅補助優惠方案、平價優質旅宿,3099,業者自報,15400,800、1200,2026-12-31,"【國旅補助優惠方案】「生日補助」使用生日補助預訂「年度專案（徠旅假期)」，飯店加碼400元。※兩天一夜：政府補助1200元＋飯店加碼400元，最高可折抵房費1600元。「平日補助」使用平日補助預訂「年度專案（徠旅假期)」，飯店加碼第一晚400元，續住第二晚600元，可直接折抵房費。※兩天一夜：政府補助800元＋飯店加碼400元，最高可折抵房費1200元※三天二夜：政府補助800元＋政府補助1200元＋飯店加碼400元＋飯店加碼600元，最高可折抵房費3000元。上述旅遊補助及生日補助，依照政府規範可合併使用，惟飯店加碼擇一使用。

【平價優質旅宿】平日雙人房售價：3099",22.629755,120.294534,開放資料,4.5,1119,https://www.fullon-hotels.com.tw/fullon-poshtels/kh/tw/,https://www.taiwanstay.net.tw/TSA/web_page/TSA020200.jsp?hohi_id=33622
793,酷旅樹屋旅店,高雄市,前金區,旅館,07-2878800,高雄市前金區六合二路132號3至5樓,平價優質旅宿,1580,業者自報,5500,,,【平價優質旅宿】平日雙人房售價：1580,22.631094,120.296066,開放資料,,,http://www.designhotels.com.tw,https://www.taiwanstay.net.tw/TSA/web_page/TSA020200.jsp?hohi_id=6009
794,鈞怡大飯店,高雄市,前金區,旅館,07-2821888,高雄市前金區河東路10號,平價優質旅宿,3105,業者自報,14700,,,【平價優質旅宿】平日雙人房售價：3105,22.622156,120.291109,開放資料,,,,https://www.taiwanstay.net.tw/TSA/web_page/TSA020200.jsp?hohi_id=261
795,麗馨麗登精品商旅七賢館,高雄市,前金區,旅館,07-2219911,高雄市前金區市中一路229號1、3~8樓,平價優質旅宿,3080,業者自報,9500,,,【平價優質旅宿】平日雙人房售價：3080,22.630767,120.289213,開放資料,,,,https://www.taiwanstay.net.tw/TSA/web_page/TSA020200.jsp?hohi_id=10715
796,三多大飯店,高雄市,前鎮區,旅館,07-3323210,高雄市前鎮區三多三路107號,平價優質旅宿,1088,業者自報,4760,,,【平價優質旅宿】平日雙人房售價：1088,22.616031,120.311172,開放資料,,,,https://www.taiwanstay.net.tw/TSA/web_page/TSA020200.jsp?hohi_id=18200
797,和逸‧高雄中山館,高雄市,前鎮區,旅館,07-9756699,高雄市前鎮區中山二路260號22-29樓,國旅補助優惠方案,,,13000,,2026-12-31,"【國旅補助優惠方案】專案內文-微醺慢旅慢活假期訂房期間-2026/05/12-11/30住宿期間2026/05/12-11/30平日(週日-週四)活動詳情含自助式早餐(依照訂購房型/雙人房含兩客；四人房含四客)須連住兩晚以上、限平日(週日-四)入住享優惠享「延後退房至12:00」、贈「療癒泡澡入浴劑」贈「水果風味啤酒」**和逸飯店‧高雄中山館提醒您：未滿十八歲禁止飲酒，酒後不開車、安全有保障。贈「精選小點心四入組」贈「TGFACTOR®臉部保養體驗組(款式隨機)」佈置優惠：加價NT$1,100，享「生日慶生經典客房佈置」**加購佈置僅接受電話預訂，需於入住14天前來電登記，限量承接餐飲優惠：加價NT$1,100，享「餐廳指定半自助套餐兩客(任選NT$680以下主餐附自助吧)」**餐點依季節調整，以現場為主和逸客房(一大床/兩小床)NT$4,300起景隅客房NT$4,675起和逸客房(兩大床)NT$5,275起實際房價及內容以網頁顯示或飯店查詢為準(專案贈禮依房型贈送，實品款式依現場為主，一大床/兩小床贈兩組，兩大床至多贈四組，依訂單提供乙次。)",22.613217,120.305071,開放資料,,,https://cozzi.cathayhotel.com.tw/cozzi/zhongshan,https://www.taiwanstay.net.tw/TSA/web_page/TSA020200.jsp?hohi_id=10381
798,旅悅國際青年旅館,高雄市,前鎮區,旅館,0975928000-,高雄市前鎮區三多三路211號3樓及4樓,平價優質旅宿,1000,業者自報,3000,1000,,【平價優質旅宿】平日雙人房售價：1000,22.614619,120.307044,開放資料,,,https://book-directonline.com/properties/DreamWellHosteldirect,https://www.taiwanstay.net.tw/TSA/web_page/TSA020200.jsp?hohi_id=28255
799,美麗四季精品旅館,高雄市,前鎮區,旅館,07-7527699,高雄市前鎮區一心一路203巷26號,平價優質旅宿,2800,業者自報,4680,,,【平價優質旅宿】平日雙人房售價：2800,22.607256,120.31814,開放資料,,,,https://www.taiwanstay.net.tw/TSA/web_page/TSA020200.jsp?hohi_id=19373
800,華園大飯店草衙館,高雄市,前鎮區,旅館,07-7916707,高雄市前鎮區中安路1號,平價優質旅宿,3099,業者自報,8000,,,【平價優質旅宿】平日雙人房售價：3099,22.582489,120.33109,開放資料,,,https://tp.hotelhg.com.tw/,https://www.taiwanstay.net.tw/TSA/web_page/TSA020200.jsp?hohi_id=13716
801,藍色海岸賓館,高雄市,前鎮區,旅館,07-3383501,高雄市前鎮區廣西路398號,國旅補助優惠方案、平價優質旅宿,1457,業者自報,6240,,2026-12-31,"【國旅補助優惠方案】國旅平日住宿獎勵及生日券活動僅供電話訂房使用。

活動期間：2026年09月01 日至 2026 年 11月 30 日(平日住宿券)
 2026年09月01 日至 2026 年 12月 31 日(生日券)
 
適用日期：限 平日（週日至週四） 入住，連續假日除外。

【平價優質旅宿】平日雙人房售價：1457",22.615077,120.311024,開放資料,4.1,692,,https://www.taiwanstay.net.tw/TSA/web_page/TSA020200.jsp?hohi_id=2768
802,高雄富野渡假酒店,高雄市,前鎮區,旅館,07-8215299,高雄市前鎮區瑞田街99號,國旅補助優惠方案、平價優質旅宿,2099,業者自報,11880,1200,2026-12-31,"【國旅補助優惠方案】平日住宿獎助+生日券優惠專案如下：1.三天兩夜深度小旅行豪華雙床房NT$5,099元/房/2人/2日早餐每日贈送2位150cm(不含)以下兒童早餐。每房最多入住4位含兒童加人加價，第3、4位成人入住，每人加價NT$1,200元含2日早餐2.曬暖陽不含早二人平日入住豪華雙床房NT$2,199元兩位入住，另再贈送兩位同行者一同入住(含小孩)每房最多入住4位含兒童

【平價優質旅宿】平日雙人房售價：2099",22.598249,120.320509,開放資料,4.3,3345,http://www.hoyaresort.com.tw,https://www.taiwanstay.net.tw/TSA/web_page/TSA020200.jsp?hohi_id=15769
803,花鄉旅館大寮店,高雄市,大寮區,旅館,07-7813752,高雄市大寮區翁園里光明路三段397號,國旅補助優惠方案,,,8500,,2026-12-31,【國旅補助優惠方案】平日住宿以現場價95折,22.622276,120.411948,開放資料,3.3,306,,https://www.taiwanstay.net.tw/TSA/web_page/TSA020200.jsp?hohi_id=17784
804,香堤精品旅館,高雄市,大寮區,旅館,07-7026606,高雄市大寮區中庄里仁愛路52號,平價優質旅宿,2180,業者自報,3860,,,【平價優質旅宿】平日雙人房售價：2180,22.636241,120.394905,開放資料,,,,https://www.taiwanstay.net.tw/TSA/web_page/TSA020200.jsp?hohi_id=18452
805,明山莊,高雄市,大樹區,民宿,095571177807-6562268,高雄市大樹區三和里三和路120-1號,平價優質旅宿,2810,業者自報,5800,,,【平價優質旅宿】平日雙人房售價：2810,22.725716,120.426654,開放資料,,,,https://www.taiwanstay.net.tw/TSA/web_page/TSA020200.jsp?hohi_id=10798
806,義大天悅飯店,高雄市,大樹區,旅館,07-6568010,高雄市大樹區義大八街100號,平價優質旅宿,3080,業者自報,2750,,,【平價優質旅宿】平日雙人房售價：3080,22.730615,120.401191,開放資料,,,http://www.edaskylark.com.tw,https://www.taiwanstay.net.tw/TSA/web_page/TSA020200.jsp?hohi_id=17816
807,橙屋商旅,高雄市,小港區,旅館,07-8012266,高雄市小港區大業北路300號,平價優質旅宿,1480,業者自報,3480,,,【平價優質旅宿】平日雙人房售價：1480,22.563437,120.348139,開放資料,,,http://www.ohouse296.com.tw/about.php,https://www.taiwanstay.net.tw/TSA/web_page/TSA020200.jsp?hohi_id=26208
808,河堤國際商旅,高雄市,小港區,旅館,07-8038881,高雄市小港區宏平路447號5-12樓,國旅補助優惠方案、平價優質旅宿,1800,業者自報,5800,,2026-12-31,"【國旅補助優惠方案】凡符合國旅活動參加資格者，可透過官網線上訂房、電話訂房或現場訂房，並享有國旅補助優惠。於飯店官網提供之住宿房型，皆適用本活動優惠；實際優惠內容及適用條件依官網公告為準。

【平價優質旅宿】平日雙人房售價：1800",22.569694,120.356288,開放資料,4,1691,,https://www.taiwanstay.net.tw/TSA/web_page/TSA020200.jsp?hohi_id=15339
809,香堤晶典旅館,高雄市,小港區,旅館,07-8035566,高雄市小港區宏平路579號,平價優質旅宿,2180,業者自報,6100,,,【平價優質旅宿】平日雙人房售價：2180,22.569689,120.354064,開放資料,,,,https://www.taiwanstay.net.tw/TSA/web_page/TSA020200.jsp?hohi_id=9693
810,高雄國際會館,高雄市,小港區,旅館,07-2620999,高雄市小港區大業北路436號,平價優質旅宿,3000,業者自報,8120,,,【平價優質旅宿】平日雙人房售價：3000,22.566622,120.345706,開放資料,,,http://www.khhplaza.com.tw,https://www.taiwanstay.net.tw/TSA/web_page/TSA020200.jsp?hohi_id=12006
811,愛之旅商務汽車旅館,高雄市,岡山區,旅館,07-6245599,高雄市岡山區岡山北路152號,平價優質旅宿,1800,業者自報,1500,,,【平價優質旅宿】平日雙人房售價：1800,22.812664,120.280329,開放資料,,,,https://www.taiwanstay.net.tw/TSA/web_page/TSA020200.jsp?hohi_id=17849
812,丈引小院1館,高雄市,左營區,民宿,0908116579-,高雄市左營區建業新村35號,平價優質旅宿,1700,業者自報,7000,,,【平價優質旅宿】平日雙人房售價：1700,22.694665,120.290908,開放資料,,,https://www.facebook.com/ZYINhouse/,https://www.taiwanstay.net.tw/TSA/web_page/TSA020200.jsp?hohi_id=22032
813,左營蓮潭郭家百年古厝,高雄市,左營區,民宿,07-5851555,高雄市左營區店仔頂街110巷27號,平價優質旅宿,2149,業者自報,2180,,,【平價優質旅宿】平日雙人房售價：2149,22.685455,120.292758,開放資料,,,,https://www.taiwanstay.net.tw/TSA/web_page/TSA020200.jsp?hohi_id=27334
814,左眷雅居10號館,高雄市,左營區,民宿,0956083323,高雄市左營區建業新村10號,平價優質旅宿,1000,業者自報,7500,1000,,【平價優質旅宿】平日雙人房售價：1000,22.694156,120.2908,開放資料,,,,https://www.taiwanstay.net.tw/TSA/web_page/TSA020200.jsp?hohi_id=22030
815,德瑞旅店,高雄市,左營區,旅館,07-5820135,高雄市左營區左營大路646號,平價優質旅宿,1215,業者自報,5600,,,【平價優質旅宿】平日雙人房售價：1215,22.691401,120.297661,開放資料,,,,https://www.taiwanstay.net.tw/TSA/web_page/TSA020200.jsp?hohi_id=538
816,日光高鐵精品旅館,高雄市,左營區,旅館,07-3457380,高雄市左營區大中二路597號,平價優質旅宿,2000,業者自報,8840,,,【平價優質旅宿】平日雙人房售價：2000,22.682817,120.307851,開放資料,,,,https://www.taiwanstay.net.tw/TSA/web_page/TSA020200.jsp?hohi_id=27246
817,海軍官邸四號院,高雄市,左營區,民宿,0929071789,高雄市左營區建業新村4號,平價優質旅宿,2180,業者自報,4600,,,【平價優質旅宿】平日雙人房售價：2180,22.693907,120.29161,開放資料,,,,https://www.taiwanstay.net.tw/TSA/web_page/TSA020200.jsp?hohi_id=22810
818,留小燈藝術眷村民宿,高雄市,左營區,民宿,07-3230457,高雄市左營區建業新村23號,平價優質旅宿,3000,業者自報,3000,,,【平價優質旅宿】平日雙人房售價：3000,22.694374,120.290968,開放資料,,,https://m.facebook.com/littlelight.23/?ref=bookmarks,https://www.taiwanstay.net.tw/TSA/web_page/TSA020200.jsp?hohi_id=22031
819,眷村戀影,高雄市,左營區,民宿,0916159329-,高雄市左營區建業新村14號,平價優質旅宿,1480,業者自報,2500,,,【平價優質旅宿】平日雙人房售價：1480,22.693946,120.290039,開放資料,,,https://www.facebook.com/atouchofzenguesthouse,https://www.taiwanstay.net.tw/TSA/web_page/TSA020200.jsp?hohi_id=22055
820,破豆基地,高雄市,左營區,民宿,0983607443-,高雄市左營區建業新村緯十一路40-2號,平價優質旅宿,2400,業者自報,2400,,,【平價優質旅宿】平日雙人房售價：2400,22.694287,120.291011,開放資料,,,,https://www.taiwanstay.net.tw/TSA/web_page/TSA020200.jsp?hohi_id=27003
821,綠芙香氛SPA民宿,高雄市,左營區,民宿,0915770068-,高雄市左營區緯十二路2-1號,平價優質旅宿,1500,業者自報,1500,1500,,【平價優質旅宿】平日雙人房售價：1500,22.41393,120.17306,開放資料,,,,https://www.taiwanstay.net.tw/TSA/web_page/TSA020200.jsp?hohi_id=26148
822,美麗時光,高雄市,左營區,民宿,0921336461-,高雄市左營區建業新村1號,平價優質旅宿,1200,業者自報,1200,1200,,【平價優質旅宿】平日雙人房售價：1200,22.694101,120.291983,開放資料,,,,https://www.taiwanstay.net.tw/TSA/web_page/TSA020200.jsp?hohi_id=22028
823,花鄉商旅,高雄市,左營區,旅館,07-5882797,高雄市左營區左營大路22號2-4樓,平價優質旅宿,1800,業者自報,8000,,,【平價優質旅宿】平日雙人房售價：1800,22.680836,120.288109,開放資料,,,,https://www.taiwanstay.net.tw/TSA/web_page/TSA020200.jsp?hohi_id=15579
824,花鄉商旅左營館,高雄市,左營區,旅館,07-5882797,高雄市左營區左營大路22號5-7樓,平價優質旅宿,1700,業者自報,8000,,,【平價優質旅宿】平日雙人房售價：1700,22.680835,120.288109,開放資料,,,,https://www.taiwanstay.net.tw/TSA/web_page/TSA020200.jsp?hohi_id=16376
825,花鄉旅館,高雄市,左營區,旅館,07-3470111,高雄市左營區文智路95號,平價優質旅宿,1700,業者自報,12000,,,【平價優質旅宿】平日雙人房售價：1700,22.676284,120.297467,開放資料,,,,https://www.taiwanstay.net.tw/TSA/web_page/TSA020200.jsp?hohi_id=6410
826,SINGLE INN單人房,高雄市,新興區,旅館,07-2363256,高雄市新興區林森一路267號地下一樓,國旅補助優惠方案,,,1296,,2026-12-31,【國旅補助優惠方案】國旅平日住宿券與生日劵皆可折抵住宿房價，相關優惠方案詳情，請至官網https://www.singleinn.com.tw/,22.63633,120.304775,開放資料,4.4,3500,,https://www.taiwanstay.net.tw/TSA/web_page/TSA020200.jsp?hohi_id=779
827,一陽大飯店,高雄市,新興區,旅館,07-2018686,高雄市新興區中山二路548號1至8樓,平價優質旅宿,1333,業者自報,5000,,,【平價優質旅宿】平日雙人房售價：1333,22.622464,120.301513,開放資料,,,,https://www.taiwanstay.net.tw/TSA/web_page/TSA020200.jsp?hohi_id=21892
828,九福大飯店,高雄市,新興區,旅館,07-2867703,高雄市新興區民主路16號1-8樓,平價優質旅宿,1588,業者自報,4620,,,【平價優質旅宿】平日雙人房售價：1588,22.633326,120.300389,開放資料,,,http://www.everluckhotel.com.tw,https://www.taiwanstay.net.tw/TSA/web_page/TSA020200.jsp?hohi_id=13799
829,互舍酒店,高雄市,新興區,旅館,07-2878989,高雄市新興區七賢二路11號,平價優質旅宿,1680,業者自報,1200,,,【平價優質旅宿】平日雙人房售價：1680,22.634511,120.301479,開放資料,,,http://hu-house.com/,https://www.taiwanstay.net.tw/TSA/web_page/TSA020200.jsp?hohi_id=21748
830,六合宿旅店,高雄市,新興區,旅館,090675819907-2888199,高雄市新興區六合二路10、12號12樓,平價優質旅宿,1110,業者自報,6400,,,【平價優質旅宿】平日雙人房售價：1110,22.633011,120.301562,開放資料,,,,https://www.taiwanstay.net.tw/TSA/web_page/TSA020200.jsp?hohi_id=9784
831,同居,高雄市,新興區,民宿,07-2410321,高雄市新興區文橫一路5巷28號,國旅補助優惠方案,,,4200,,2026-12-31,"【國旅補助優惠方案】{預定平日雙人房/五.六人房住宿,加碼贈送100元住宿優惠卷}住一晚送1張,住兩晚送2張",22.624505,120.302237,開放資料,4.5,285,http://withinnhostel.com/,https://www.taiwanstay.net.tw/TSA/web_page/TSA020200.jsp?hohi_id=4511
832,單人房 SINGLE INN-站前館,高雄市,新興區,旅館,07-2363256,高雄市新興區八德一路392號,國旅補助優惠方案,,,4300,,2026-12-31,【國旅補助優惠方案】國旅平日住宿券與生日劵皆可折抵住宿房價，相關優惠方案詳情，請至官網https://www.singleinn.com.tw/,22.636031,120.302602,開放資料,4.6,4619,http://www.singleinn.com.tw/,https://www.taiwanstay.net.tw/TSA/web_page/TSA020200.jsp?hohi_id=1768
833,城市商旅美麗島館,高雄市,新興區,旅館,07-2519888,高雄市新興區民生一路328號1-7樓,平價優質旅宿,1350,業者自報,12600,,,【平價優質旅宿】平日雙人房售價：1350(不含早餐),22.627638,120.304536,開放資料,,,http://www.citysuites.com.tw,https://www.taiwanstay.net.tw/TSA/web_page/TSA020200.jsp?hohi_id=2606
834,大港小住,高雄市,新興區,民宿,0908229019-,高雄市新興區文橫一路5巷33號,平價優質旅宿,1580,業者自報,3500,,,【平價優質旅宿】平日雙人房售價：1580,22.624105,120.30234,開放資料,,,,https://www.taiwanstay.net.tw/TSA/web_page/TSA020200.jsp?hohi_id=26852
835,小島公寓,高雄市,新興區,民宿,096533017807-2388166,高雄市新興區六合一路148號,平價優質旅宿,2380,業者自報,4880,,,【平價優質旅宿】平日雙人房售價：2380,22.633353,120.303538,開放資料,,,,https://www.taiwanstay.net.tw/TSA/web_page/TSA020200.jsp?hohi_id=26214
836,小承輕旅,高雄市,新興區,旅館,07-2881212,高雄市新興區中山一路145號1至4樓,平價優質旅宿,1200,業者自報,900,1200,,【平價優質旅宿】平日雙人房售價：1200,22.63235,120.301781,開放資料,,,,https://www.taiwanstay.net.tw/TSA/web_page/TSA020200.jsp?hohi_id=11991
837,巴黎商旅,高雄市,新興區,旅館,07-2151089,高雄市新興區自立二路8號,平價優質旅宿,1000,業者自報,4000,1000,,【平價優質旅宿】平日雙人房售價：1000,22.62903,120.29984,開放資料,,,https://www.parishotel.com.tw,https://www.taiwanstay.net.tw/TSA/web_page/TSA020200.jsp?hohi_id=11128
838,康橋商旅-六合夜市七賢館,高雄市,新興區,旅館,07-2885588,高雄市新興區同愛街28號1樓、30號,平價優質旅宿,3304,業者自報,10267,,,【平價優質旅宿】平日雙人房售價：3304,22.63556,120.300607,開放資料,,,,https://www.taiwanstay.net.tw/TSA/web_page/TSA020200.jsp?hohi_id=4715
839,康橋商旅-高雄-中山八德館,高雄市,新興區,旅館,07-2883399,高雄市新興區中山一路289號1至6樓,平價優質旅宿,2479,業者自報,6900,,,【平價優質旅宿】平日雙人房售價：2479,22.636177,120.302085,開放資料,,,http://www.kindness-hotel.com.tw,https://www.taiwanstay.net.tw/TSA/web_page/TSA020200.jsp?hohi_id=7571
840,承攜行旅-高雄新崛江,高雄市,新興區,旅館,07-2165566,高雄市新興區五福二路198號2-7樓,平價優質旅宿,1500,業者自報,6500,1500,,【平價優質旅宿】平日雙人房售價：1500,22.624749,120.305327,開放資料,,,,https://www.taiwanstay.net.tw/TSA/web_page/TSA020200.jsp?hohi_id=28954
841,捷絲旅高雄站前館,高雄市,新興區,旅館,07-9733588,高雄市新興區中山一路280號,平價優質旅宿,3300,業者自報,14000,,,【平價優質旅宿】平日雙人房售價：3300,22.635456,120.302551,開放資料,,,http://www.justsleep.com.tw,https://www.taiwanstay.net.tw/TSA/web_page/TSA020200.jsp?hohi_id=5515
842,捷舍環保文旅,高雄市,新興區,旅館,07-2361666,高雄市新興區中山一路240號11樓之1至3、5至12、16,平價優質旅宿,1057,業者自報,3120,,,【平價優質旅宿】平日雙人房售價：1057,22.616074,120.354077,開放資料,,,,https://www.taiwanstay.net.tw/TSA/web_page/TSA020200.jsp?hohi_id=19593
843,旅聚居青年旅舍,高雄市,新興區,旅館,07-2851231,高雄市新興區中山一路117號6樓,平價優質旅宿,1418,業者自報,3500,,,【平價優質旅宿】平日雙人房售價：1418,22.631603,120.301237,開放資料,,,,https://www.taiwanstay.net.tw/TSA/web_page/TSA020200.jsp?hohi_id=34
844,杉菻行旅,高雄市,新興區,民宿,07-2817820,高雄市新興區新田路172巷25號,平價優質旅宿,3040,業者自報,2800,,,【平價優質旅宿】平日雙人房售價：3040,22.622568,120.301702,開放資料,,,,https://www.taiwanstay.net.tw/TSA/web_page/TSA020200.jsp?hohi_id=30947
845,梅花大飯店,高雄市,新興區,旅館,07-2373141,高雄市新興區南華路188號,國旅補助優惠方案,,,2200,,2026-12-31,【國旅補助優惠方案】平日住宿（星期一～星期四）商務房升等三人房,22.635431,120.303214,開放資料,3.8,554,,https://www.taiwanstay.net.tw/TSA/web_page/TSA020200.jsp?hohi_id=6501
846,樂逸文旅-六合夜市棒球館,高雄市,新興區,旅館,07-2365500,高雄市新興區南華路136號,國旅補助優惠方案,,,8000,,2026-12-31,"【國旅補助優惠方案】高雄棒球主題酒店（LaHotel-BaseballThemeHall）位於高雄，設計風格活潑動感，並以棒球元素裝飾，提供平日週日~週四優惠住宿。平日優惠價:完封無窗一大床$1,400.客隊一大床$1,600.主隊兩小床$1,700.主審三人房$2,400.全壘打四人房$3,000.六人房$4,000.以上房價皆依房型提供早餐.訂房通路:請以電話訂房為主07-2365500.07-2374859.或是賴ID:sh072392222.或是賴ID:@838zrjnh預定.",22.633352,120.303097,開放資料,4.4,1287,http://www.lahotel.com.tw,https://www.taiwanstay.net.tw/TSA/web_page/TSA020200.jsp?hohi_id=16745
847,樂逸文旅-六合復興館,高雄市,新興區,旅館,07-2392222,高雄市新興區六合一路92號3-10樓,國旅補助優惠方案,,,6000,,2026-12-31,"【國旅補助優惠方案】樂逸文旅六合復興館(LAHotelLiuheFusing)地理位置優越，步行8分鐘即可抵達六合夜市。並提供平日:週日~週四優惠住宿。平日優惠價:精緻一大床$1,600.精緻兩小床$1,600.精緻三人房$2,000.精緻.四人無窗房$2,000.溫馨四人房$2,200.以上房價皆依房型提供早餐.訂房通路:請以電話訂房為主07-2392222.07-2374859.或是賴ID:sh072392222.或是賴ID:072392222預定.",22.63267,120.308424,開放資料,3.9,936,,https://www.taiwanstay.net.tw/TSA/web_page/TSA020200.jsp?hohi_id=17055
848,樂逸旅居-七賢館,高雄市,新興區,旅館,07-2369818,高雄市新興區七賢一路513號1至7樓,國旅補助優惠方案、平價優質旅宿,2306,業者自報,11000,,2026-12-31,"【國旅補助優惠方案】樂逸旅居七賢館飯店(HotelLainn)設計現代而溫馨，為高雄市的遊客提供住宿優質環境，並提供平日:週日~週四優惠住宿。平日優惠價:標準一大床$2,100.精緻兩小床$2,300.雅致客房$3,800.經典客房$4,000.豪華一大床$4,300.樂逸客房$4,600.以上房價皆依房型提供早餐.訂房通路:請以電話訂房為主07-2369818.07-2374859.或是賴ID:sh072392222.或是賴ID:@818pvhek預定.

【平價優質旅宿】平日雙人房售價：2306",22.63443,120.30326,開放資料,4.4,619,,https://www.taiwanstay.net.tw/TSA/web_page/TSA020200.jsp?hohi_id=15237
849,比歐緻居,高雄市,新興區,旅館,07-2817900,高雄市新興區中山一路14之26號,國旅補助優惠方案,,,11250,,2026-12-31,【國旅補助優惠方案】【比歐緻居｜國旅補助加碼送】凡透過比歐緻居官方網站或電話直接訂房入住，並成功申請「115年國旅平日住宿補助」之旅客，每房加碼贈送高雄文化遊艇－棧貳庫大港巡航票券1張。搭乘高雄文化遊艇悠遊高雄港，從海上欣賞港灣風光、亞洲新灣區及高雄港特色景點，以不同視角感受港都魅力，讓住宿旅程更加豐富精彩。優惠內容:每房贈送「高雄文化遊艇－棧貳庫大港巡航」票券乙張。僅限透過比歐緻居官方網站或電話直接訂房之旅客適用。限成功申請「115年國旅平日住宿補助」之入住旅客。數量有限，送完為止。注意事項:•本優惠僅適用於比歐緻居官方網站及電話直接訂房•本優惠須成功申請「115年國旅平日住宿補助」後方可適用；未符合或未成功申請補助資格者，恕不適用本活動。•每房每次入住限贈票券乙張，不得折抵現金、兌換其他商品或要求更換。•票券使用方式、搭乘時間及相關規定，依高雄文化遊艇公告及票券內容為準。•本優惠不得與其他住宿優惠、住宿專案、住宿券、禮券或其他折扣活動併用。•本活動須配合交通部觀光署「115年國旅平日住宿補助」相關規定辦理，補助資格及名額依主管機關公告為準。•比歐緻居保留活動內容調整、修改、終止及最終解釋權。,22.626159,120.30162,開放資料,4.7,4251,http://www.briohotel.com,https://www.taiwanstay.net.tw/TSA/web_page/TSA020200.jsp?hohi_id=14307
850,汸宸潤音拾光,高雄市,新興區,旅館,07-2226773,高雄市新興區五福一路106號6至11樓,國旅補助優惠方案,,,8800,,2026-12-31,【國旅補助優惠方案】國旅平日住宿券與生日劵皆可折抵住宿房價，相關優惠方案詳情請至官網查詢,22.62734,120.313221,開放資料,5,1,,https://www.taiwanstay.net.tw/TSA/web_page/TSA020200.jsp?hohi_id=5473
851,沂宸衿后禾居-民生館,高雄市,新興區,旅館,07-2229898,高雄市新興區民生一路77號1至7樓,國旅補助優惠方案,,,8800,,2026-12-31,【國旅補助優惠方案】國旅平日住宿券與生日劵皆可折抵住宿房價，相關優惠方案詳情，請至官網https://www.goodhotel.com.tw/,22.62785,120.31217,開放資料,4.8,444,,https://www.taiwanstay.net.tw/TSA/web_page/TSA020200.jsp?hohi_id=3462
852,河堤漫旅,高雄市,新興區,旅館,07-2882111,高雄市新興區中山一路257號,國旅補助優惠方案、平價優質旅宿,1900,業者自報,3250,,2026-12-31,"【國旅補助優惠方案】凡符合國旅活動參加資格者，可透過官網線上訂房、電話訂房或現場訂房，並享有國旅補助優惠。於飯店官網提供之住宿房型，皆適用本活動優惠；實際優惠內容及適用條件依官網公告為準。

【平價優質旅宿】平日雙人房售價：1900",22.635241,120.302043,開放資料,4.5,1156,https://www.riverhotel.com.tw/,https://www.taiwanstay.net.tw/TSA/web_page/TSA020200.jsp?hohi_id=9817
853,溫式旅所,高雄市,新興區,民宿,0935867339,高雄市新興區民主橫路9號,國旅補助優惠方案、平價優質旅宿,2400,業者自報,3600,,2026-12-31,"【國旅補助優惠方案】{預定平日雙人房住宿,加碼贈送100元住宿優惠卷}住一晚送1張,住兩晚送2張

【平價優質旅宿】平日雙人房售價：2400",22.633122,120.301233,開放資料,4.1,46,,https://www.taiwanstay.net.tw/TSA/web_page/TSA020200.jsp?hohi_id=33268
854,祿宸衿后禾居,高雄市,新興區,旅館,07-2350178,高雄市新興區忠孝一路482號,國旅補助優惠方案,,,9800,,2026-12-31,【國旅補助優惠方案】國旅平日住宿券與生日劵皆可折抵住宿房價，相關優惠方案詳情，請至官網https://www.goodhotel.com.tw/,22.635251,120.306526,開放資料,4.7,1403,,https://www.taiwanstay.net.tw/TSA/web_page/TSA020200.jsp?hohi_id=3074
855,秧秧微旅,高雄市,新興區,旅館,07-2315020,高雄市新興區中山一路14號12樓,平價優質旅宿,1600,業者自報,6600,,,【平價優質旅宿】平日雙人房售價：1600,22.626335,120.3017,開放資料,,,http://www.fscebook.com/JezreelinnJI/,https://www.taiwanstay.net.tw/TSA/web_page/TSA020200.jsp?hohi_id=27495
856,美麗島庭園旅宿,高雄市,新興區,旅館,07-2367996,高雄市新興區六合一路158號4樓,平價優質旅宿,1000,業者自報,4000,1000,,【平價優質旅宿】平日雙人房售價：1000,22.633005,120.303256,開放資料,,,,https://www.taiwanstay.net.tw/TSA/web_page/TSA020200.jsp?hohi_id=15287
857,美麗島福憩旅店,高雄市,新興區,旅館,0906871011,高雄市新興區六合二路10號11樓,平價優質旅宿,1480,業者自報,3700,,,【平價優質旅宿】平日雙人房售價：1480,22.633011,120.301568,開放資料,,,https://160491559483.web.fullinn.tw/,https://www.taiwanstay.net.tw/TSA/web_page/TSA020200.jsp?hohi_id=27434
858,美麗島音樂城商旅,高雄市,新興區,旅館,0933649499-,高雄市新興區六合二路10號9樓,平價優質旅宿,900,業者自報,4320,,,【平價優質旅宿】平日雙人房售價：900,22.633011,120.301568,開放資料,,,,https://www.taiwanstay.net.tw/TSA/web_page/TSA020200.jsp?hohi_id=27385
859,美麗道商旅,高雄市,新興區,旅館,07-2161999,高雄市新興區中正三路99-2號,平價優質旅宿,1200,業者自報,5000,1200,,【平價優質旅宿】平日雙人房售價：1200,22.63114,120.306877,開放資料,,,,https://www.taiwanstay.net.tw/TSA/web_page/TSA020200.jsp?hohi_id=7761
860,都會HOTEL dùa,高雄市,新興區,旅館,07-2722999,高雄市新興區林森一路165號,平價優質旅宿,3499,業者自報,12000,,,【平價優質旅宿】平日雙人房售價：3499(環保住房專案),22.630676,120.304485,開放資料,,,http://www.hoteldua.com,https://www.taiwanstay.net.tw/TSA/web_page/TSA020200.jsp?hohi_id=13075
861,阿爾兔兔,高雄市,新興區,民宿,0988830610-,高雄市新興區南台路43巷1弄6號,平價優質旅宿,1880,業者自報,3200,,,【平價優質旅宿】平日雙人房售價：1880,22.63035,120.300561,開放資料,,,https://ar2two.com,https://www.taiwanstay.net.tw/TSA/web_page/TSA020200.jsp?hohi_id=28515
862,雲端精緻旅館,高雄市,新興區,旅館,07-2867069,高雄市新興區民主路18號,平價優質旅宿,1100,業者自報,6200,,,【平價優質旅宿】平日雙人房售價：1100,22.63328,120.300089,開放資料,,,,https://www.taiwanstay.net.tw/TSA/web_page/TSA020200.jsp?hohi_id=7644
863,靉嗨文旅美麗島館,高雄市,新興區,旅館,098249007707-2850077,高雄市新興區六合二路10號10樓,平價優質旅宿,850,業者自報,6400,,,【平價優質旅宿】平日雙人房售價：850,22.633011,120.301568,開放資料,,,,https://www.taiwanstay.net.tw/TSA/web_page/TSA020200.jsp?hohi_id=27057
864,首福大飯店,高雄市,新興區,旅館,07-2867703,高雄市新興區民主路12號,平價優質旅宿,2400,業者自報,6600,,,【平價優質旅宿】平日雙人房售價：2400,22.633439,120.300693,開放資料,,,,https://www.taiwanstay.net.tw/TSA/web_page/TSA020200.jsp?hohi_id=18298
865,高雄商旅,高雄市,新興區,旅館,07-2221333,"高雄市新興區民族二路33號1,4-10樓,37號1,3-10樓",平價優質旅宿,1440,業者自報,7900,,,【平價優質旅宿】平日雙人房售價：1440,22.629666,120.312888,開放資料,,,http://www.han-hsien.com.tw/urban/index.php,https://www.taiwanstay.net.tw/TSA/web_page/TSA020200.jsp?hohi_id=17023
866,高雄福華大飯店,高雄市,新興區,觀光旅館,07-2362323,高雄市新興區七賢一路311號,國旅補助優惠方案,,,8600,,2026-12-31,"【國旅補助優惠方案】高雄福華大飯店｜國旅補助優惠專案活動期間入住，搭配國旅補助使用，豪華雙人房每房每晚NT$3,799起，並享兩客豐盛自助早餐。高雄福華大飯店｜生日券專屬優惠專案活動期間入住，使用國旅生日券，尊爵豪華雙人房每房每晚NT$4,399起，包含兩客尊爵早餐與精緻晚餐，再加碼客房生日佈置。",22.634005,120.30819,開放資料,4.3,9724,https://www.howard-hotels.com.tw/zh_TW/HotelBusiness/136,https://www.taiwanstay.net.tw/TSA/web_page/TSA020200.jsp?hohi_id=4977
867,鮪魚家族飯店高雄館,高雄市,新興區,旅館,07-2863011,高雄市新興區八德二路10號,平價優質旅宿,2200,業者自報,11000,,,【平價優質旅宿】平日雙人房售價：2200,22.636169,120.301509,開放資料,,,,https://www.taiwanstay.net.tw/TSA/web_page/TSA020200.jsp?hohi_id=18332
868,鶴宮寓,高雄市,新興區,旅館,07-2011988,高雄市新興區中正四路41號2~4樓,平價優質旅宿,3080,業者自報,6000,,,【平價優質旅宿】平日雙人房售價：3080,22.630764,120.300394,開放資料,,,https://hokhouse.com/,https://www.taiwanstay.net.tw/TSA/web_page/TSA020200.jsp?hohi_id=5095
869,旗山三合院民宿,高雄市,旗山區,民宿,07-6614318,高雄市旗山區廣福里中興街6號,平價優質旅宿,1500,業者自報,3600,1500,,【平價優質旅宿】平日雙人房售價：1500,22.84713,120.487795,開放資料,,,,https://www.taiwanstay.net.tw/TSA/web_page/TSA020200.jsp?hohi_id=4098
870,花鄉渡假會館,高雄市,旗山區,旅館,07-6612828,高雄市旗山區忠孝街39號,平價優質旅宿,2000,業者自報,8000,,,【平價優質旅宿】平日雙人房售價：2000,22.878478,120.492232,開放資料,,,,https://www.taiwanstay.net.tw/TSA/web_page/TSA020200.jsp?hohi_id=11760
871,風起文旅會館,高雄市,旗山區,民宿,0981999529-,高雄市旗山區旗南一路30號二樓之1、2、3及三樓之1、2,平價優質旅宿,2380,業者自報,5200,,,【平價優質旅宿】平日雙人房售價：2380,22.888069,120.482037,開放資料,,,,https://www.taiwanstay.net.tw/TSA/web_page/TSA020200.jsp?hohi_id=30053
872,旗津道酒店,高雄市,旗津區,旅館,07-5721818,高雄市旗津區旗津三路1050號2-3樓,平價優質旅宿,1999,業者自報,7200,,,【平價優質旅宿】平日雙人房售價：1999,22.610416,120.26831,開放資料,,,http://www.inyounghotel.com.tw,https://www.taiwanstay.net.tw/TSA/web_page/TSA020200.jsp?hohi_id=21363
873,月光山林,高雄市,杉林區,民宿,07-6772586,高雄市杉林區桐竹路209號,平價優質旅宿,2300,業者自報,5600,,,【平價優質旅宿】平日雙人房售價：2300,22.934084,120.530882,開放資料,,,http://www.moonlight.com.tw/,https://www.taiwanstay.net.tw/TSA/web_page/TSA020200.jsp?hohi_id=16221
874,弘州商務旅館,高雄市,林園區,旅館,07-6438889,高雄市林園區東林西路105巷11號,平價優質旅宿,1300,業者自報,3000,,,【平價優質旅宿】平日雙人房售價：1300,22.503835,120.395544,開放資料,,,,https://www.taiwanstay.net.tw/TSA/web_page/TSA020200.jsp?hohi_id=18996
875,一家人本舖,高雄市,桃源區,民宿,098977658907-6892007,高雄市桃源區寶山里7鄰寶山巷88之6號,平價優質旅宿,1800,業者自報,1800,,,【平價優質旅宿】平日雙人房售價：1800,23.054882,120.722068,開放資料,,,,https://www.taiwanstay.net.tw/TSA/web_page/TSA020200.jsp?hohi_id=13003
876,亞力民宿,高雄市,桃源區,民宿,07-6882042,高雄市桃源區建山巷86-2號,平價優質旅宿,1200,業者自報,1800,1200,,【平價優質旅宿】平日雙人房售價：1200,23.104656,120.684222,開放資料,,,,https://www.taiwanstay.net.tw/TSA/web_page/TSA020200.jsp?hohi_id=13812
877,梅蘭山莊,高雄市,桃源區,民宿,07-6866039,高雄市桃源區梅蘭里南橫公路五段222號,平價優質旅宿,1500,業者自報,2000,1500,,【平價優質旅宿】平日雙人房售價：1500,23.240316,120.812616,開放資料,,,,https://www.taiwanstay.net.tw/TSA/web_page/TSA020200.jsp?hohi_id=1151
878,達妮芙民宿,高雄市,桃源區,民宿,07-6866112,高雄市桃源區拉芙蘭路20號,平價優質旅宿,1500,業者自報,400,1500,,【平價優質旅宿】平日雙人房售價：1500,23.239282,120.812275,開放資料,,,https://tanivu.ego.tw/,https://www.taiwanstay.net.tw/TSA/web_page/TSA020200.jsp?hohi_id=18899
879,御宿汽車旅館楠梓館,高雄市,楠梓區,旅館,07-3516699,高雄市楠梓區興西路145號,平價優質旅宿,1700,業者自報,6000,,,【平價優質旅宿】平日雙人房售價：1700,22.728522,120.333224,開放資料,,,,https://www.taiwanstay.net.tw/TSA/web_page/TSA020200.jsp?hohi_id=13576
880,薇風精品汽車旅館楠梓館,高雄市,楠梓區,旅館,07-3551177,高雄市楠梓區楠盛街137號,平價優質旅宿,2400,業者自報,5380,,,【平價優質旅宿】平日雙人房售價：2400,22.730996,120.33308,開放資料,,,http://www.wfmotel.com.tw,https://www.taiwanstay.net.tw/TSA/web_page/TSA020200.jsp?hohi_id=12658
881,香堤文旅,高雄市,楠梓區,旅館,07-3535799,高雄市楠梓區興楠路355巷82弄1號,平價優質旅宿,1800,業者自報,4000,,,【平價優質旅宿】平日雙人房售價：1800,22.728003,120.332329,開放資料,,,,https://www.taiwanstay.net.tw/TSA/web_page/TSA020200.jsp?hohi_id=21589
882,莉莉的家,高雄市,橋頭區,民宿,0906003010-,高雄市橋頭區橋頭路81號,平價優質旅宿,1600,業者自報,4800,,,【平價優質旅宿】平日雙人房售價：1600,22.758364,120.310679,開放資料,,,,https://www.taiwanstay.net.tw/TSA/web_page/TSA020200.jsp?hohi_id=28114
883,中正湖民宿,高雄市,美濃區,民宿,07-6812736,高雄市美濃區福美路30號,平價優質旅宿,3500,業者自報,1800,,,【平價優質旅宿】平日雙人房售價：3500(4人房),22.913198,120.551431,開放資料,,,,https://www.taiwanstay.net.tw/TSA/web_page/TSA020200.jsp?hohi_id=9094
884,人字山莊,高雄市,美濃區,民宿,07-6822159,高雄市美濃區民權路66-5號,平價優質旅宿,1200,業者自報,2800,1200,,【平價優質旅宿】平日雙人房售價：1200,22.912921,120.552624,開放資料,,,http://www.renzji.com.tw,https://www.taiwanstay.net.tw/TSA/web_page/TSA020200.jsp?hohi_id=11774
885,峰園民宿,高雄市,美濃區,民宿,07-6820839,高雄市美濃區雙峰街8-20號,平價優質旅宿,1000,業者自報,1000,1000,,【平價優質旅宿】平日雙人房售價：1000,22.906459,120.540982,開放資料,,,,https://www.taiwanstay.net.tw/TSA/web_page/TSA020200.jsp?hohi_id=9127
886,望峰息心民宿,高雄市,美濃區,民宿,0936796516,高雄市美濃區雙峰街8之18號,平價優質旅宿,1760,業者自報,2800,,,【平價優質旅宿】平日雙人房售價：1760,22.904856,120.541317,開放資料,,,,https://www.taiwanstay.net.tw/TSA/web_page/TSA020200.jsp?hohi_id=29009
887,湖美茵/快樂/天然,高雄市,美濃區,民宿,07-6817828,高雄市美濃區中山路2段782巷52號,平價優質旅宿,2300,業者自報,2500,,,【平價優質旅宿】平日雙人房售價：2300,22.893902,120.511167,開放資料,,,,https://www.taiwanstay.net.tw/TSA/web_page/TSA020200.jsp?hohi_id=17739
888,百果園民宿,高雄市,美濃區,民宿,0988863227,高雄市美濃區復興街1段58巷5號,平價優質旅宿,1400,業者自報,3000,,,【平價優質旅宿】平日雙人房售價：1400,22.88349,120.536239,開放資料,,,,https://www.taiwanstay.net.tw/TSA/web_page/TSA020200.jsp?hohi_id=6918
889,美濃情休閒觀光民宿,高雄市,美濃區,民宿,07-6813351,高雄市美濃區祿興里上竹圍14號,平價優質旅宿,2200,業者自報,2500,,,【平價優質旅宿】平日雙人房售價：2200,22.882096,120.545499,開放資料,,,,https://www.taiwanstay.net.tw/TSA/web_page/TSA020200.jsp?hohi_id=8127
890,美濃湖民宿,高雄市,美濃區,民宿,07-6812736,高雄市美濃區福美路28號,平價優質旅宿,3500,業者自報,5600,,,【平價優質旅宿】平日雙人房售價：3500(4人房),22.913252,120.551216,開放資料,,,,https://www.taiwanstay.net.tw/TSA/web_page/TSA020200.jsp?hohi_id=13368
891,菸城民宿,高雄市,美濃區,民宿,07-6851110,高雄市美濃區中華路7巷17號,平價優質旅宿,2780,業者自報,4838,,,【平價優質旅宿】平日雙人房售價：2780,22.880228,120.561388,開放資料,,,,https://www.taiwanstay.net.tw/TSA/web_page/TSA020200.jsp?hohi_id=5709
892,三多四季環保商旅,高雄市,苓雅區,旅館,07-3317979,高雄市苓雅區文橫二路6號12樓之1~19,平價優質旅宿,1017,業者自報,800,,,【平價優質旅宿】平日雙人房售價：1017,22.615428,120.306724,開放資料,,,,https://www.taiwanstay.net.tw/TSA/web_page/TSA020200.jsp?hohi_id=14286
893,好地方大飯店三多館,高雄市,苓雅區,旅館,07-3320002,高雄市苓雅區三多四路63號16樓之1,平價優質旅宿,1320,業者自報,8400,,,【平價優質旅宿】平日雙人房售價：1320,22.612903,120.301666,開放資料,,,,https://www.taiwanstay.net.tw/TSA/web_page/TSA020200.jsp?hohi_id=5141
894,寓旅宿,高雄市,苓雅區,旅館,096361885907-2696985,高雄市苓雅區自強三路94號,平價優質旅宿,1600,業者自報,3520,,,【平價優質旅宿】平日雙人房售價：1600,22.614042,120.299825,開放資料,,,http://www.apatohome94.com,https://www.taiwanstay.net.tw/TSA/web_page/TSA020200.jsp?hohi_id=16874
895,康橋商旅-高雄-三多衛武營館,高雄市,苓雅區,旅館,07-7248800,高雄市苓雅區三多一路94號(3-8F),平價優質旅宿,2379,業者自報,6480,,,【平價優質旅宿】平日雙人房售價：2379,22.623449,120.332766,開放資料,,,,https://www.taiwanstay.net.tw/TSA/web_page/TSA020200.jsp?hohi_id=13874
896,康橋商旅-高雄-光榮碼頭館,高雄市,苓雅區,旅館,07-3343377,高雄市苓雅區青年二路169號,平價優質旅宿,2979,業者自報,10080,,,【平價優質旅宿】平日雙人房售價：2979,22.617527,120.295154,開放資料,,,http://www.kindness-hotel.com.tw,https://www.taiwanstay.net.tw/TSA/web_page/TSA020200.jsp?hohi_id=17702
897,御宿商旅中山館,高雄市,苓雅區,旅館,07-3348101,高雄市苓雅區興中二路11-2號4-10樓,平價優質旅宿,1700,業者自報,8000,,,【平價優質旅宿】平日雙人房售價：1700,22.615191,120.303283,開放資料,,,,https://www.taiwanstay.net.tw/TSA/web_page/TSA020200.jsp?hohi_id=14367
898,御宿汽車旅館建國館,高雄市,苓雅區,旅館,07-7261200,高雄市苓雅區建國一路155號,平價優質旅宿,1500,業者自報,2000,1500,,【平價優質旅宿】平日雙人房售價：1500,22.632725,120.328884,開放資料,,,,https://www.taiwanstay.net.tw/TSA/web_page/TSA020200.jsp?hohi_id=15851
899,捷絲旅高雄中正館,高雄市,苓雅區,旅館,07-9723568,高雄市苓雅區中正一路134號,平價優質旅宿,2400,業者自報,9100,,,【平價優質旅宿】平日雙人房售價：2400,22.628366,120.331895,開放資料,,,http://www.justsleep.com.tw/kaohsiuang/sh/index,https://www.taiwanstay.net.tw/TSA/web_page/TSA020200.jsp?hohi_id=15664
900,新崛江商旅,高雄市,苓雅區,旅館,07-3386238,高雄市苓雅區林森二路73號1-8樓,平價優質旅宿,799,業者自報,6000,,,【平價優質旅宿】平日雙人房售價：799,22.620599,120.306339,開放資料,,,,https://www.taiwanstay.net.tw/TSA/web_page/TSA020200.jsp?hohi_id=18147
901,棚棚屋,高雄市,苓雅區,民宿,0985129568-,高雄市苓雅區苓中路28號,平價優質旅宿,2500,業者自報,6000,,,【平價優質旅宿】平日雙人房售價：2500,22.613575,120.295241,開放資料,,,https://booking.owlting.com/%E6%A3%9A%E6%A3%9A%E5%B1%8B?start=2021-12-17&end=2021-12-18&lang=zh_TW&adult=2&child=0&infant=0,https://www.taiwanstay.net.tw/TSA/web_page/TSA020200.jsp?hohi_id=30065
902,歌德商旅,高雄市,苓雅區,旅館,07-7498666,高雄市苓雅區建國一路57號(1-7F)、55號(5-7F),平價優質旅宿,990,業者自報,4000,,,【平價優質旅宿】平日雙人房售價：990,22.62959,120.338983,開放資料,,,,https://www.taiwanstay.net.tw/TSA/web_page/TSA020200.jsp?hohi_id=1286
903,歐遊國際連鎖精品旅館(高雄館),高雄市,苓雅區,旅館,07-7493333,高雄市苓雅區建國一路73號,平價優質旅宿,1980,業者自報,12800,,,【平價優質旅宿】平日雙人房售價：1980,22.629985,120.337554,開放資料,,,http://www.allurmotel.com,https://www.taiwanstay.net.tw/TSA/web_page/TSA020200.jsp?hohi_id=17845
904,種子商旅,高雄市,苓雅區,旅館,07-7240011,高雄市苓雅區光華一路148之42號,平價優質旅宿,1000,業者自報,5000,1000,,【平價優質旅宿】平日雙人房售價：1000,22.623345,120.316026,開放資料,,,,https://www.taiwanstay.net.tw/TSA/web_page/TSA020200.jsp?hohi_id=11259
905,繽紛樂旅店,高雄市,苓雅區,旅館,0968223000,高雄市苓雅區三多四路63號7樓之7,平價優質旅宿,1250,業者自報,3800,,,【平價優質旅宿】平日雙人房售價：1250,22.613163,120.301711,開放資料,,,,https://www.taiwanstay.net.tw/TSA/web_page/TSA020200.jsp?hohi_id=21675
906,陽光大飯店,高雄市,苓雅區,旅館,07-3327988,高雄市苓雅區中華四路71號,平價優質旅宿,2200,業者自報,12700,,,【平價優質旅宿】平日雙人房售價：2200,22.614396,120.301528,開放資料,,,http://www.hotelsunshine.com.tw,https://www.taiwanstay.net.tw/TSA/web_page/TSA020200.jsp?hohi_id=9620
907,陽光大飯店中華館,高雄市,苓雅區,旅館,07-3327988,"高雄市苓雅區中華四路75號1,3-12樓",平價優質旅宿,1490,業者自報,8300,,,【平價優質旅宿】平日雙人房售價：1490,22.614514,120.301415,開放資料,,,http://www.hotelsunshine.com.tw,https://www.taiwanstay.net.tw/TSA/web_page/TSA020200.jsp?hohi_id=2823
908,靉嗨三多行旅,高雄市,苓雅區,旅館,07-3301117,高雄市苓雅區林森二路84-2號3-8樓,平價優質旅宿,833,業者自報,4000,,,【平價優質旅宿】平日雙人房售價：833,22.618954,120.307218,開放資料,,,,https://www.taiwanstay.net.tw/TSA/web_page/TSA020200.jsp?hohi_id=21036
909,飛行家青年旅館,高雄市,苓雅區,旅館,07-3387511,高雄市苓雅區仁義街2之4號B1.3F.5F,平價優質旅宿,811,業者自報,680,,,【平價優質旅宿】平日雙人房售價：811,22.61469,120.303659,開放資料,,,,https://www.taiwanstay.net.tw/TSA/web_page/TSA020200.jsp?hohi_id=21192
910,得恩谷的民宿,高雄市,茂林區,民宿,0989370885-,高雄市茂林區茂林里6鄰138號,平價優質旅宿,2500,業者自報,6600,,,【平價優質旅宿】平日雙人房售價：2500,22.896991,120.675734,開放資料,,,http://deengorge.com/,https://www.taiwanstay.net.tw/TSA/web_page/TSA020200.jsp?hohi_id=47
911,路科民宿,高雄市,茄萣區,民宿,0921528211-,高雄市茄萣區民族路176號,平價優質旅宿,1650,業者自報,4000,,,【平價優質旅宿】平日雙人房售價：1650,22.87539,120.19341,開放資料,,,,https://www.taiwanstay.net.tw/TSA/web_page/TSA020200.jsp?hohi_id=32877
912,呼頌民宿渡假村,高雄市,那瑪夏區,民宿,0987334248-,高雄市那瑪夏區平和巷210號,平價優質旅宿,2500,業者自報,2500,,,【平價優質旅宿】平日雙人房售價：2500,23.241204,120.697795,開放資料,,,,https://www.taiwanstay.net.tw/TSA/web_page/TSA020200.jsp?hohi_id=26420
913,寧妮谷民宿,高雄市,那瑪夏區,民宿,07-6701087,高雄市那瑪夏區達卡努瓦里3鄰秀嶺巷183號,平價優質旅宿,1500,業者自報,1500,1500,,【平價優質旅宿】平日雙人房售價：1500,23.26936,120.720087,開放資料,,,http://www.facebook.com/ningniguesthouse/,https://www.taiwanstay.net.tw/TSA/web_page/TSA020200.jsp?hohi_id=10645
914,巴尼.蓋休閒農莊民宿,高雄市,那瑪夏區,民宿,07-6701926,高雄市那瑪夏區瑪雅里平和巷202號,平價優質旅宿,1600,業者自報,1600,,,【平價優質旅宿】平日雙人房售價：1600,23.249033,120.690546,開放資料,,,,https://www.taiwanstay.net.tw/TSA/web_page/TSA020200.jsp?hohi_id=10572
915,底加睏-眷村民宿,高雄市,鳳山區,民宿,0983358883-,高雄市鳳山區黃埔新村東四巷105號,平價優質旅宿,1400,業者自報,3200,,,【平價優質旅宿】平日雙人房售價：1400,22.619544,120.364721,開放資料,,,https://www.facebook.com/JEWJEWHERE,https://www.taiwanstay.net.tw/TSA/web_page/TSA020200.jsp?hohi_id=22728
916,康橋商旅-五甲店,高雄市,鳳山區,旅館,07-8122840,"高雄市鳳山區福德街143巷20號4-9樓,22號1-3樓",平價優質旅宿,2500,業者自報,5544,,,【平價優質旅宿】平日雙人房售價：2500,22.590039,120.326927,開放資料,,,,https://www.taiwanstay.net.tw/TSA/web_page/TSA020200.jsp?hohi_id=4539
917,御宿汽車旅館鳳山館,高雄市,鳳山區,旅館,07-7537118,高雄市鳳山區中崙一路31巷2號,平價優質旅宿,2200,業者自報,10000,,,【平價優質旅宿】平日雙人房售價：2200,22.612667,120.355297,開放資料,,,,https://www.taiwanstay.net.tw/TSA/web_page/TSA020200.jsp?hohi_id=10478
918,思念人之屋 眷村民宿,高雄市,鳳山區,民宿,0900089970-,高雄市鳳山區黃埔新村東四巷106號,平價優質旅宿,1500,業者自報,780,1500,,【平價優質旅宿】平日雙人房售價：1500,22.618336,120.365038,開放資料,,,https://house106.weebly.com/,https://www.taiwanstay.net.tw/TSA/web_page/TSA020200.jsp?hohi_id=22733
919,春天藝術飯店,高雄市,鳳山區,旅館,07-7631027,高雄市鳳山區五甲一路364號1-7樓,平價優質旅宿,1180,業者自報,4600,,,【平價優質旅宿】平日雙人房售價：1180,22.612757,120.350787,開放資料,,,http://www.spart-hotel.com.tw,https://www.taiwanstay.net.tw/TSA/web_page/TSA020200.jsp?hohi_id=3398
920,歐閣精品汽車旅館-鳳山館,高雄市,鳳山區,旅館,07-7923992,高雄市鳳山區過埤路127號,平價優質旅宿,1800,業者自報,1700,,,【平價優質旅宿】平日雙人房售價：1800,22.589493,120.364785,開放資料,,,,https://www.taiwanstay.net.tw/TSA/web_page/TSA020200.jsp?hohi_id=3493
921,眷待期休憩所,高雄市,鳳山區,民宿,0986003102-,高雄市鳳山區黃埔新村東三巷102號,平價優質旅宿,1800,業者自報,2000,,,【平價優質旅宿】平日雙人房售價：1800,22.620908,120.374032,開放資料,,,https://www.juandaiqi.com,https://www.taiwanstay.net.tw/TSA/web_page/TSA020200.jsp?hohi_id=25894
922,紫園汽車旅館,高雄市,鳳山區,旅館,07-8222589,高雄市鳳山區福祥街3號,平價優質旅宿,2500,業者自報,5040,,,【平價優質旅宿】平日雙人房售價：2500,22.591491,120.324282,開放資料,,,,https://www.taiwanstay.net.tw/TSA/web_page/TSA020200.jsp?hohi_id=20909
923,華水亭汽車旅館,高雄市,鳳山區,旅館,07-7927477,高雄市鳳山區園茂路62號,平價優質旅宿,2400,業者自報,9800,,,【平價優質旅宿】平日雙人房售價：2400,22.591024,120.357432,開放資料,,,,https://www.taiwanstay.net.tw/TSA/web_page/TSA020200.jsp?hohi_id=9905
924,金鳳凰商務旅館,高雄市,鳳山區,旅館,07-7481666,高雄市鳳山區博愛路607號,平價優質旅宿,1080,業者自報,5380,,,【平價優質旅宿】平日雙人房售價：1080,22.630562,120.360987,開放資料,,,http://www.goldenphoenix.com.tw,https://www.taiwanstay.net.tw/TSA/web_page/TSA020200.jsp?hohi_id=12593
925,鳳山79背包客,高雄市,鳳山區,民宿,0905198074-,高雄市鳳山區黃埔新村東一巷79號,平價優質旅宿,880,業者自報,7000,,,【平價優質旅宿】平日雙人房售價：880,22.619714,120.364482,開放資料,,,,https://www.taiwanstay.net.tw/TSA/web_page/TSA020200.jsp?hohi_id=22726
926,麗登精品汽車旅館,高雄市,鳳山區,旅館,07-7963999,高雄市鳳山區保安1街3號,平價優質旅宿,1980,業者自報,8600,,,【平價優質旅宿】平日雙人房售價：1980,22.594508,120.339515,開放資料,,,http://leesinggroup.com/leedonmotel/,https://www.taiwanstay.net.tw/TSA/web_page/TSA020200.jsp?hohi_id=4113
927,麗莎旅舘,高雄市,鳳山區,旅館,07-7553999,高雄市鳳山區鳳頂路547號,平價優質旅宿,1200,業者自報,4500,1200,,【平價優質旅宿】平日雙人房售價：1200,22.609889,120.362444,開放資料,,,,https://www.taiwanstay.net.tw/TSA/web_page/TSA020200.jsp?hohi_id=13930
928,麗馨麗登汽車旅館,高雄市,鳳山區,旅館,07-7775036,高雄市鳳山區文鳳路96號,平價優質旅宿,1980,業者自報,7800,,,【平價優質旅宿】平日雙人房售價：1980,22.642464,120.349093,開放資料,,,,https://www.taiwanstay.net.tw/TSA/web_page/TSA020200.jsp?hohi_id=12510
929,麗馨麗登精品商旅,高雄市,鳳山區,旅館,07-7462128,高雄市鳳山區曹公路77號,平價優質旅宿,1980,業者自報,5800,,,【平價優質旅宿】平日雙人房售價：1980,22.629618,120.357087,開放資料,,,,https://www.taiwanstay.net.tw/TSA/web_page/TSA020200.jsp?hohi_id=2493
930,城市商旅駁二館,高雄市,鹽埕區,旅館,07-5322777,高雄市鹽埕區公園二路83號,平價優質旅宿,1100,業者自報,9800,,,【平價優質旅宿】平日雙人房售價：1100(不含早餐),22.620229,120.285306,開放資料,,,http://www.citysuites.com.tw,https://www.taiwanstay.net.tw/TSA/web_page/TSA020200.jsp?hohi_id=7427
931,城市商旅高雄真愛館,高雄市,鹽埕區,旅館,07-5215116,高雄市鹽埕區大義街1號,平價優質旅宿,1700,業者自報,9100,,,【平價優質旅宿】平日雙人房售價：1700,22.623914,120.286603,開放資料,,,http://www.citysuites.com.tw,https://www.taiwanstay.net.tw/TSA/web_page/TSA020200.jsp?hohi_id=14903
932,塩˙泊思行旅,高雄市,鹽埕區,旅館,07-5517066,高雄市鹽埕區七賢三路58號3樓~12樓,平價優質旅宿,1600,業者自報,6800,,,【平價優質旅宿】平日雙人房售價：1600,22.623157,120.280756,開放資料,,,http://www.hotellagom.com.tw/,https://www.taiwanstay.net.tw/TSA/web_page/TSA020200.jsp?hohi_id=29740
933,塩晨,高雄市,鹽埕區,民宿,07-5319228,高雄市鹽埕區大公路29號,平價優質旅宿,2600,業者自報,5800,,,【平價優質旅宿】平日雙人房售價：2600,22.626678,120.284428,開放資料,,,,https://www.taiwanstay.net.tw/TSA/web_page/TSA020200.jsp?hohi_id=34009
934,夏優旅居,高雄市,鹽埕區,旅館,07-5328885,高雄市鹽埕區新興街67號,平價優質旅宿,1300,業者自報,8300,,,【平價優質旅宿】平日雙人房售價：1300,22.625501,120.28104,開放資料,,,http://67sayo.com,https://www.taiwanstay.net.tw/TSA/web_page/TSA020200.jsp?hohi_id=19328
935,天子閣飯店,高雄市,鹽埕區,旅館,07-5328899,高雄市鹽埕區七賢三路128號,平價優質旅宿,2780,業者自報,14040,,,【平價優質旅宿】平日雙人房售價：2780,22.624359,120.284899,開放資料,,,,https://www.taiwanstay.net.tw/TSA/web_page/TSA020200.jsp?hohi_id=29811
936,帝后大飯店,高雄市,鹽埕區,旅館,07-5212211,高雄市鹽埕區大公路21號,平價優質旅宿,1900,業者自報,5500,,,【平價優質旅宿】平日雙人房售價：1900,22.626573,120.284694,開放資料,,,https://www.q21hotel.com/,https://www.taiwanstay.net.tw/TSA/web_page/TSA020200.jsp?hohi_id=27007
937,愛河日央,高雄市,鹽埕區,旅館,0983940492-,高雄市鹽埕區七賢二路423號3樓-1、4樓-1,平價優質旅宿,1000,業者自報,4000,1000,,【平價優質旅宿】平日雙人房售價：1000,22.629706,120.285715,開放資料,,,,https://www.taiwanstay.net.tw/TSA/web_page/TSA020200.jsp?hohi_id=3568
938,河畔文旅,高雄市,鹽埕區,旅館,07-5511666,高雄市鹽埕區府北路50號2-9樓,平價優質旅宿,940,業者自報,7000,,,【平價優質旅宿】平日雙人房售價：940,22.629389,120.285527,開放資料,,,,https://www.taiwanstay.net.tw/TSA/web_page/TSA020200.jsp?hohi_id=17032
939,理歐一一一,高雄市,鹽埕區,民宿,0956787799-,高雄市鹽埕區光榮街71巷3號,平價優質旅宿,1480,業者自報,9600,,,【平價優質旅宿】平日雙人房售價：1480,22.623484,120.285267,開放資料,,,,https://www.taiwanstay.net.tw/TSA/web_page/TSA020200.jsp?hohi_id=22010
940,福容大飯店 高雄,高雄市,鹽埕區,觀光旅館,07-5511188,高雄市鹽埕區五福四路45號,國旅補助優惠方案,,,12100,800、1200、1500,2026-12-31,"【國旅補助優惠方案】2026觀光署補助內容:限週日至週四入住,且必須連住同一間合法旅宿。第一晚補助800元,第二晚加碼折抵1200元,連住省更多!省最多。專案內容:1.一晚售價為$3990/晚/間,含2客早餐。2.入住房型:豪華雙床房。3限週日至週四入住,連住兩晚者不可包含週六。4.可再享福容家會員折扣。5.免費WIFI無線上網服務。6.免費使用館內設施三溫暖/健身房/泳池(設施開放狀況依飯店官網公告為主)意事項:1.本優惠專案恕不再與其他優惠合併使用。2.週六每間每晚加價$1,500元,連續假期加價$2000/間;特殊節慶、大型商演活動、演唱會日期、農曆春節不適用3.恕不接受指定樓層與房間,均以現場狀況安排調整之。4.變更樓層、房型依飯店訂價標準加收價差。加人加價規範:成人880元、兒童660元、幼童不佔床不收費。(114cm以下視為幼童,115cm~150cm視為兒童,151cm以上視為成人。((本飯店保留專案價格、內容說明、修改及終止等權益,若有變動,恕不另行通知))",22.621363,120.287711,開放資料,4.4,7639,http://www.fullon-hotels.com.tw/kh/,https://www.taiwanstay.net.tw/TSA/web_page/TSA020200.jsp?hohi_id=3975
941,秝芯旅店駁二館,高雄市,鹽埕區,旅館,07-5219666,高雄市鹽埕區五福四路67號,平價優質旅宿,1140,業者自報,6000,,,【平價優質旅宿】平日雙人房售價：1140,22.622073,120.284507,開放資料,,,https://p2.legendhotel.com.tw/,https://www.taiwanstay.net.tw/TSA/web_page/TSA020200.jsp?hohi_id=19161
942,翰品酒店 高雄,高雄市,鹽埕區,旅館,07-5217388,高雄市鹽埕區大仁路43號1-11樓,平價優質旅宿,2532,業者自報,12480,,,【平價優質旅宿】平日雙人房售價：2532,22.624921,120.285755,開放資料,,,http://kaohsiung.chateaudechine.com/zh-tw,https://www.taiwanstay.net.tw/TSA/web_page/TSA020200.jsp?hohi_id=17734
943,自由宿-鹽埕館,高雄市,鹽埕區,民宿,0906253999-,高雄市鹽埕區光榮街37巷1號,平價優質旅宿,1919,業者自報,9600,,,【平價優質旅宿】平日雙人房售價：1919,22.621522,120.284251,開放資料,,,,https://www.taiwanstay.net.tw/TSA/web_page/TSA020200.jsp?hohi_id=33459
944,闆娘公寓,高雄市,鹽埕區,民宿,0925706363-,高雄市鹽埕區五福四路63巷5號,平價優質旅宿,1560,業者自報,6000,,,【平價優質旅宿】平日雙人房售價：1560,22.621544,120.286908,開放資料,,,,https://www.taiwanstay.net.tw/TSA/web_page/TSA020200.jsp?hohi_id=32464
945,阡陌一舍UNS,高雄市,鹽埕區,民宿,0922375311-,高雄市鹽埕區堀江街23-2號,平價優質旅宿,1744,業者自報,8000,,,【平價優質旅宿】平日雙人房售價：1744,22.621548,120.281619,開放資料,,,,https://www.taiwanstay.net.tw/TSA/web_page/TSA020200.jsp?hohi_id=21910
946,餅弄,高雄市,鹽埕區,民宿,0953148922-,高雄市鹽埕區府北里大有街45-1號,平價優質旅宿,1680,業者自報,15000,,,【平價優質旅宿】平日雙人房售價：1680,22.62861,120.284858,開放資料,,,,https://www.taiwanstay.net.tw/TSA/web_page/TSA020200.jsp?hohi_id=31932
947,高雄愛河智選假日酒店,高雄市,鹽埕區,旅館,07-5323333,高雄市鹽埕區大智路129號4至15樓,平價優質旅宿,2627,業者自報,8000,,,【平價優質旅宿】平日雙人房售價：2627,22.623191,120.286361,開放資料,,,http://www.hiexpress.com/kaohsiunglr,https://www.taiwanstay.net.tw/TSA/web_page/TSA020200.jsp?hohi_id=21861
948,高雄漢王洲際飯店,高雄市,鹽埕區,旅館,07-5313131,高雄市鹽埕區七賢三路98號,平價優質旅宿,2600,業者自報,6600,,,【平價優質旅宿】平日雙人房售價：2600,22.624885,120.281645,開放資料,,,http://kingship.com.tw,https://www.taiwanstay.net.tw/TSA/web_page/TSA020200.jsp?hohi_id=13469
949,鮪魚家族飯店鹽埕館,高雄市,鹽埕區,旅館,07-5215477,"高雄市鹽埕區莒光街198,200號1-7樓",平價優質旅宿,1800,業者自報,6160,,,【平價優質旅宿】平日雙人房售價：1800,22.624546,120.285324,開放資料,,,,https://www.taiwanstay.net.tw/TSA/web_page/TSA020200.jsp?hohi_id=13995
950,四季精品旅館,高雄市,鼓山區,旅館,07-5523322,高雄市鼓山區裕誠路1789號1-3樓,平價優質旅宿,2600,業者自報,5200,,,【平價優質旅宿】平日雙人房售價：2600,22.658681,120.294316,開放資料,,,,https://www.taiwanstay.net.tw/TSA/web_page/TSA020200.jsp?hohi_id=9381
951,御宿商旅明華館,高雄市,鼓山區,旅館,07-5222658,高雄市鼓山區明華路257號,平價優質旅宿,2400,業者自報,8000,,,【平價優質旅宿】平日雙人房售價：2400,22.665106,120.299091,開放資料,,,,https://www.taiwanstay.net.tw/TSA/web_page/TSA020200.jsp?hohi_id=18066
952,御宿汽車旅館博愛館,高雄市,鼓山區,旅館,07-5551901,高雄市鼓山區龍德路2號,平價優質旅宿,1400,業者自報,8000,,,【平價優質旅宿】平日雙人房售價：1400,22.660967,120.295655,開放資料,,,,https://www.taiwanstay.net.tw/TSA/web_page/TSA020200.jsp?hohi_id=9210
953,御宿汽車旅館明誠館,高雄市,鼓山區,旅館,07-5505501,高雄市鼓山區龍勝路333號,平價優質旅宿,1800,業者自報,6000,,,【平價優質旅宿】平日雙人房售價：1800,22.660951,120.295775,開放資料,,,,https://www.taiwanstay.net.tw/TSA/web_page/TSA020200.jsp?hohi_id=14775
954,思旅,高雄市,鼓山區,民宿,0939166821-,高雄市鼓山區臨海一路14之1號,平價優質旅宿,2300,業者自報,2300,,,【平價優質旅宿】平日雙人房售價：2300,22.620496,120.273512,開放資料,,,,https://www.taiwanstay.net.tw/TSA/web_page/TSA020200.jsp?hohi_id=27257
955,承攜行旅學產文教會館高雄美術館,高雄市,鼓山區,旅館,07-5537520,高雄市鼓山區中華一路453號,平價優質旅宿,1810,業者自報,6720,,,【平價優質旅宿】平日雙人房售價：1810,22.656268,120.292249,開放資料,,,,https://www.taiwanstay.net.tw/TSA/web_page/TSA020200.jsp?hohi_id=16095
956,明誠日光精品旅館,高雄市,鼓山區,旅館,07-5552366,高雄市鼓山區龍勝路318號,平價優質旅宿,1500,業者自報,6800,1500,,【平價優質旅宿】平日雙人房售價：1500,22.660861,120.296025,開放資料,,,,https://www.taiwanstay.net.tw/TSA/web_page/TSA020200.jsp?hohi_id=14160
957,樂芙汽車旅館,高雄市,鼓山區,旅館,07-5551591,高雄市鼓山區文信路311號,平價優質旅宿,2500,業者自報,8000,,,【平價優質旅宿】平日雙人房售價：2500,22.664452,120.299681,開放資料,,,http://www.luvumotel.com,https://www.taiwanstay.net.tw/TSA/web_page/TSA020200.jsp?hohi_id=18903
958,碧港良居商旅,高雄市,鼓山區,旅館,07-5331336,高雄市鼓山區哨船街31號,平價優質旅宿,1500,業者自報,1853,1500,,【平價優質旅宿】平日雙人房售價：1500,22.618631,120.268658,開放資料,,,http://watermarkhotel.com.tw,https://www.taiwanstay.net.tw/TSA/web_page/TSA020200.jsp?hohi_id=20846
959,碧港良居商旅西子灣二館,高雄市,鼓山區,旅館,07-5331336,高雄市鼓山區哨船街14號地下室1樓、1、3至5樓,平價優質旅宿,2428,業者自報,8000,,,【平價優質旅宿】平日雙人房售價：2428,22.61799,120.268541,開放資料,,,http://www.watermarkhotel.com.tw,https://www.taiwanstay.net.tw/TSA/web_page/TSA020200.jsp?hohi_id=20165
960,高雄港區-棧貳沐居,高雄市,鼓山區,旅館,07-5317568,高雄市鼓山區蓬萊路17號2樓西側,平價優質旅宿,1800,業者自報,1000,,,【平價優質旅宿】平日雙人房售價：1800,22.619,120.27701,開放資料,,,https://www.kw2.com.tw/,https://www.taiwanstay.net.tw/TSA/web_page/TSA020200.jsp?hohi_id=33247
961,57Villa,屏東縣,恆春鎮,民宿,096397165708-8867657,屏東縣恆春鎮砂尾路68號,國旅補助優惠方案,,,15000,,2026-12-31,【國旅補助優惠方案】凡使用國旅平日住宿獎助或生日券入住57Villa之旅客，入住即贈送迎賓小點心一份！,21.953254,120.730403,開放資料,4.9,202,https://www.facebook.com/ilove57villa,https://www.taiwanstay.net.tw/TSA/web_page/TSA020200.jsp?hohi_id=37195
962,Hana花宿民宿,屏東縣,恆春鎮,民宿,092828067408-8851200,屏東縣恆春鎮船帆路846巷25號,國旅補助優惠方案,,,4200,,2026-12-31,【國旅補助優惠方案】Hana花宿在2011年以峇里島的風格呈現給大家！本館位在船帆石沙灘附近，橘紅相間的外觀造型，讓您感受到熱情洋溢的度假風情。進到一樓大廳，乾燥花.牆花LOGO印入眼簾，讓空間迷漫著浪漫溫馨感！海景雙床房平日價$2400、海景浴缸雙人房平日價$2000訂房注意事項：1.提供免費室外停車場，請先告知，方便保留車位。2.假日．連假．旺季期間，恕不提供烤肉場地。如非上述日期，可先洽詢聯繫。3.寵物入住僅限小型犬，收取押金＄500元，退房檢查無誤即可退還。另外禁止寵物在床上踩踏便溺，以及請勿單獨留寵物在房間，違規者將收取＄2000元，謝謝配合4.嚴禁吸毒趴及任何非法活動。5.有提供小Baby洗澡用澡盆，如有需求可先告知。6.訂房確認後，如因其他非天災之因素要取消訂房者，退訂方式依照如下：14天日前取消者，退款100%。10至13日前取消者，退款70%。7至9日前取消者，退款50%。7日內取消者，不退款。如在訂房網站訂房者，請參照各訂房網站取消政策，謝謝合作。,21.936056,120.823211,開放資料,4.6,99,,https://www.taiwanstay.net.tw/TSA/web_page/TSA020200.jsp?hohi_id=2630
963,Inn巷文創旅店,屏東縣,恆春鎮,民宿,0915151715-,屏東縣恆春鎮興北路興東巷9弄20號,國旅補助優惠方案,,,4208,,2026-12-31,【國旅補助優惠方案】僅限在官網或電話預訂適用本活動優惠!國外訂房網均不適用。,22.011705,120.726573,開放資料,4.8,189,http://innsiangbnb.uukt.com.tw/,https://www.taiwanstay.net.tw/TSA/web_page/TSA020200.jsp?hohi_id=26015
964,七美姑娘旅宿,屏東縣,恆春鎮,民宿,0901181786,屏東縣恆春鎮恆公路78-6號,國旅補助優惠方案,,,3300,,2026-12-31,【國旅補助優惠方案】115年國旅平日住宿獎助＋生日券業者自提優惠方案,21.994919,120.744619,開放資料,,,,https://www.taiwanstay.net.tw/TSA/web_page/TSA020200.jsp?hohi_id=10114
965,二十五度日光民宿,屏東縣,恆春鎮,民宿,0935227189-,屏東縣恆春鎮大埔路81-33號,國旅補助優惠方案,,,7200,,2026-12-31,【國旅補助優惠方案】凡使用國旅平日住宿獎助或生日券入住25度C日光民宿之旅客，入住即贈送迎賓小點心一份！,22.01533,120.73911,開放資料,5,236,,https://www.taiwanstay.net.tw/TSA/web_page/TSA020200.jsp?hohi_id=32650
966,二手童話民宿,屏東縣,恆春鎮,民宿,092121094308-8862993,屏東縣恆春鎮墾丁路和平巷77-3號,國旅補助優惠方案,,,3500,,2026-12-31,【國旅補助優惠方案】連續入住兩晚，民宿再折扣$100(限與民宿業者預訂),21.947088,120.799583,開放資料,,,,https://www.taiwanstay.net.tw/TSA/web_page/TSA020200.jsp?hohi_id=13575
967,佑佑11號民宿,屏東縣,恆春鎮,民宿,0963575939,屏東縣恆春鎮恆公路970巷11號,國旅補助優惠方案,,,2000,,2026-12-31,【國旅補助優惠方案】平日入住即可享用免費停車優惠，民宿位在星巴克跟麥當勞旁，走路至全聯或恆春老街只需5～6分鐘，採買很方便,22.008606,120.741155,開放資料,,,,https://www.taiwanstay.net.tw/TSA/web_page/TSA020200.jsp?hohi_id=1103
968,光隅民宿,屏東縣,恆春鎮,民宿,090205900808-8869008,屏東縣恆春鎮紅柴路13之15號,國旅補助優惠方案,,,7900,,2026-12-31,【國旅補助優惠方案】優惠方案一：光隅｜海洋慢旅行禮遇條件：符合「115年國旅平日住宿獎助」活動資格之旅客，入住光隅民宿即可獲贈「後壁湖半潛艇體驗券」，雙人房每房2張、四人房每房4張（依房型人數提供）；票面價值$380/張。優惠方案二：條件：符合「115年國旅平日住宿獎助」活動資格之旅客，入住光隅民宿即可獲贈輕食早餐兌換券，雙人房每房2張、四人房每房4張（依房型人數提供）；價值$150/張。請注意!!!以上兩個優惠方案僅可二擇一。,21.970234,120.716895,開放資料,5,35,https://www.lighthaus1315.com,https://www.taiwanstay.net.tw/TSA/web_page/TSA020200.jsp?hohi_id=34372
969,凱撒大飯店,屏東縣,恆春鎮,觀光旅館,08-8861888,屏東縣恆春鎮墾丁路6號,國旅補助優惠方案,,,12100,,2026-12-31,【國旅補助優惠方案】墾丁凱撒飯店官網訂房適用，專案內容依飯店官網公告為主。本優惠透過第三方預訂恕不適用，恕不與其他優惠(例如即享券、住宿券、優惠折扣)合併使用。,21.941916,120.805224,開放資料,4.3,8929,https://kenting.caesarpark.com.tw/,https://www.taiwanstay.net.tw/TSA/web_page/TSA020200.jsp?hohi_id=21502
970,博拉樂民宿,屏東縣,恆春鎮,民宿,0905150290-,屏東縣恆春鎮恆西路33巷119號,國旅補助優惠方案,,,3200,,2026-12-31,【國旅補助優惠方案】115年國旅平日住宿獎助＋生日券業者自提優惠方案,21.999918,120.741994,開放資料,5,285,,https://www.taiwanstay.net.tw/TSA/web_page/TSA020200.jsp?hohi_id=27671
971,厝旅店,屏東縣,恆春鎮,民宿,0989011110,屏東縣恆春鎮南灣路130號,國旅補助優惠方案,,,5000,800、1000、1200,2026-12-31,"【國旅補助優惠方案】平日住宿優惠：限週日至週四入住。第一晚補助800元，若連續入住同一旅宿第二晚，最高可再加碼折抵1,200元，每人最多折抵2晚，合計最高可領2,000元。生日住宿優惠：每月限量抽出1,000名當月壽星，中籤者可獲1,200元住宿金。此金額可與「平日住宿優惠」疊加，最高可現折3,200元。",21.960085,120.765058,開放資料,5,120,,https://www.taiwanstay.net.tw/TSA/web_page/TSA020200.jsp?hohi_id=32786
972,呆整天民宿,屏東縣,恆春鎮,民宿,0975297717-,屏東縣恆春鎮恆西路33巷123弄3號,國旅補助優惠方案,,,3200,,2026-12-31,【國旅補助優惠方案】115年國旅平日住宿獎助＋生日券業者自提優惠方案,22.000031,120.742208,開放資料,5,285,,https://www.taiwanstay.net.tw/TSA/web_page/TSA020200.jsp?hohi_id=27789
973,啾來玩民宿,屏東縣,恆春鎮,民宿,0911993770-,屏東縣恆春鎮恆西路33巷107號,國旅補助優惠方案,,,10000,,2026-12-31,【國旅補助優惠方案】115年國旅平日住宿獎助＋生日券業者自提優惠方案,22.000204,120.74191,開放資料,5,258,,https://www.taiwanstay.net.tw/TSA/web_page/TSA020200.jsp?hohi_id=36508
974,四季民宿,屏東縣,恆春鎮,民宿,0983909555,屏東縣恆春鎮南灣路鞍山巷2號,國旅補助優惠方案,,,5800,,2026-12-31,"【國旅補助優惠方案】平日住宿:原價8折生日劵:入住即送1張生日劵,下次住宿可抵用",21.969043,120.757242,開放資料,4.4,113,,https://www.taiwanstay.net.tw/TSA/web_page/TSA020200.jsp?hohi_id=21460
975,土造粗樓民宿,屏東縣,恆春鎮,民宿,092873858708-8894738,屏東縣恆春鎮德和路738號,平價優質旅宿,3300,業者自報,3800,,,【平價優質旅宿】平日雙人房售價：3300,21.995457,120.719325,開放資料,,,https://m.dearbnb.com/zh/bnb/tu-zao-cu-lou/,https://www.taiwanstay.net.tw/TSA/web_page/TSA020200.jsp?hohi_id=26168
976,墾丁假期渡假飯店,屏東縣,恆春鎮,旅館,08-8899999,屏東縣恆春鎮恆公路966號11、12樓,國旅補助優惠方案,,,4500,,2026-12-31,【國旅補助優惠方案】115年國旅平日住宿獎助＋生日券平日/假日-含早餐標準雙人房$2200/$2800雅緻雙人房$2200/$2800雅緻三人房$2500/$3200親子四人房$2800/$3600 不得與其他優惠方式合併使用.團體.連續假日.農曆春節(7.8月份星期六)不適用,22.008461,120.740657,開放資料,3.6,1999,,https://www.taiwanstay.net.tw/TSA/web_page/TSA020200.jsp?hohi_id=8584
977,墾丁光現特色民宿,屏東縣,恆春鎮,民宿,08-8867768,屏東縣恆春鎮大光路78之6號,國旅補助優惠方案,,,5000,,2026-12-31,【國旅補助優惠方案】屏東旅遊補助:115/9/1-12/31平日住宿享95折優惠/續住2晚可享88折優惠價/連續假期不得使用優惠活動擇一使用不得合併,21.947834,120.74194,開放資料,4.8,249,,https://www.taiwanstay.net.tw/TSA/web_page/TSA020200.jsp?hohi_id=3384
978,墾丁夏都沙灘酒店,屏東縣,恆春鎮,旅館,08-8862345,屏東縣恆春鎮墾丁路451號,國旅補助優惠方案,,,13000,,2026-12-31,【國旅補助優惠方案】■適用對象：凡完成國旅補助活動登錄之旅客，透過墾丁夏都沙灘酒店官方線上訂房系統或電話訂房，並於辦理入住時符合國旅補助資格者，即可享有國旅補助優惠。■適用專案：墾丁夏都沙灘酒店官方網站銷售之優惠住房專案。,21.946045,120.790971,開放資料,4.2,6875,http://www.ktchateau.com.tw,https://www.taiwanstay.net.tw/TSA/web_page/TSA020200.jsp?hohi_id=6757
979,墾丁恆美111旅宿,屏東縣,恆春鎮,民宿,08-8899298,屏東縣恆春鎮恆西路33巷111號,國旅補助優惠方案,,,2500,,2026-12-31,【國旅補助優惠方案】凡參加115年國旅平日住宿獎助＋生日券活動，入住墾丁恆美111旅宿，每壹房間，致贈精美潔牙組壹組。,22.000356,120.741844,開放資料,4.4,15,,https://www.taiwanstay.net.tw/TSA/web_page/TSA020200.jsp?hohi_id=19576
980,墾丁沐林會館,屏東縣,恆春鎮,民宿,0982688049-,屏東縣恆春鎮恆公路230號,國旅補助優惠方案,,,7000,,2026-12-31,【國旅補助優惠方案】1.墾丁高雄接送-包車或拼車優惠2.代租摩托車及電動車3.墾丁在地水上活動及生態園區優惠票卷提供4.恆春轉運站免費接送(須先預訂),21.99805,120.74169,開放資料,4.7,793,https://site.owlting.com/mulininn,https://www.taiwanstay.net.tw/TSA/web_page/TSA020200.jsp?hohi_id=777
981,墾丁牧場旅棧民宿,屏東縣,恆春鎮,民宿,08-8862993,屏東縣恆春鎮墾丁路和平巷91號,國旅補助優惠方案,,,3500,,2026-12-31,【國旅補助優惠方案】連續入住兩晚，民宿再折扣$100(限與民宿業者直接預訂),21.947424,120.799527,開放資料,,,,https://www.taiwanstay.net.tw/TSA/web_page/TSA020200.jsp?hohi_id=12139
982,墾丁貝拉司漫民宿,屏東縣,恆春鎮,民宿,08-8883040,屏東縣恆春鎮龍泉路117-1號,平價優質旅宿,3380,業者自報,8000,,,【平價優質旅宿】平日雙人房售價：3380,21.985317,120.730949,開放資料,,,,https://www.taiwanstay.net.tw/TSA/web_page/TSA020200.jsp?hohi_id=16508
983,墾丁青山旅店民宿,屏東縣,恆春鎮,民宿,08-8861001,屏東縣恆春鎮大灣路120巷3號,平價優質旅宿,1880,業者自報,2500,,,【平價優質旅宿】平日雙人房售價：1880,21.943333,120.796586,開放資料,,,,https://www.taiwanstay.net.tw/TSA/web_page/TSA020200.jsp?hohi_id=3601
984,墾丁馬爾地夫溫泉大飯店,屏東縣,恆春鎮,旅館,08-8898999,屏東縣恆春鎮環城北路206號,國旅補助優惠方案,,,3000,800、1200,2026-12-31,"【國旅補助優惠方案】住宿優惠雙重享！活動期間平日（週日至週四，不含國定假日及連續假期）入住本飯店，可享平日住宿獎助，第一晚最高折抵800元、第二晚最高折抵1,200元；抽中觀光署生日券之旅客，最高再折抵1,200元，並可與平日住宿獎助併用。快把握活動期間，安排一趟輕鬆旅行，享受舒適住宿與超值優惠！活動優惠詳情請洽飯店櫃檯！",22.0096,120.745604,開放資料,3.7,4736,http://maldives.com.tw,https://www.taiwanstay.net.tw/TSA/web_page/TSA020200.jsp?hohi_id=5051
985,夏樂民宿,屏東縣,恆春鎮,民宿,0900632096-,屏東縣恆春鎮恆西路33巷123弄8號,國旅補助優惠方案,,,3500,,2026-12-31,【國旅補助優惠方案】115年國旅平日住宿獎助＋生日券業者自提優惠方案,21.999951,120.742355,開放資料,5,214,,https://www.taiwanstay.net.tw/TSA/web_page/TSA020200.jsp?hohi_id=198
986,夏綠地民宿,屏東縣,恆春鎮,民宿,0922720178,屏東縣恆春鎮社興路156號,國旅補助優惠方案,,,3500,,2026-12-31,【國旅補助優惠方案】墾丁國家森林遊樂區（距民宿步行3分鐘）憑民宿名片票價6折優惠社頂生態導覽（距民宿開車兩分鐘）民宿報名票價優惠,21.95742,120.81366,開放資料,,,http://Summer.68bnb.com,https://www.taiwanstay.net.tw/TSA/web_page/TSA020200.jsp?hohi_id=4898
987,夏苑旅宿,屏東縣,恆春鎮,民宿,0975669225-,屏東縣恆春鎮恆西路33巷109號,國旅補助優惠方案,,,3600,,2026-12-31,【國旅補助優惠方案】115年國旅平日住宿獎助＋生日券業者自提優惠方案,22.000122,120.741921,開放資料,,,,https://www.taiwanstay.net.tw/TSA/web_page/TSA020200.jsp?hohi_id=12481
988,天工享棧SUPER INN主題民宿,屏東縣,恆春鎮,民宿,0926371229-,屏東縣恆春鎮恆西路33巷123弄6號,國旅補助優惠方案,,,3000,,2026-12-31,【國旅補助優惠方案】115年國旅平日住宿獎助＋生日券,21.999969,120.742269,開放資料,,,https://superinn-bnb.com/,https://www.taiwanstay.net.tw/TSA/web_page/TSA020200.jsp?hohi_id=10396
989,天漾主題渡假會館,屏東縣,恆春鎮,民宿,0938072710-,屏東縣恆春鎮恆公路672號,國旅補助優惠方案、平價優質旅宿,2500,業者自報,5000,1000,2026-12-31,"【國旅補助優惠方案】本民宿為響應政府國旅補助方案優惠如下:台灣國民皆適用本方案,注意:(本方案不適用各大訂房平台訂房)凡想使用國旅補助旅客請打手機:0938072710或0976650571跟民宿訂房才享有優惠,雙人房第一晚扣補助後只需500元,第二晚續住使用補助直接免費住一晚,四人房第一晚扣補助後只需1000元,第二晚續住扣完補助只須再繳600元,配合助府補助大放送へへ

【平價優質旅宿】平日雙人房售價：2500",22.002508,120.739761,開放資料,4.5,115,,https://www.taiwanstay.net.tw/TSA/web_page/TSA020200.jsp?hohi_id=2922
990,好咖民宿,屏東縣,恆春鎮,民宿,0988669765-,屏東縣恆春鎮恆公路208巷15弄30號,國旅補助優惠方案,,,3800,,2026-12-31,【國旅補助優惠方案】包棟優惠價週一至週四小包棟兩房3800中包棟三房6600大包棟四房9800週日和週五小包棟兩房4800中包棟三房7800大包棟四房10800,21.997511,120.742278,開放資料,4.5,160,https://www.facebook.com/ken.ding.hao.ka.lu.dian.2024,https://www.taiwanstay.net.tw/TSA/web_page/TSA020200.jsp?hohi_id=35895
991,寶島窯民宿,屏東縣,恆春鎮,民宿,0929030384-,屏東縣恆春鎮恆公路1179巷15號,國旅補助優惠方案,,,6000,,2026-12-31,"【國旅補助優惠方案】玩陶DIY活動1.平日住宿或生日玩陶原價300元,優惠100元.2.平日住宿或生日參加手拉坯活動,原價550元,優惠450元.3.TaiwanPASS住宿,參加手拉坯活動,原價550元,優惠450元.",22.013602,120.742128,開放資料,4.8,319,http://pottery.kenting-minsu.tw/,https://www.taiwanstay.net.tw/TSA/web_page/TSA020200.jsp?hohi_id=15881
992,尋夢園,屏東縣,恆春鎮,民宿,08-8863980,屏東縣恆春鎮墾丁路文化巷50-1、52號,平價優質旅宿,1800,業者自報,4200,,,【平價優質旅宿】平日雙人房售價：1800,21.944785,120.798795,開放資料,,,,https://www.taiwanstay.net.tw/TSA/web_page/TSA020200.jsp?hohi_id=2082
993,巴里巴里民宿,屏東縣,恆春鎮,民宿,0983826111-,屏東縣恆春鎮墾丁路通海巷20號,國旅補助優惠方案,,,4500,,,【國旅補助優惠方案】已官網價格為準,21.944937,120.798231,開放資料,4.2,103,,https://www.taiwanstay.net.tw/TSA/web_page/TSA020200.jsp?hohi_id=32785
994,心想事成主題民宿,屏東縣,恆春鎮,民宿,0955972946-,屏東縣恆春鎮恆西路33巷123弄2號,國旅補助優惠方案,,,3000,,2026-12-31,【國旅補助優惠方案】115年國旅平日住宿獎助＋生日券,21.999882,120.74219,開放資料,5,68,,https://www.taiwanstay.net.tw/TSA/web_page/TSA020200.jsp?hohi_id=15195
995,恆春奕棧,屏東縣,恆春鎮,民宿,095541020008-8882611,屏東縣恆春鎮恆公路210之2號,國旅補助優惠方案,,,3000,,2026-11-30,"【國旅補助優惠方案】二人房1180
四人房1880",21.997762,120.74213,開放資料,4.8,92,,https://www.taiwanstay.net.tw/TSA/web_page/TSA020200.jsp?hohi_id=21429
996,恆春老街文化旅社,屏東縣,恆春鎮,旅館,08-8869977,屏東縣恆春鎮中山路41號,國旅補助優惠方案,,,600,,2026-12-31,【國旅補助優惠方案】老街文旅位置在恆春轉運站的前方（約50公尺）恆春老街近四個古城門恆春民謠舘文化中心阿嘉的家星期日的夜市老街上特色美食小吃都在步行可以到達國家公園海生舘均可搭公共街車到達本旅舘亦有機車電動機車出租代歩！,22.002475,120.744533,開放資料,4.6,451,,https://www.taiwanstay.net.tw/TSA/web_page/TSA020200.jsp?hohi_id=17431
997,新艾米渡假會館,屏東縣,恆春鎮,民宿,08-8898377,屏東縣恆春鎮大埔路16號,國旅補助優惠方案,,,10000,,2026-12-31,【國旅補助優惠方案】艾米會館旅遊補助專案：使用旅遊補助住宿，預訂指定房型可享加碼優惠,22.01895,120.74108,開放資料,5,1,https://www.facebook.com/16EmiliaVilla,https://www.taiwanstay.net.tw/TSA/web_page/TSA020200.jsp?hohi_id=8671
998,旅浪民宿,屏東縣,恆春鎮,民宿,0937917298-,屏東縣恆春鎮南灣路林森巷22-1號,國旅補助優惠方案,,,12000,800、1000、1200,2026-12-31,"【國旅補助優惠方案】2026年平日旅遊補助(僅限官方平台訂房平日周日至周四入住使用)1.平日住宿優惠：限定週日至週四（非國定假日）。入住合作旅宿第1晚補助$800，續住同間旅宿第2晚加碼補助$1,200，每人最高可領$2,000補助。補助期限9/1~11/30平日使用2.生日住宿金：採抽籤制，每月抽出1,000名當月壽星，中籤者可獲得$1,200住宿金，可與平日住宿優惠疊加。補助期限9/1~12/31平日使用)使用限制補助方案皆有限額,政府相關單位提供額度額滿為止,入住前須透過觀光屬官網登記並上傳身分證資料,於入住時提供入住本人身分證件壽星住宿金:採「抽籤制」，全年12個月的幸運壽星，每月限量1,000名，中籤者限於生日當月使用。",21.957227,120.770013,開放資料,4.9,267,,https://www.taiwanstay.net.tw/TSA/web_page/TSA020200.jsp?hohi_id=25901
999,暮暮山丘,屏東縣,恆春鎮,民宿,0908872339-,屏東縣恆春鎮恒南路11巷26弄61號,國旅補助優惠方案,,,6500,,2026-12-31,【國旅補助優惠方案】115年國旅平日住宿獎助＋生日券業者優惠方案,22.000937,120.742108,開放資料,5,432,,https://www.taiwanstay.net.tw/TSA/web_page/TSA020200.jsp?hohi_id=36238
1000,有間民宿,屏東縣,恆春鎮,民宿,0968966464-,屏東縣恆春鎮恆公路668巷5號,國旅補助優惠方案,,,2500,,2026-12-31,【國旅補助優惠方案】國旅平日享九折優惠生日當月憑證件享訂房九折優惠,22.001111,120.740384,開放資料,4.5,73,,https://www.taiwanstay.net.tw/TSA/web_page/TSA020200.jsp?hohi_id=35277
1001,李寓恆春的家民宿,屏東縣,恆春鎮,民宿,0910524177-,屏東縣恆春鎮恆南路2巷86弄71號,國旅補助優惠方案,,,6000,,2026-12-31,【國旅補助優惠方案】「平日住進李寓恆春的家｜揪家人連住兩晚，住宿費最高折抵8000元」活動期間2026年9月1日至11月30日，每週日至週四入住；國定假日及連續假期不適用。經費用罄可能提前截止。超適合*8～12人的家庭、親友小旅行*三代同堂或手足家庭聚會*可安排平日休假的自由工作者*退休族、熟齡家庭*想避開假日人潮的親子旅客官方line訂房：@leehome2021,21.995171,120.747696,開放資料,5,54,,https://www.taiwanstay.net.tw/TSA/web_page/TSA020200.jsp?hohi_id=30606
1002,森活會館,屏東縣,恆春鎮,民宿,08-8881986,屏東縣恆春鎮省北路375號,國旅補助優惠方案,,,5600,,2026-12-31,【國旅補助優惠方案】森活會館旅遊補助專案：使用旅遊補助住宿，預訂指定房型可享加碼優惠,22.01963,120.74342,開放資料,3.7,28,https://www.facebook.com/itsLife375,https://www.taiwanstay.net.tw/TSA/web_page/TSA020200.jsp?hohi_id=15855
1003,椰林之家民宿,屏東縣,恆春鎮,民宿,08-8866907,屏東縣恆春鎮砂尾路71-1號,國旅補助優惠方案、平價優質旅宿,2800,業者自報,6000,,2026-12-31,"【國旅補助優惠方案】115年國旅平日住宿獎助＋生日券住宿優惠折價$200

【平價優質旅宿】平日雙人房售價：2800",21.955937,120.732954,開放資料,4.7,149,,https://www.taiwanstay.net.tw/TSA/web_page/TSA020200.jsp?hohi_id=8434
1004,橘月民宿,屏東縣,恆春鎮,民宿,08-8861230,屏東縣恆春鎮墾丁路和平巷77-2號,平價優質旅宿,1800,業者自報,3500,,,【平價優質旅宿】平日雙人房售價：1800(不含早餐),21.947084,120.797217,開放資料,,,https://www.orange-moon.com.tw/,https://www.taiwanstay.net.tw/TSA/web_page/TSA020200.jsp?hohi_id=7089
1005,橘色,屏東縣,恆春鎮,民宿,0988549459,屏東縣恆春鎮恆公路208巷7號,國旅補助優惠方案,,,3600,1500,2026-12-31,【國旅補助優惠方案】115年國旅平日住宿獎助+生日券平日雙人房優惠每晚1500元起平日四人房優惠每晚2500元起入住橘色，遠離喧囂，享受墾丁悠閒假期，依房型及房況提供優惠，歡迎預約。,21.997798,120.742287,開放資料,4.8,186,,https://www.taiwanstay.net.tw/TSA/web_page/TSA020200.jsp?hohi_id=21937
1006,沃丘民宿,屏東縣,恆春鎮,民宿,0910769617,屏東縣恆春鎮四溝路76號,國旅補助優惠方案,,,15000,,2026-12-31,【國旅補助優惠方案】凡使用國旅平日住宿獎助或生日券入住沃丘民宿之旅客，入住即贈送一份迎賓小點心。,22.009922,120.728824,開放資料,5,315,,https://www.taiwanstay.net.tw/TSA/web_page/TSA020200.jsp?hohi_id=31791
1007,沐睦民宿,屏東縣,恆春鎮,民宿,0975260908,屏東縣恆春鎮光明路110號,平價優質旅宿,1200,業者自報,2500,1200,,【平價優質旅宿】平日雙人房售價：1200(淡)1400(旺)(不含早餐),22.00269,120.74306,開放資料,,,,https://www.taiwanstay.net.tw/TSA/web_page/TSA020200.jsp?hohi_id=11868
1008,沙戀民宿,屏東縣,恆春鎮,民宿,0937917298,屏東縣恆春鎮南灣路林森巷22號,國旅補助優惠方案,,,9000,800、1000、1200,2026-12-31,"【國旅補助優惠方案】2026年平日國旅補助優惠方案(僅限官網訂房平日周日至周四入住)1.平日住宿補助(補助期間9/1~11/30)週日至週四入住合法旅宿，第一晚折800元，「續住」同一間折1,200元，合計最高可折抵2,000元。2.壽星生日金(補助期間9/1~12/31)每月抽出1,000名壽星（全年1.2萬名），每人可獲得1,200元的平日住宿優惠金。＊如果幸運中籤，又在平日入住同一家飯店連續兩個晚上，就可以同時使用住宿補助和壽星生日金，最高能現折3200元。3.指定樂園免費入園憑平日住宿發票，可享全台26家指定主題樂園免費入園一次。相關限制如下Q1.可以用國際訂房平台訂嗎？A：不行唷！如果想使用補助優惠，需要透過旅宿的官方管道（如官網或官方App），或直接打電話預訂，才有符合補助資格,agoda或booking等訂房網預訂皆無法申請補助Q2.申請到了就一定有補助嗎？A：補助採「總量管制」，即便完成登錄或中籤，若該旅宿的補助額度已提前被領取完畢，現場將無法再折抵。建議出發前務必致電旅宿業者，確認目前的「剩餘補助配額」。",21.957142,120.77005,開放資料,4.9,267,,https://www.taiwanstay.net.tw/TSA/web_page/TSA020200.jsp?hohi_id=25900
1009,河堤墾丁渡假酒店,屏東縣,恆春鎮,旅館,08-8893138,"屏東縣恆春鎮恆公路1178號2樓,1180號1-15樓",國旅補助優惠方案,,,5200,,2026-12-31,【國旅補助優惠方案】凡符合國旅活動參加資格者，可透過官網線上訂房、電話訂房或現場訂房，並享有國旅補助優惠。於飯店官網提供之住宿房型，皆適用本活動優惠；實際優惠內容及適用條件依官網公告為準。,22.013691,120.743405,開放資料,4.4,1171,https://www.riverhotel.com.tw,https://www.taiwanstay.net.tw/TSA/web_page/TSA020200.jsp?hohi_id=3937
1010,河堤時尚旅店,屏東縣,恆春鎮,旅館,08-8883111,屏東縣恆春鎮恆南路123號,國旅補助優惠方案,,,3300,,2026-12-31,【國旅補助優惠方案】凡符合國旅活動參加資格者，可透過官網線上訂房、電話訂房或現場訂房，並享有國旅補助優惠。於飯店官網提供之住宿房型，皆適用本活動優惠；實際優惠內容及適用條件依官網公告為準。,21.996433,120.744898,開放資料,4.2,1973,,https://www.taiwanstay.net.tw/TSA/web_page/TSA020200.jsp?hohi_id=7705
1011,波拉波拉民宿,屏東縣,恆春鎮,民宿,0983909555,屏東縣恆春鎮南灣路鞍山巷6號,國旅補助優惠方案、平價優質旅宿,2200,業者自報,4200,,2026-12-31,"【國旅補助優惠方案】平日住宿:原價8折生日劵:入住即送1張生日劵,下次住宿可抵用

【平價優質旅宿】平日雙人房售價：2200",21.969017,120.756949,開放資料,4.6,254,http://www.ktborabora.com/,https://www.taiwanstay.net.tw/TSA/web_page/TSA020200.jsp?hohi_id=6919
1012,津津音樂客棧民宿,屏東縣,恆春鎮,民宿,0905809860,屏東縣恆春鎮墾丁路148號,平價優質旅宿,2200,業者自報,2200,,,【平價優質旅宿】平日雙人房售價：2200(不含早餐),21.94561,120.79919,開放資料,,,,https://www.taiwanstay.net.tw/TSA/web_page/TSA020200.jsp?hohi_id=271
1013,牛奶糖民宿,屏東縣,恆春鎮,民宿,0917293775-,"屏東縣恆春鎮北門路32,34號",國旅補助優惠方案,,,5200,,2026-12-31,【國旅補助優惠方案】包棟續住，第二晚民宿加碼再折3000元！,22.004716,120.747089,開放資料,,,,https://www.taiwanstay.net.tw/TSA/web_page/TSA020200.jsp?hohi_id=7793
1014,玹玹映月民宿,屏東縣,恆春鎮,民宿,0911877909-,屏東縣恆春鎮下泉路5-6號,國旅補助優惠方案,,,5000,,2026-12-31,【國旅補助優惠方案】115年國旅平日住宿獎助，生日劵及平日住宿優惠200元,21.93239,120.731043,開放資料,4.9,208,,https://www.taiwanstay.net.tw/TSA/web_page/TSA020200.jsp?hohi_id=26816
1015,瑪雅之家,屏東縣,恆春鎮,民宿,08-8861925,屏東縣恆春鎮墾丁路330-6號,平價優質旅宿,2200,業者自報,3800,,,【平價優質旅宿】平日雙人房售價：2200,21.949738,120.790582,開放資料,,,http://www.maya-house.com.tw/,https://www.taiwanstay.net.tw/TSA/web_page/TSA020200.jsp?hohi_id=12656
1016,白沙35民宿,屏東縣,恆春鎮,民宿,08-8866001,屏東縣恆春鎮水泉里白沙路35號,國旅補助優惠方案,,,4200,,2026-12-31,【國旅補助優惠方案】@當月份壽星入住贈送一顆草業大地皂＠活動期間入住，可預訂早餐DIY手作窯烤PIZZA活動,21.937373,120.716196,開放資料,4.4,173,,https://www.taiwanstay.net.tw/TSA/web_page/TSA020200.jsp?hohi_id=25962
1017,盤古拉渡假花園民宿,屏東縣,恆春鎮,民宿,08-8851688,屏東縣恆春鎮埔頂路525號,國旅補助優惠方案,,,6800,,2026-12-31,【國旅補助優惠方案】屏東旅遊補助:115/9/1-12/31平日住宿享95折優惠/續住2晚可享88折優惠價/連續假期不得使用優惠活動擇一使用不得合併,21.919461,120.843763,開放資料,,,,https://www.taiwanstay.net.tw/TSA/web_page/TSA020200.jsp?hohi_id=13407
1018,福容徠旅墾丁,屏東縣,恆春鎮,旅館,08-8862988,屏東縣恆春鎮墾丁路235、233-1號,國旅補助優惠方案,,,7700,800、1200,2026-12-31,【國旅補助優惠方案】「生日補助」使用生日補助預訂「年度專案（徠旅假期)」，飯店加碼400元。※兩天一夜：政府補助1200元＋飯店加碼400元，最高可折抵房費1600元。「平日補助」使用平日補助預訂「年度專案（徠旅假期)」，飯店加碼第一晚400元，續住第二晚600元，可直接折抵房費。※兩天一夜：政府補助800元＋飯店加碼400元，最高可折抵房費1200元※三天二夜：政府補助800元＋政府補助1200元＋飯店加碼400元＋飯店加碼600元，最高可折抵房費3000元。上述旅遊補助及生日補助，依照政府規範可合併使用，惟飯店加碼擇一使用。,21.945588,120.797352,開放資料,,,,https://www.taiwanstay.net.tw/TSA/web_page/TSA020200.jsp?hohi_id=13840
1019,禾森旅店,屏東縣,恆春鎮,民宿,097207961908-8861161,屏東縣恆春鎮墾丁路和平巷31號,國旅補助優惠方案,,,3800,,2026-12-31,【國旅補助優惠方案】115年國旅平日住宿獎助+生日劵業者自提優惠方案,21.946066,120.798502,開放資料,4.6,247,https://088861161.ego.tw/,https://www.taiwanstay.net.tw/TSA/web_page/TSA020200.jsp?hohi_id=9471
1020,經典公仔主題民宿,屏東縣,恆春鎮,民宿,08-8894176,屏東縣恆春鎮福德路35號,國旅補助優惠方案,,,3280,800、1200,2026-12-31,"【國旅補助優惠方案】1.平日住宿每晚最多折抵800元..(日期115.09.01~115.11.30,補助金額用完即止.2.生日券獎勵折抵金額1200元.3.TaiwanPASS***平日~為週日至週四,遇國定假及連續假除外...",22.00377,120.74448,開放資料,5,65,http://www.uukt.com.tw/kenting/47739,https://www.taiwanstay.net.tw/TSA/web_page/TSA020200.jsp?hohi_id=16040
1021,綠院子民宿,屏東縣,恆春鎮,民宿,0985919888,屏東縣恆春鎮恆公路82號,平價優質旅宿,2400,業者自報,4180,,,【平價優質旅宿】平日雙人房售價：2400,21.994658,120.744126,開放資料,,,,https://www.taiwanstay.net.tw/TSA/web_page/TSA020200.jsp?hohi_id=16822
1022,美夢成真主題民宿,屏東縣,恆春鎮,民宿,095597294608-8891003,屏東縣恆春鎮恆西路33巷123弄1號,國旅補助優惠方案,,,3000,,2026-12-31,【國旅補助優惠方案】115年國旅平日住宿獎助＋生日券,21.999972,120.742195,開放資料,4.5,69,,https://www.taiwanstay.net.tw/TSA/web_page/TSA020200.jsp?hohi_id=4928
1023,美好墾丁旅閣民宿,屏東縣,恆春鎮,民宿,08-8851317,屏東縣恆春鎮船帆路846巷70號,國旅補助優惠方案,,,4200,,,【國旅補助優惠方案】國旅補助期間.歡迎光臨,21.937094,120.823828,開放資料,4.7,116,,https://www.taiwanstay.net.tw/TSA/web_page/TSA020200.jsp?hohi_id=4817
1024,耘居villa,屏東縣,恆春鎮,民宿,0981114423,屏東縣恆春鎮恆北路75巷26號,國旅補助優惠方案,,,4200,,2026-12-31,【國旅補助優惠方案】115年國旅平日住宿獎助＋生日券來啦！來安排一趟省荷包又玩得盡興的旅行，揪家人、好友一起出發墾丁，開啟一場超歡樂的包棟假期吧！ 入住耘居BittersweetVilla，一天只接待一組旅客，整棟都是你們的私人度假空間！白天衝墾丁景點、海邊玩水，晚上回民宿開啟歡樂模式：75吋電視追劇、KTV唱到過癮、電動麻將桌激戰、大庭院好友相聚聊天烤肉，還有SPA戲水池讓小朋友盡情放電！ 民宿可容納8–16人，設有電梯、專屬停車場及親子用品，家庭旅遊、好友聚會、員工旅遊都超適合！符合資格的旅客，可依活動辦法使用平日住宿獎助＋生日券，玩得開心也能省得漂亮！名額有限、平日房況搶手，快揪團訂房啦！ 屏東縣恆春鎮恆福二街30號 官方LINE：@ug26#國旅補助#國旅住宿獎助#生日券#墾丁包棟#恆春包棟#耘居Villa#親子旅遊#好友出遊#包棟烤肉,22.010573,120.748187,開放資料,5,49,,https://www.taiwanstay.net.tw/TSA/web_page/TSA020200.jsp?hohi_id=31012
1025,艸祭會館,屏東縣,恆春鎮,民宿,090121096008-8883001,屏東縣恆春鎮南灣路962號,國旅補助優惠方案,,,8000,,2026-12-31,【國旅補助優惠方案】當月壽星即贈送艸祭莊園限定實用小禮,21.983887,120.750786,開放資料,4.8,151,,https://www.taiwanstay.net.tw/TSA/web_page/TSA020200.jsp?hohi_id=32537
1026,蒔花澄旅,屏東縣,恆春鎮,民宿,0978035022-,屏東縣恆春鎮四溝里興北路興東巷9弄5號,國旅補助優惠方案,,,6600,,2026-12-31,【國旅補助優惠方案】使用國旅平日住宿獎助或是生日券入住蒔花澄旅之旅客，入住即贈送一份迎賓小點心！,22.010918,120.726885,開放資料,4.8,208,,https://www.taiwanstay.net.tw/TSA/web_page/TSA020200.jsp?hohi_id=25953
1027,藍海之丘民宿,屏東縣,恆春鎮,民宿,0937279099-,屏東縣恆春鎮白沙路26-6號,國旅補助優惠方案,3200,業者官網,4400,,2026-12-31,【國旅補助優惠方案】加碼：平日住宿七折～八五折折扣＋平日住宿獎助＋生日券可疊加使用,21.937106,120.717811,開放資料,4.6,271,http://www.blueoceanhill.com/,https://www.taiwanstay.net.tw/TSA/web_page/TSA020200.jsp?hohi_id=31629
1028,覓夏旅店民宿,屏東縣,恆春鎮,民宿,0939255709,屏東縣恆春鎮南灣路104號,國旅補助優惠方案,,,6500,,2026-12-31,【國旅補助優惠方案】＊如不需早餐雙人房再折200元/四人房400元。＊可與覓夏旅店官網優惠方案並行使用。（優惠方案請參考粉絲專頁、Instagram或是官方LINE）,21.959743,120.765963,開放資料,4.7,302,,https://www.taiwanstay.net.tw/TSA/web_page/TSA020200.jsp?hohi_id=5032
1029,貝殼小棧,屏東縣,恆春鎮,民宿,0933684343,屏東縣恆春鎮恆公路1020之2號,平價優質旅宿,2000,業者自報,3300,,,【平價優質旅宿】平日雙人房售價：2000,22.01041,120.741671,開放資料,,,,https://www.taiwanstay.net.tw/TSA/web_page/TSA020200.jsp?hohi_id=11913
1030,迦那會館,屏東縣,恆春鎮,民宿,0935951342-,屏東縣恆春鎮船帆路846巷72號,國旅補助優惠方案,,,4800,,2026-12-31,【國旅補助優惠方案】凡是在國旅補助期間，有抽中補助優惠資格者，入住迦那會館，可享有優惠資格,21.936727,120.824038,開放資料,4.6,56,,https://www.taiwanstay.net.tw/TSA/web_page/TSA020200.jsp?hohi_id=35843
1031,遇見，白居旅宿,屏東縣,恆春鎮,民宿,0925360196-,屏東縣恆春鎮北門路110巷15號,國旅補助優惠方案,,,2000,,2026-12-31,【國旅補助優惠方案】**平日住宿雙人房總價1480起，四人房1980起，上述方案皆不含早餐。**(方案與各大OTA(訂房平台)優惠，無法併用)以上注意事項:1.不含國定連續假日及一般假日，前述一般假日為週五、週六。2.全館禁菸，如有損壞依法賠償。3.本館櫃檯，非飯店旅館常設服務接待人員。4.本館位於住宅巷弄，請勿半夜喧鬧。5.有問題請盡早提出，切勿半夜呼叫。6.房間及櫃台設有恆春主要醫院緊急聯繫電話。7.本館客人退房時皆有清潔，如入住時，忽有小寵物從外跑來跑出，切勿驚慌並請聯繫，感謝您。8.謝謝您的來訪，希望下次有機會再到恆春半島旅遊。9.接待阿姨為恆春半島在地生活長久的長輩，偶有熱情，偶有匆忙而來，請見諒或請提早告知入住時間。10.入住時間為下午3點~晚間8點30分，退房為隔日上午11點，如提早抵達可寄放行李，如想提早入住或延時退房，如能接受加價付費(150元/hr)即可。11.清晨到海邊衝浪或萬里桐/後壁湖/香蕉灣等地浮淺者，如已超過退房時間，因要清潔，無法再提供進房淋浴，但1樓設有備用浴室可借淋浴。,22.006555,120.748084,開放資料,3.7,57,https://www.agoda.com/zh-tw/bai-ji-yi-b-b/hotel/kenting-tw.html?cid=1844104&ds=ahï¼2F02ï¼2FnGaZsï¼2FfTIi,https://www.taiwanstay.net.tw/TSA/web_page/TSA020200.jsp?hohi_id=2211
1032,邱比特民宿,屏東縣,恆春鎮,民宿,0958845568-,屏東縣恆春鎮恆西路1巷5號之8,國旅補助優惠方案,,,3200,,2026-12-31,【國旅補助優惠方案】1.續住免費加碼:以國旅平日住宿獎助專案入住三天兩夜，加碼贈送價值$180元恆春B&S陳氏咖啡下午茶1組(含$90元飲品+$90原甜點)。2.續住+生日免費加碼+升等:以國旅平日住宿獎助專案入住三天兩夜＋生日券入住，加碼贈送價值$180元恆春B&S陳氏咖啡下午茶1組(含$90元飲品+$90原甜點)，舒適雙人房免費升等幸福四人房。,22.001842,120.742258,開放資料,5,31,,https://www.taiwanstay.net.tw/TSA/web_page/TSA020200.jsp?hohi_id=35682
1033,風尚會館,屏東縣,恆春鎮,民宿,08-8851196,屏東縣恆春鎮船帆路676巷5-1號,國旅補助優惠方案,,,7000,,2026-12-31,【國旅補助優惠方案】官網價格九折優惠當日壽星八折優惠另外參加集點活動,21.933544,120.824084,開放資料,4.9,287,http://www.funsonhotel.com.tw,https://www.taiwanstay.net.tw/TSA/web_page/TSA020200.jsp?hohi_id=1630
1034,風海山會館,屏東縣,恆春鎮,民宿,0975297807-,屏東縣恆春鎮環城北路120號,國旅補助優惠方案,,,4200,,2026-12-31,【國旅補助優惠方案】於生日當天入住風海山會館，贈送每位壽星旅人風海山會館聯名帆布包1只。,22.008818,120.747935,開放資料,5,384,https://www.windseahillinn.com/,https://www.taiwanstay.net.tw/TSA/web_page/TSA020200.jsp?hohi_id=26995
1035,22旅店民宿,屏東縣,東港鎮,民宿,0958935355,屏東縣東港鎮大成路22巷22號,平價優質旅宿,1800,業者自報,1600,,,【平價優質旅宿】平日雙人房售價：1800(不含早餐),22.461277,120.45648,開放資料,,,,https://www.taiwanstay.net.tw/TSA/web_page/TSA020200.jsp?hohi_id=10805
1036,大鵬灣大飯店,屏東縣,東港鎮,旅館,096331703208-8353222,屏東縣東港鎮中山路59號,國旅補助優惠方案,,,5280,800、1000、1200,2026-12-31,"【國旅補助優惠方案】國民生日禮（生日住宿金）：每月抽出1,000名當月壽星（全年1萬2,000名），提供每人1,200元住宿金，限生日當月平日使用。(需出示本人證件證明)平日住宿優惠：適用週日至週四，採「事前登錄＋抽籤制」。連續入住同一家合法旅宿，第一晚折抵800元，第二晚加碼折抵1,200元，合計最高可折抵2,000元。最強疊加優惠：中籤壽星若於平日連續入住同一旅宿兩晚，最高可折抵3,200元（連住補助$2000＋生日金$1200）。請注意，補助方案設有總量管制，且必須透過旅宿「官方網站」或「電話」直接訂房才適用，使用訂房平台（如Agoda、Booking.com）將無法折抵。具體實施細則與確切登記時間，請隨時關注交通部觀光署官方最新公告。",22.466381,120.450616,開放資料,4,1520,,https://www.taiwanstay.net.tw/TSA/web_page/TSA020200.jsp?hohi_id=2081
1037,好客行館,屏東縣,東港鎮,民宿,0921900767,屏東縣東港鎮明禮路196號,平價優質旅宿,1500,業者自報,3800,1500,,【平價優質旅宿】平日雙人房售價：1500,22.473068,120.462984,開放資料,,,,https://www.taiwanstay.net.tw/TSA/web_page/TSA020200.jsp?hohi_id=5157
1038,宜家莊親子民宿,屏東縣,東港鎮,民宿,0933305061-,屏東縣東港鎮新學路230號1至4樓,平價優質旅宿,2200,業者自報,8000,,,【平價優質旅宿】平日雙人房售價：2200(不含早餐),22.471328,120.455693,開放資料,,,,https://www.taiwanstay.net.tw/TSA/web_page/TSA020200.jsp?hohi_id=31655
1039,幸福浪漫旅,屏東縣,東港鎮,民宿,0927261127,屏東縣東港鎮興中東二街70號,平價優質旅宿,2800,業者自報,3600,,,【平價優質旅宿】平日雙人房售價：2800,22.477298,120.464587,開放資料,,,,https://www.taiwanstay.net.tw/TSA/web_page/TSA020200.jsp?hohi_id=14331
1040,東之港汽車旅館,屏東縣,東港鎮,旅館,08-8352229,屏東縣東港鎮船頭里水源二街139號,國旅補助優惠方案,,,1680,,2026-12-31,【國旅補助優惠方案】115年國旅平日住宿獎助＋生日券,22.467434,120.462173,開放資料,,,,https://www.taiwanstay.net.tw/TSA/web_page/TSA020200.jsp?hohi_id=13230
1041,東帆巷弄休閒民宿,屏東縣,東港鎮,民宿,0916662883,屏東縣東港鎮興東路65之110號,平價優質旅宿,2080,業者自報,3880,,,【平價優質旅宿】平日雙人房售價：2080,22.481682,120.466675,開放資料,,,,https://www.taiwanstay.net.tw/TSA/web_page/TSA020200.jsp?hohi_id=33394
1042,東港許願宿民宿,屏東縣,東港鎮,民宿,08-8336397,屏東縣東港鎮新基街109巷6號,平價優質旅宿,2398,業者自報,2880,,,【平價優質旅宿】平日雙人房售價：2398,22.469056,120.45281,開放資料,,,https://pingtung.easytravel.com.tw/,https://www.taiwanstay.net.tw/TSA/web_page/TSA020200.jsp?hohi_id=8970
1043,海王星會館特色民宿,屏東縣,東港鎮,民宿,08-8339922,屏東縣東港鎮大東路328巷15號,平價優質旅宿,2800,業者自報,4200,,,【平價優質旅宿】平日雙人房售價：2800,22.459962,120.464372,開放資料,,,https://www.booking.com/Share-hbLNa2,https://www.taiwanstay.net.tw/TSA/web_page/TSA020200.jsp?hohi_id=2827
1044,漁宅文旅,屏東縣,東港鎮,民宿,0919209016-,屏東縣東港鎮水源二街2號,國旅補助優惠方案,,,6000,,2026-12-31,【國旅補助優惠方案】115年國旅平日住宿獎助+生日券限電話訂房，臉書粉專，IG訂房,22.46668,120.462175,開放資料,4.9,134,,https://www.taiwanstay.net.tw/TSA/web_page/TSA020200.jsp?hohi_id=34473
1045,濱灣文旅民宿,屏東縣,東港鎮,民宿,0925397230-,屏東縣東港鎮大和街33號,國旅補助優惠方案,,,6000,,2026-12-31,【國旅補助優惠方案】凡入住並符合「115年國旅平日住宿補助」資格之旅客，退房時加贈精美小禮物乙份（每房限贈一份）。,22.46003,120.467551,開放資料,5,208,,https://www.taiwanstay.net.tw/TSA/web_page/TSA020200.jsp?hohi_id=36078
1046,灣稻旅居民宿,屏東縣,東港鎮,民宿,096503389608-8332896,屏東縣東港鎮東新路3號,國旅補助優惠方案,,,4200,800、1200,2026-12-31,"【國旅補助優惠方案】週日至週四（平日）入住，第一晚折$800，續住第二晚加碼折$1,200。****限201、202、301、302房!!@@訂房連結@@https://www.booking-owlnest.com/wandaobnb?lang=zh_TW&adult=1&child=0&infant=0",22.472742,120.464581,開放資料,,,https://www.wandaobnb.com/,https://www.taiwanstay.net.tw/TSA/web_page/TSA020200.jsp?hohi_id=12170
1047,瑞柒民宿,屏東縣,東港鎮,民宿,0972830898-,屏東縣東港鎮明禮路176巷26號,國旅補助優惠方案,,,5000,,2026-12-31,【國旅補助優惠方案】活動內容配合交通部觀光署及屏東縣政府辦理國旅住宿優惠方案，提供平日住宿獎勵、生日住宿優惠券及台灣PASS住宿抵用券等相關優惠，依政府公告辦法及使用規範辦理。適用對象符合交通部觀光署及屏東縣政府各項優惠方案資格之國內旅客。優惠細節本館配合交通部觀光署及屏東縣政府公告之國旅住宿優惠方案辦理，實際優惠內容、使用資格、折抵方式及適用期間，依各項活動公告規定為準。,22.472791,120.463297,開放資料,5,126,,https://www.taiwanstay.net.tw/TSA/web_page/TSA020200.jsp?hohi_id=34501
1048,留下旅舍民宿,屏東縣,東港鎮,民宿,08-8336586,屏東縣東港鎮船頭路24-78號,國旅補助優惠方案、平價優質旅宿,1450,業者自報,6000,,2026-12-31,"【國旅補助優惠方案】入住送調酒或軟性飲料一杯

【平價優質旅宿】平日雙人房售價：1450(不含早餐)",22.46118,120.460763,開放資料,4.7,575,http://www.thewaytaiwan.com,https://www.taiwanstay.net.tw/TSA/web_page/TSA020200.jsp?hohi_id=2520
1049,秘境民宿,屏東縣,東港鎮,民宿,08-8333345,屏東縣東港鎮水源路223號,平價優質旅宿,2400,業者自報,7800,,,【平價優質旅宿】平日雙人房售價：2400,22.465909,120.458311,開放資料,,,,https://www.taiwanstay.net.tw/TSA/web_page/TSA020200.jsp?hohi_id=26907
1050,綠芳水岸民宿,屏東縣,東港鎮,民宿,08-8336111,屏東縣東港鎮博愛街298號,平價優質旅宿,2800,業者自報,3880,,,【平價優質旅宿】平日雙人房售價：2800,22.469654,120.449511,開放資料,,,,https://www.taiwanstay.net.tw/TSA/web_page/TSA020200.jsp?hohi_id=1700
1051,自在旅店,屏東縣,東港鎮,民宿,0955750272,屏東縣東港鎮南平路190號,平價優質旅宿,2500,業者自報,3500,,,【平價優質旅宿】平日雙人房售價：2500,22.433296,120.479125,開放資料,,,https://www.isvara-inn.com/,https://www.taiwanstay.net.tw/TSA/web_page/TSA020200.jsp?hohi_id=1949
1052,艾khùn行旅民宿,屏東縣,東港鎮,民宿,0911644454-,屏東縣東港鎮船頭里18鄰嘉新一街28號,平價優質旅宿,2200,業者自報,3500,,,【平價優質旅宿】平日雙人房售價：2200(不含早餐),22.460674,120.456446,開放資料,,,https://ikhun.com,https://www.taiwanstay.net.tw/TSA/web_page/TSA020200.jsp?hohi_id=27546
1053,芳鄰民宿,屏東縣,東港鎮,民宿,0988610213,屏東縣東港鎮嘉新路160、162號,平價優質旅宿,2580,業者自報,3800,,,【平價優質旅宿】平日雙人房售價：2580,22.46083,120.45718,開放資料,,,http://funnybnb.com/,https://www.taiwanstay.net.tw/TSA/web_page/TSA020200.jsp?hohi_id=6498
1054,遇見幸福地民宿,屏東縣,東港鎮,民宿,0919209016-,屏東縣東港鎮船頭路24-70號,國旅補助優惠方案、平價優質旅宿,1780,業者自報,4600,,2026-12-31,"【國旅補助優惠方案】15年國旅平日住宿獎助＋生日券限電話訂房9折優惠

【平價優質旅宿】平日雙人房售價：1780",22.461478,120.461033,開放資料,4.8,197,http://www.choumeihui.url.tw/Main/Price.aspx,https://www.taiwanstay.net.tw/TSA/web_page/TSA020200.jsp?hohi_id=32519
1055,鐵馬騎跡,屏東縣,東港鎮,民宿,0952848898-,屏東縣東港鎮新學路50號,平價優質旅宿,1880,業者自報,800,,,【平價優質旅宿】平日雙人房售價：1880(不含早餐),22.468101,120.457649,開放資料,,,,https://www.taiwanstay.net.tw/TSA/web_page/TSA020200.jsp?hohi_id=482
1056,阿瑪斐民宿,屏東縣,東港鎮,民宿,0929334450-,屏東縣東港鎮明禮路121號,平價優質旅宿,1980,業者自報,3800,,,【平價優質旅宿】平日雙人房售價：1980,22.47197,120.46302,開放資料,,,,https://www.taiwanstay.net.tw/TSA/web_page/TSA020200.jsp?hohi_id=10095
1057,浩斯國際-枋客文旅,屏東縣,枋寮鄉,旅館,08-8780888,屏東縣枋寮鄉中興路22-19號,國旅補助優惠方案,,,5400,,2026-12-31,【國旅補助優惠方案】僅限生日券優惠方案：當月壽星入住並出示證件，享調酒招待券乙杯。,22.367601,120.593231,開放資料,,,http://www.fangliaohotel.com.tw/,https://www.taiwanstay.net.tw/TSA/web_page/TSA020200.jsp?hohi_id=11026
1058,蘭心山莊民宿,屏東縣,枋寮鄉,民宿,08-8712951,屏東縣枋寮鄉中正大路666-2號,國旅補助優惠方案,,,3500,,2026-12-31,【國旅補助優惠方案】每房贈蘭欣山莊農場伴手禮一罐(馬來泡椒/朝天蒜味辣椒醬/開胃蔭椒)三選一,22.375467,120.601479,開放資料,4.5,86,,https://www.taiwanstay.net.tw/TSA/web_page/TSA020200.jsp?hohi_id=15161
1059,金品旅店,屏東縣,枋寮鄉,民宿,0925148768-,屏東縣枋寮鄉僑德路218號,國旅補助優惠方案,,,5000,,2026-12-31,【國旅補助優惠方案】金品旅店－115年國旅住宿補助專案可配合國旅平日住宿獎助、生日住宿券及TaiwanPASS使用。房價依官網及訂房價格為準。平日入住符合資格者，可依政府規定申請住宿補助。平日連住兩晚，第二晚現折300元（限直接訂房）。6歲以下孩童免費入住。12歲以下孩童不加床免費入住。,22.364739,120.598077,開放資料,5,25,,https://www.taiwanstay.net.tw/TSA/web_page/TSA020200.jsp?hohi_id=38259
1060,枋山六號店,屏東縣,枋山鄉,民宿,0925838485-,屏東縣枋山鄉枋山村中山路四段6號,國旅補助優惠方案,,,2800,,2026-12-31,【國旅補助優惠方案】1.平日入住枋山六號店民宿可享九折優惠。2.當日壽星可享平（假）日九折優惠（請出示身份證件，如無證明文件恕不提供優惠）。3.以上2則方案，只能擇一使用！謝謝,22.258299,120.653541,開放資料,4.3,411,,https://www.taiwanstay.net.tw/TSA/web_page/TSA020200.jsp?hohi_id=28371
1061,發現號特色民宿,屏東縣,林邊鄉,民宿,098029248808-8750300,屏東縣林邊鄉裕後路90號,平價優質旅宿,1800,業者自報,3000,,,【平價優質旅宿】平日雙人房售價：1800,22.428551,120.488561,開放資料,,,https://booking.owlting.com/baystory?lang=zh_TW&start=2021-03-24&end=2021-03-25&adult=1&child=0&infant=0,https://www.taiwanstay.net.tw/TSA/web_page/TSA020200.jsp?hohi_id=15272
1062,小墾丁渡假村,屏東縣,滿州鄉,旅館,08-8802880,屏東縣滿州鄉滿州村中山路205號,國旅補助優惠方案,3600,業者官網,6600,,2026-12-31,【國旅補助優惠方案】一起到小墾丁，追逐浪漫流星雨！入住充滿芬多精的原木小木屋，沉浸綠野療癒氛圍，品嚐特色美食，夜晚更可參加互動式星空導覽，在低光害夜空下欣賞滿天星斗，留下最難忘的追星回憶。親子出遊更超值！流星雨專案每房加贈2位孩童(未滿6歲)免費入住，讓全家一起享受南國假期。壽星專屬驚喜！生日當月入住，再享免費生日氛圍佈置，為旅程增添滿滿儀式感。（每日限量2組，須於入住前3日來電完成申請）※專案與優惠內容，請依小墾丁渡假村官網公告為準。,22.026634,120.83625,開放資料,4.1,3702,https://www.kentington.com.tw/,https://www.taiwanstay.net.tw/TSA/web_page/TSA020200.jsp?hohi_id=8025
1063,水瀾漾野民宿,屏東縣,滿州鄉,民宿,0911615317,屏東縣滿州鄉港口村11鄰茶山路248號,平價優質旅宿,1980,業者自報,4300,,,【平價優質旅宿】平日雙人房售價：1980(淡)2380(旺),21.990004,120.847846,開放資料,,,,https://www.taiwanstay.net.tw/TSA/web_page/TSA020200.jsp?hohi_id=27683
1064,興海灣運動休閒會館,屏東縣,滿州鄉,民宿,096367005008-8801080,屏東縣滿州鄉港口村12鄰興海路163號,國旅補助優惠方案,,,5800,,2026-12-31,【國旅補助優惠方案】國旅補助＜115年國旅平日住宿獎助+生日券優惠方案＞,21.976981,120.843928,開放資料,4.6,154,,https://www.taiwanstay.net.tw/TSA/web_page/TSA020200.jsp?hohi_id=28325
1065,313民宿,屏東縣,潮州鎮,民宿,08-7862777,屏東縣潮州鎮北門路313號,平價優質旅宿,3800,業者自報,5200,,,【平價優質旅宿】平日雙人房售價：3800(四人房),22.558739,120.542683,開放資料,,,https://www.313homestay.com.tw,https://www.taiwanstay.net.tw/TSA/web_page/TSA020200.jsp?hohi_id=28439
1066,66号小院子,屏東縣,潮州鎮,民宿,0919575602-,屏東縣潮州鎮盛春路66號,國旅補助優惠方案,,,3600,,2026-12-31,【國旅補助優惠方案】活動期間，入住即贈旅行便利小物,22.553191,120.575045,開放資料,5,55,https://www.facebook.com/share/17mMAK7hsL/,https://www.taiwanstay.net.tw/TSA/web_page/TSA020200.jsp?hohi_id=35186
1067,光華民宿,屏東縣,潮州鎮,民宿,0952598280,屏東縣潮州鎮光華一巷35之3號,國旅補助優惠方案,,,2000,,2026-12-31,【國旅補助優惠方案】光華民宿×115年國旅補助優惠好消息！交通部觀光署115年度（2026年）推出「平日國旅補助方案」，光華民宿為合法旅宿，全力配合政府獎助措施，讓您平日出遊省更多！ 貼心提醒*獎助對象：本國國民且為個別旅客(散客)。自115年7月27日上午11時起，至旅宿網（https://www.taiwanstay.net.tw）活動專區登錄個人資料。*訂房請來電光華民宿或加LINE好友預訂 訂房專線：0928-707-765（來電預訂） 民宿地址：屏東縣潮州鎮光華里光華一巷35之3號 Line好友：https://line.me/ti/p/paKHfIEX9e（或LINE以電話搜尋0928707765） 入住旅客管家熱情分享在地美食與景點推薦，潮州周邊適合騎自行車探索，讓您輕鬆享受悠閒的平日小旅行! 注意事項*本優惠需配合交通部觀光署115年國旅補助方案，實際補助金額、辦法及名額以政府公告為準。*補助方案時程可能因預算審查進度調整，請密切關注觀光署官方公告。*優惠不得與其他優惠專案合併使用。*入住時請攜帶身分證件以供核對。,22.544828,120.542648,開放資料,4.8,230,,https://www.taiwanstay.net.tw/TSA/web_page/TSA020200.jsp?hohi_id=27766
1068,98旅店,屏東縣,琉球鄉,民宿,0905886527,屏東縣琉球鄉相埔路98號,國旅補助優惠方案,,,3500,,2026-12-31,【國旅補助優惠方案】適用對象：平日入住，假日不可使用，本國國籍(限本人使用)，非透過觀光署之認證平台訂房網站之訂購不予使用，後續規定依國旅補助之網站公告為主。,22.347092,120.371355,開放資料,4.9,694,http://www.98bnb.com.tw/about.php,https://www.taiwanstay.net.tw/TSA/web_page/TSA020200.jsp?hohi_id=6896
1069,加依家民宿,屏東縣,琉球鄉,民宿,091989089108-8611198,屏東縣琉球鄉中正路184、184-1號,平價優質旅宿,1800,業者自報,3000,,,【平價優質旅宿】平日雙人房售價：1800,22.34062,120.37106,開放資料,,,,https://www.taiwanstay.net.tw/TSA/web_page/TSA020200.jsp?hohi_id=8800
1070,南國海岸渡假特色民宿,屏東縣,琉球鄉,民宿,091912124108-8613830,屏東縣琉球鄉肚仔坪路8號,國旅補助優惠方案,,,7400,,2026-12-31,【國旅補助優惠方案】參加套裝贈送潮間帶諾亞方舟海洋館門票,22.342554,120.363861,開放資料,4.5,346,,https://www.taiwanstay.net.tw/TSA/web_page/TSA020200.jsp?hohi_id=32
1071,夏堤民宿,屏東縣,琉球鄉,民宿,08-8611155,屏東縣琉球鄉杉板路51巷2號,平價優質旅宿,2800,業者自報,4800,,,【平價優質旅宿】平日雙人房售價：2800,22.340783,120.365773,開放資料,,,,https://www.taiwanstay.net.tw/TSA/web_page/TSA020200.jsp?hohi_id=18484
1072,夢想家民宿,屏東縣,琉球鄉,民宿,091289328508-8612351,屏東縣琉球鄉三民路39-1號,國旅補助優惠方案,,,5000,,2026-12-31,【國旅補助優惠方案】115年國旅平日住宿獎助＋生日券獎助合作民宿,22.34497,120.386274,開放資料,4.4,138,https://www.facebook.com/17dreamer,https://www.taiwanstay.net.tw/TSA/web_page/TSA020200.jsp?hohi_id=15799
1073,好樣的民宿,屏東縣,琉球鄉,民宿,08-8614466,屏東縣琉球鄉三民路129號,平價優質旅宿,2000,業者自報,2000,,,【平價優質旅宿】平日雙人房售價：2000,22.349807,120.386359,開放資料,,,,https://www.taiwanstay.net.tw/TSA/web_page/TSA020200.jsp?hohi_id=17403
1074,小琉球古拉克民宿,屏東縣,琉球鄉,民宿,08-8612229,屏東縣琉球鄉中山路61之20號,平價優質旅宿,2400,業者自報,3800,,,【平價優質旅宿】平日雙人房售價：2400,22.349521,120.378739,開放資料,,,http://www.goodluckey.com.tw/,https://www.taiwanstay.net.tw/TSA/web_page/TSA020200.jsp?hohi_id=13462
1075,小琉球懶人旅宿,屏東縣,琉球鄉,民宿,0910712610,屏東縣琉球鄉漁福村8鄰三民路91之5號,國旅補助優惠方案,,,4600,1000、1500,2026-12-31,【國旅補助優惠方案】配合政府補助活動，符合資格者，須直接跟民宿訂房；如透過booking與奧丁丁訂房平台則無配合抵扣。優惠方式:雙人房原房價4600元，折抵第一晚房間費用減免1000元，第二晚房間費用減免1500元。,22.34655,120.387198,開放資料,4.9,336,,https://www.taiwanstay.net.tw/TSA/web_page/TSA020200.jsp?hohi_id=26136
1076,小琉球白沙灣民宿,屏東縣,琉球鄉,民宿,093839975108-8614931,屏東縣琉球鄉中山路61-12號,平價優質旅宿,1600,業者自報,5000,,,【平價優質旅宿】平日雙人房售價：1600(不含早餐),22.349095,120.378748,開放資料,,,,https://www.taiwanstay.net.tw/TSA/web_page/TSA020200.jsp?hohi_id=16485
1077,小琉球船屋特色民宿,屏東縣,琉球鄉,民宿,08-8612239,屏東縣琉球鄉中山路224號,平價優質旅宿,2500,業者自報,6000,,,【平價優質旅宿】平日雙人房售價：2500,22.352234,120.382084,開放資料,,,,https://www.taiwanstay.net.tw/TSA/web_page/TSA020200.jsp?hohi_id=641
1078,小麻雀的家,屏東縣,琉球鄉,民宿,0933340222-,屏東縣琉球鄉中正路3巷2之1號,國旅補助優惠方案,2400,業者官網,3000,,,"【國旅補助優惠方案】平日雙人房最便宜房型兩晚3200，補助2500
LINE 官方帳號搜尋 小麻雀的家，或ID搜尋：@sparrows（＠符號要輸入）",22.328978,120.359462,開放資料,4.9,524,https://sparrowplace.blogspot.com/,https://www.taiwanstay.net.tw/TSA/web_page/TSA020200.jsp?hohi_id=17374
1079,故鄉民宿,屏東縣,琉球鄉,民宿,08-8613228,屏東縣琉球鄉中正路3巷3之1號,平價優質旅宿,2400,業者自報,2700,,,【平價優質旅宿】平日雙人房售價：2400,22.329276,120.359508,開放資料,,,,https://www.taiwanstay.net.tw/TSA/web_page/TSA020200.jsp?hohi_id=23033
1080,正好友生態環保旅店,屏東縣,琉球鄉,民宿,08-8612270,屏東縣琉球鄉中山路153號,平價優質旅宿,2300,業者自報,4000,,,【平價優質旅宿】平日雙人房售價：2300(不含早餐),22.352009,120.381513,開放資料,,,,https://www.taiwanstay.net.tw/TSA/web_page/TSA020200.jsp?hohi_id=21557
1081,海墘民宿,屏東縣,琉球鄉,民宿,08-8614263,屏東縣琉球鄉三民路28號,國旅補助優惠方案,,,2800,,2026-12-31,【國旅補助優惠方案】雙人房1300元四人房2100元,22.34563,120.388073,開放資料,4.4,272,,https://www.taiwanstay.net.tw/TSA/web_page/TSA020200.jsp?hohi_id=516
1082,漁埕民宿,屏東縣,琉球鄉,民宿,08-8614891,屏東縣琉球鄉三民路19號,平價優質旅宿,1800,業者自報,2500,,,【平價優質旅宿】平日雙人房售價：1800(淡)2200(旺),22.34441,120.38682,開放資料,,,,https://www.taiwanstay.net.tw/TSA/web_page/TSA020200.jsp?hohi_id=2251
1083,琉夏萊八村旅店,屏東縣,琉球鄉,旅館,096387273308-8611133,屏東縣琉球鄉本福村民生路43-2號,平價優質旅宿,3200,業者自報,2600,,,【平價優質旅宿】平日雙人房售價：3200,22.353211,120.381333,開放資料,,,https://site.owlting.com/stayhotel,https://www.taiwanstay.net.tw/TSA/web_page/TSA020200.jsp?hohi_id=1751
1084,跳跳民宿,屏東縣,琉球鄉,民宿,091835186008-8612308,屏東縣琉球鄉中山路116-3號,國旅補助優惠方案,,,6500,,2026-12-31,【國旅補助優惠方案】國旅平日住宿搭配中籤生日住宿金，連續入住兩晚，最高補助金額2700元，適用時間：週日至週四（週五、六及連續假期不適用），申請日從9月1號開始到政府公告經費用罊為止，請LINE直接向民宿訂房，如果入住當天政府預算已經宣告用罄，現場將無法提供經費折抵。,22.351266,120.381554,開放資料,4.8,282,http://qvilla.com.tw,https://www.taiwanstay.net.tw/TSA/web_page/TSA020200.jsp?hohi_id=3085
1085,德旅店民宿,屏東縣,竹田鄉,民宿,0975502083,屏東縣竹田鄉豐明路22號,國旅補助優惠方案,,,1260,,2026-12-31,【國旅補助優惠方案】*禾串景觀雙人套房特惠$2980(原價$3600)*僅限國旅補助專案特惠*禾稈三人雅房$3200*禾仔雙人雅房$2200*禾頭背包房三人房$3500*禾頭背包房四人包房$4000*禾頭背包房五人包房$4500*禾頭背包房六人包房$5000*包棟13人以內入住$16000(另可加3床，加床另計)(以上價格皆包含早餐),22.586635,120.540562,開放資料,4.9,255,,https://www.taiwanstay.net.tw/TSA/web_page/TSA020200.jsp?hohi_id=30339
1086,朋友家民宿,屏東縣,車城鄉,民宿,0905865573-,屏東縣車城鄉忠孝路96巷4號,國旅補助優惠方案,,,3673,,2026-12-31,"【國旅補助優惠方案】{115年國旅平日住宿獎助＋生日券業者自提優惠方案}＜＜平日連續住三晚(含三晚)以上,最後一晚六折＞＞",22.074007,120.711304,開放資料,5,19,,https://www.taiwanstay.net.tw/TSA/web_page/TSA020200.jsp?hohi_id=35844
1087,看山民宿,屏東縣,車城鄉,民宿,0930770791-,屏東縣車城鄉溫泉路251-62號,國旅補助優惠方案,,,3800,800、1200,2026-12-31,"【國旅補助優惠方案】自活動日開始1.平日住宿,第一晚可減免800,如同一民宿連續住宿,第二晚可減免1200.2.如持生日劵,一晚可減免1200.可與第一項方案,合併使用.3.活動持續至交通部光觀局經費結束.",22.096846,120.74963,開放資料,3.4,218,,https://www.taiwanstay.net.tw/TSA/web_page/TSA020200.jsp?hohi_id=2955
1088,長灘運動休閒飯店,屏東縣,車城鄉,旅館,08-8822666,屏東縣車城鄉海口村海口路6之5號,國旅補助優惠方案,,,19800,,2026-12-31,【國旅補助優惠方案】平日週日至週四以「墾丁長灘休閒飯店」官網住房專案入住，即享平日免費升等一級禮遇（每日限額10間）。住宿期間生日壽星加贈《限定手作餅乾》與《專屬生日賀卡》幸福滿滿！館內超大兒童Fun電屋、大眾三溫暖及戶外戲水池通通免費玩！快快登錄國旅補助，到長灘官網線上訂房搶先預約，享受超高CP值的海島假期！,22.089533,120.716987,開放資料,4.2,2500,https://www.kentinglongbeach.com/,https://www.taiwanstay.net.tw/TSA/web_page/TSA020200.jsp?hohi_id=30736
1089,幸福左右民宿,屏東縣,高樹鄉,民宿,0937326788-,屏東縣高樹鄉廣福村興農路85號,國旅補助優惠方案,,,3960,,2026-12-31,【國旅補助優惠方案】配合交通部觀光署國旅平日住宿專案，幸福莊園誠摯邀請您走進大武山下，展開一場結合住宿、自然與療癒的慢旅行。入住莊園，不只是住一晚，更是放慢腳步，感受山林微風、花草芬芳與鄉村生活的美好。活動期間特別安排「幸福花草香氛體驗」，讓您親手認識香草植物、感受天然植物香氣，並品嚐以在地香草精心調製的幸福花草茶，在一杯溫潤茶香中放鬆身心，享受最純粹的大自然療癒。邀請您遠離城市喧囂，與家人好友一起來幸福莊園，住得舒心、聞得花香、喝得健康，帶回滿滿幸福與美好的旅行回憶。,22.765137,120.632977,開放資料,4.9,1379,https://www.happymanor.com.tw/,https://www.taiwanstay.net.tw/TSA/web_page/TSA020200.jsp?hohi_id=31885
1090,幸福莊園,屏東縣,高樹鄉,民宿,08-7958380,屏東縣高樹鄉興農路85-1號,國旅補助優惠方案,,,4800,,2026-12-31,【國旅補助優惠方案】住宿享受幸福花草香五感體驗:配合交通部觀光署國旅平日住宿專案，幸福莊園誠摯邀請您走進大武山下，展開一場結合住宿、自然與療癒的慢旅行。入住莊園，不只是住一晚，更是放慢腳步，感受山林微風、花草芬芳與鄉村生活的美好。活動期間特別安排「幸福花草香氛體驗」，讓您親手認識香草植物、感受天然植物香氣，並品嚐以在地香草精心調製的幸福花草茶，在一杯溫潤茶香中放鬆身心，享受最純粹的大自然療癒。邀請您遠離城市喧囂，與家人好友一起來幸福莊園，住得舒心、聞得花香、喝得健康，帶回滿滿幸福與美好的旅行回憶。,22.764716,120.632909,開放資料,4.9,1379,https://www.happymanor.com.tw,https://www.taiwanstay.net.tw/TSA/web_page/TSA020200.jsp?hohi_id=20975
1091,樹屋民宿,屏東縣,鹽埔鄉,民宿,08-7021089,屏東縣鹽埔鄉完成路16號,平價優質旅宿,2600,業者自報,2700,,,【平價優質旅宿】平日雙人房售價：2600含早餐,22.721064,120.605955,開放資料,,,http://treehousesdm.pixnet.net/blog,https://www.taiwanstay.net.tw/TSA/web_page/TSA020200.jsp?hohi_id=19011
1092,三星小北歐699,宜蘭縣,三星鄉,民宿,03-9372679,宜蘭縣三星鄉上將路二段699號,國旅補助優惠方案,,,4400,,2026-12-31,"【國旅補助優惠方案】憑國旅補助入住兩晚,贈進口紅酒一瓶",24.689142,121.722577,開放資料,4.5,66,,https://www.taiwanstay.net.tw/TSA/web_page/TSA020200.jsp?hohi_id=27848
1093,上雅居,宜蘭縣,三星鄉,民宿,0928978762,宜蘭縣三星鄉萬富村4鄰上將路5段230號,平價優質旅宿,2500,業者自報,4200,,,【平價優質旅宿】平日雙人房售價：2500,24.677625,121.678007,開放資料,,,https://www.shangyaju.sct.tw/,https://www.taiwanstay.net.tw/TSA/web_page/TSA020200.jsp?hohi_id=26971
1094,五分醒,宜蘭縣,三星鄉,民宿,0936098750-,宜蘭縣三星鄉五分路一段143號,國旅補助優惠方案,,,5500,,2026-12-31,【國旅補助優惠方案】訂一房送早餐服務＋生日加贈島醬醬油隨身瓶一隻當生日禮（或同等價值）,24.697109,121.737571,開放資料,4.9,38,,https://www.taiwanstay.net.tw/TSA/web_page/TSA020200.jsp?hohi_id=35495
1095,五分鈿,宜蘭縣,三星鄉,民宿,0958926558-,宜蘭縣三星鄉五分路一段141號,國旅補助優惠方案,3600,業者官網,5500,,2026-12-31,【國旅補助優惠方案】訂一房送早餐服務＋生日加贈島醬醬油隨身瓶一隻當生日禮（或同等價值）,24.697062,121.737705,開放資料,5,6,https://kei.cafe/K6,https://www.taiwanstay.net.tw/TSA/web_page/TSA020200.jsp?hohi_id=35494
1096,傅寓,宜蘭縣,三星鄉,民宿,092881276603-9892588,宜蘭縣三星鄉行健三路二段353號,國旅補助優惠方案、平價優質旅宿,2600,業者自報,3600,,2026-12-31,"【國旅補助優惠方案】參與115年國旅平日住宿獎助或生日券優惠者，業主再額外提供房價九折優惠。

【平價優質旅宿】平日雙人房售價：2600",24.673446,121.675109,開放資料,5,79,https://www.facebook.com/profile.php?id=100095297036225,https://www.taiwanstay.net.tw/TSA/web_page/TSA020200.jsp?hohi_id=35463
1097,品閣美食咖啡民宿,宜蘭縣,三星鄉,民宿,0982091999-,宜蘭縣三星鄉大埔7路2號,國旅補助優惠方案,,,25000,,2026-12-31,【國旅補助優惠方案】參加115年國旅平日住宿獎助+生日卷+Taiwanpass,24.673049,121.711495,開放資料,,,,https://www.taiwanstay.net.tw/TSA/web_page/TSA020200.jsp?hohi_id=31066
1098,夢想森林親子民宿,宜蘭縣,三星鄉,民宿,0935155628-,宜蘭縣三星鄉大德路二段613號,國旅補助優惠方案,,,10000,,2026-12-31,【國旅補助優惠方案】憑生日卷住宿送蛋糕平日入住贈玩水水槍,24.689341,121.700459,開放資料,,,http://www.dreamforest-bnb.tw/,https://www.taiwanstay.net.tw/TSA/web_page/TSA020200.jsp?hohi_id=10627
1099,小K咖啡B&B民宿,宜蘭縣,三星鄉,民宿,0970263183,宜蘭縣三星鄉大義六路33號,國旅補助優惠方案,,,3600,,2026-12-31,【國旅補助優惠方案】115年國旅平日住宿獎助＋生日券方案：訂一房送早餐服務＋生日券加贈大禾蜜工坊隨身瓶百花蜜一隻當生日禮（或同等價值）,24.674793,121.640005,開放資料,4.9,119,https://kei.cafe,https://www.taiwanstay.net.tw/TSA/web_page/TSA020200.jsp?hohi_id=28386
1100,微睏旅宿,宜蘭縣,三星鄉,民宿,0989468051,宜蘭縣三星鄉三星路二段23巷20弄1號,國旅補助優惠方案,,,4200,800、1200,2026-09-01,"【國旅補助優惠方案】週日至週四入，第一晚補助800元，連住第二晚加碼1,200元，每人最高折抵2,000元。",24.66898,121.708821,開放資料,4.9,68,,https://www.taiwanstay.net.tw/TSA/web_page/TSA020200.jsp?hohi_id=33209
1101,愛之屋渡假別墅,宜蘭縣,三星鄉,民宿,0933880066,宜蘭縣三星鄉尚武村6鄰中興路一段463號,國旅補助優惠方案,3000,業者官網,3000,,2026-09-01,【國旅補助優惠方案】115年平日住宿及生日券獎助活動,24.696162,121.703453,開放資料,4.3,24,http://www.mandys-house.com,https://www.taiwanstay.net.tw/TSA/web_page/TSA020200.jsp?hohi_id=14131
1102,星動小屋,宜蘭縣,三星鄉,民宿,0928818426,宜蘭縣三星鄉上將路五段608之5號,平價優質旅宿,2520,業者自報,5000,,,【平價優質旅宿】平日雙人房售價：2520,24.675564,121.666168,開放資料,,,,https://www.taiwanstay.net.tw/TSA/web_page/TSA020200.jsp?hohi_id=28299
1103,星宿渡假別墅,宜蘭縣,三星鄉,民宿,0935171783-,宜蘭縣三星鄉天福村東興路13之5號,國旅補助優惠方案,,,2500,,,【國旅補助優惠方案】平日住宿可加碼參加蔥仔寮體驗農場蔥油餅DIY各項行程（另有優惠）,24.669202,121.624601,開放資料,4.7,181,,https://www.taiwanstay.net.tw/TSA/web_page/TSA020200.jsp?hohi_id=9374
1104,根本家民宿,宜蘭縣,三星鄉,民宿,0970263183-,宜蘭縣三星鄉大義八路590號,國旅補助優惠方案,3300,業者官網,6500,,2026-12-31,【國旅補助優惠方案】訂一房送早餐服務＋生日加贈大禾蜜工坊隨身瓶百花蜜一隻當生日禮（或同等價值）,24.68607,121.696476,開放資料,5,43,https://kei.cafe/K5,https://www.taiwanstay.net.tw/TSA/web_page/TSA020200.jsp?hohi_id=34623
1105,根本町咖啡,宜蘭縣,三星鄉,民宿,093767258903-9899518,宜蘭縣三星鄉上將路2段689號,國旅補助優惠方案、平價優質旅宿,3500,業者自報,4500,,2026-12-31,"【國旅補助優惠方案】訂一房送早餐服務＋生日加贈大禾蜜工坊隨身瓶百花蜜一隻當生日禮（或同等價值）

【平價優質旅宿】平日雙人房售價：3500",24.688916,121.722301,開放資料,5,52,https://kei.cafe/K2,https://www.taiwanstay.net.tw/TSA/web_page/TSA020200.jsp?hohi_id=31679
1106,桃月屋,宜蘭縣,三星鄉,民宿,097026318303-9899518,宜蘭縣三星鄉上將路二段691號,國旅補助優惠方案,3600,業者官網,5500,,2026-12-31,【國旅補助優惠方案】訂房送早餐服務＋生日加贈大禾蜜工坊隨身瓶百花蜜一隻當生日禮（或同等價值）,24.688955,121.72222,開放資料,5,52,https://kei.cafe/K3,https://www.taiwanstay.net.tw/TSA/web_page/TSA020200.jsp?hohi_id=31758
1107,水明漾私人VILLA,宜蘭縣,三星鄉,民宿,0930177777-,宜蘭縣三星鄉尚貴路1段89號,國旅補助優惠方案,,,8000,,2026-12-31,【國旅補助優惠方案】帶給親愛的朋友家人們最獨特的休憩感受，宜蘭三星水明漾私人VILLA享獨棟隱私、峇里島風奢華泳池，政府力挺平日省，生日更省。一趟放鬆紓壓的奢華假期，讓水明漾私人VILLA為您滿電、助您續航！,24.689703,121.694436,開放資料,4.7,459,,https://www.taiwanstay.net.tw/TSA/web_page/TSA020200.jsp?hohi_id=29090
1108,沐光小院,宜蘭縣,三星鄉,民宿,0935155628-,宜蘭縣三星鄉上將路三段218號,國旅補助優惠方案,,,12000,,2026-12-31,【國旅補助優惠方案】平日入住加贈戲水水槍憑生日卷住宿加贈蛋糕,24.68598,121.711557,開放資料,5,6,https://moveon-bnb.tw/,https://www.taiwanstay.net.tw/TSA/web_page/TSA020200.jsp?hohi_id=33838
1109,甘丹文旅LaVie GANDAN民宿,宜蘭縣,三星鄉,民宿,0910003609,宜蘭縣三星鄉五分路二段260號,平價優質旅宿,2800,業者自報,3000,,,【平價優質旅宿】平日雙人房售價：2800,24.691247,121.729102,開放資料,,,,https://www.taiwanstay.net.tw/TSA/web_page/TSA020200.jsp?hohi_id=26319
1110,絕享三合院,宜蘭縣,三星鄉,民宿,092284118203-9898373,宜蘭縣三星鄉行健2路1段128號,平價優質旅宿,2400,業者自報,5000,,,【平價優質旅宿】平日雙人房售價：2400,24.674489,121.662532,開放資料,,,,https://www.taiwanstay.net.tw/TSA/web_page/TSA020200.jsp?hohi_id=22550
1111,綠緣小築,宜蘭縣,三星鄉,民宿,0979321198,宜蘭縣三星鄉楓林一路129號,平價優質旅宿,3400,業者自報,7500,,,【平價優質旅宿】平日雙人房售價：3400,24.684232,121.66089,開放資料,,,,https://www.taiwanstay.net.tw/TSA/web_page/TSA020200.jsp?hohi_id=28606
1112,美夢成真,宜蘭縣,三星鄉,民宿,0935866199,宜蘭縣三星鄉萬富二路169號,平價優質旅宿,2580,業者自報,3980,,,【平價優質旅宿】平日雙人房售價：2580,24.681995,121.690452,開放資料,,,,https://www.taiwanstay.net.tw/TSA/web_page/TSA020200.jsp?hohi_id=22678
1113,艾麗絲泉民宿-天送埤別館,宜蘭縣,三星鄉,民宿,0908608983-,宜蘭縣三星鄉天福村東興路20-8號,國旅補助優惠方案,,,2800,,2026-12-31,【國旅補助優惠方案】國旅補助方案,24.665628,121.624356,開放資料,4.3,51,http://www.alicesprings.com.tw,https://www.taiwanstay.net.tw/TSA/web_page/TSA020200.jsp?hohi_id=17009
1114,虎爸羊媽的家,宜蘭縣,三星鄉,民宿,0909246891,宜蘭縣三星鄉三星路二段99巷67弄13號,國旅補助優惠方案,,,3600,,2026-11-30,【國旅補助優惠方案】平日雙人房住宿999元,24.666807,121.70784,開放資料,4.5,43,https://tw-bnb.com/web/hbym/,https://www.taiwanstay.net.tw/TSA/web_page/TSA020200.jsp?hohi_id=5660
1115,蜻蜓雅茿民宿,宜蘭縣,三星鄉,民宿,0937162105-,宜蘭縣三星鄉大洲村五分路二段387號,平價優質旅宿,2300,業者自報,4200,,,【平價優質旅宿】平日雙人房售價：2300,24.688946,121.725801,開放資料,,,,https://www.taiwanstay.net.tw/TSA/web_page/TSA020200.jsp?hohi_id=910
1116,貓天空鄉村民宿,宜蘭縣,三星鄉,民宿,0937245170-,宜蘭縣三星鄉行健村行健五路88巷15號,國旅補助優惠方案,,,4000,,2026-12-31,【國旅補助優惠方案】平日住宿優惠客家擂茶DIY體驗+下午茶,24.676073,121.706629,開放資料,,,,https://www.taiwanstay.net.tw/TSA/web_page/TSA020200.jsp?hohi_id=13572
1117,阿嬌ㄟ岫,宜蘭縣,三星鄉,民宿,0920394642-,宜蘭縣三星鄉中興二路56號,國旅補助優惠方案,,,11450,,2026-12-31,【國旅補助優惠方案】民宿加碼提供平日住宿滿萬折$500的優惠，與「115年國旅平日住宿獎助+生日券」皆可併用。,24.692493,121.695546,開放資料,5,51,https://ajiaos.shinedy.app,https://www.taiwanstay.net.tw/TSA/web_page/TSA020200.jsp?hohi_id=38265
1118,靜候民宿,宜蘭縣,三星鄉,民宿,0988214662,宜蘭縣三星鄉大埔中路341巷108號,平價優質旅宿,2500,業者自報,4500,,,【平價優質旅宿】平日雙人房售價：2500,24.669344,121.709653,開放資料,,,,https://www.taiwanstay.net.tw/TSA/web_page/TSA020200.jsp?hohi_id=33703
1119,123會館,宜蘭縣,五結鄉,民宿,0928073502,宜蘭縣五結鄉公園一路18號,國旅補助優惠方案,,,7000,,2026-12-31,【國旅補助優惠方案】115年國旅平日住宿獎助+生日卷,24.677815,121.816125,開放資料,4.9,463,,https://www.taiwanstay.net.tw/TSA/web_page/TSA020200.jsp?hohi_id=235
1120,LOVE米會館民宿,宜蘭縣,五結鄉,民宿,0976941099-,宜蘭縣五結鄉五結中路一段68號,國旅補助優惠方案,,,15000,,2026-12-31,【國旅補助優惠方案】「荷包表示：終於可以出去玩了！」 115年國旅補助來啦！你的荷包終於可以放假了！ 老闆不加薪沒關係！ 政府幫你補助，LOVE米再幫你加碼！平日住宿獎助×生日券優惠一次用好用滿，省下來的錢拿去吃美食、買伴手禮，不香嗎？來到LOVE米渡假會館，你只需要煩惱一件事…… 今晚是要看星星？還是繼續耍廢？ 獨棟玻璃景觀民宿 一望無際田園風光 晚上還有滿天星空陪你聊天 保證拍照不用修圖，因為風景已經幫你開美肌。 壽星再享生日券優惠！生日一年只有一次，優惠當然不能放過！ 補助名額有限，訂房速度要比隔壁阿姨搶特價還快！ 快來訂房，把假期交給LOVE米！,24.67557,121.801201,開放資料,4.5,50,,https://www.taiwanstay.net.tw/TSA/web_page/TSA020200.jsp?hohi_id=34601
1121,T&C 民宿,宜蘭縣,五結鄉,民宿,090523786603-9502225,宜蘭縣五結鄉下福東路23-2號,國旅補助優惠方案,,,10000,,2026-12-31,【國旅補助優惠方案】「平日住宿獎助」、「生日券」及「TaiwanPASS住宿抵用券」,24.667608,121.824876,開放資料,5,61,https://www.booking-owlnest.com/23,https://www.taiwanstay.net.tw/TSA/web_page/TSA020200.jsp?hohi_id=38298
1122,冬山河左岸民宿,宜蘭縣,五結鄉,民宿,0923507500-,宜蘭縣五結鄉協和村親河路二段103巷1弄10號,國旅補助優惠方案,,,3600,,2026-12-31,"【國旅補助優惠方案】國旅補助【瘋省秋日遊】包棟限定 快閃玩1晚原價$11,000 折抵後只要$3,888元！※只要湊齊4位符合補助資格國人，即享超狂破盤價優惠！ 連住2晚最划算！連住2晚原價$22,000 折抵後只要$6,000元！※需由第一晚使用補助的4位貴賓繼續使用第2晚補助額度。",24.673021,121.809513,開放資料,4.3,124,,https://www.taiwanstay.net.tw/TSA/web_page/TSA020200.jsp?hohi_id=18519
1123,向日葵の民宿,宜蘭縣,五結鄉,民宿,0963028708-,宜蘭縣五結鄉協和村親河路二段103巷1弄8號,平價優質旅宿,1700,業者自報,6800,,,【平價優質旅宿】平日雙人房售價：1700,24.67302,121.80949,開放資料,,,,https://www.taiwanstay.net.tw/TSA/web_page/TSA020200.jsp?hohi_id=21291
1124,向陽二號,宜蘭縣,五結鄉,民宿,0963087352-,宜蘭縣五結鄉大眾一路31號,平價優質旅宿,2000,業者自報,2500,,,【平價優質旅宿】平日雙人房售價：2000,24.693553,121.831115,開放資料,,,,https://www.taiwanstay.net.tw/TSA/web_page/TSA020200.jsp?hohi_id=13882
1125,喜相逢鄉村民宿,宜蘭縣,五結鄉,民宿,03-9502673,宜蘭縣五結鄉孝威村孝威路86號,平價優質旅宿,1000,業者自報,1800,1000,,【平價優質旅宿】平日雙人房售價：1000,24.685962,121.806878,開放資料,,,http://xixiangfeng.elbnb.com/,https://www.taiwanstay.net.tw/TSA/web_page/TSA020200.jsp?hohi_id=2498
1126,寬院子（稻禾館）,宜蘭縣,五結鄉,民宿,0978377688-,宜蘭縣五結鄉親河路2段291巷51弄60-2號,國旅補助優惠方案,,,6000,,2026-12-31,【國旅補助優惠方案】115年國旅平日住宿獎助＋生日券,24.671115,121.804269,開放資料,4.8,115,,https://www.taiwanstay.net.tw/TSA/web_page/TSA020200.jsp?hohi_id=29045
1127,小魚的家民宿,宜蘭縣,五結鄉,民宿,0983250926,宜蘭縣五結鄉利澤村利成路二段228號,平價優質旅宿,1600,業者自報,2500,,,【平價優質旅宿】平日雙人房售價：1600,24.662838,121.823777,開放資料,,,,https://www.taiwanstay.net.tw/TSA/web_page/TSA020200.jsp?hohi_id=16998
1128,幸福８號民宿,宜蘭縣,五結鄉,民宿,0937037414,宜蘭縣五結鄉福和二路118巷8號,國旅補助優惠方案,,,4800,,2026-12-31,"【國旅補助優惠方案】活動期間使用平日住宿獎助於本民宿連續包棟兩晚，業者在加碼折扣2000$。依國旅補助規定搭配本民宿包棟方案，疊加總共折抵10,000$，如有生日卷折扣可再繼續疊加。",24.678424,121.802076,開放資料,4.8,221,,https://www.taiwanstay.net.tw/TSA/web_page/TSA020200.jsp?hohi_id=16466
1129,怡蘭精品旅館,宜蘭縣,五結鄉,旅館,03-9658101,宜蘭縣五結鄉鎮安村二結路305號,平價優質旅宿,1960,業者自報,7280,,,【平價優質旅宿】平日雙人房售價：1960,24.708392,121.770623,開放資料,,,,https://www.taiwanstay.net.tw/TSA/web_page/TSA020200.jsp?hohi_id=21156
1130,憶如民宿,宜蘭縣,五結鄉,民宿,0971750789-,宜蘭縣五結鄉親河路一段40號,平價優質旅宿,3380,業者自報,8800,,,【平價優質旅宿】平日雙人房售價：3380,24.692307,121.831624,開放資料,,,https://yiru.yltravel.com.tw/index.php?page=about.php,https://www.taiwanstay.net.tw/TSA/web_page/TSA020200.jsp?hohi_id=21773
1131,方塊朶朶,宜蘭縣,五結鄉,民宿,0906963322-,宜蘭縣五結鄉公園二路177號,平價優質旅宿,2500,業者自報,5460,,,【平價優質旅宿】平日雙人房售價：2500,24.677083,121.806805,開放資料,,,https://tw-bnb.com/web/box/,https://www.taiwanstay.net.tw/TSA/web_page/TSA020200.jsp?hohi_id=17794
1132,晨溪民宿,宜蘭縣,五結鄉,民宿,0935265873-,宜蘭縣五結鄉大眾三路15號,平價優質旅宿,2200,業者自報,4600,,,【平價優質旅宿】平日雙人房售價：2200,24.69512,121.820126,開放資料,,,,https://www.taiwanstay.net.tw/TSA/web_page/TSA020200.jsp?hohi_id=30605
1133,晴天娃娃民宿,宜蘭縣,五結鄉,民宿,03-9504284,宜蘭縣五結鄉協和村親河路二段103巷1弄1號,國旅補助優惠方案,,,2800,,2026-12-31,【國旅補助優惠方案】只要使用本方案只可享用以下優惠：不分房型住宿即送迎賓點心籃,24.673184,121.809328,開放資料,4.6,416,,https://www.taiwanstay.net.tw/TSA/web_page/TSA020200.jsp?hohi_id=14644
1134,杏葉垣冬山河民宿,宜蘭縣,五結鄉,民宿,0937308023-,宜蘭縣五結鄉協和村公園二路31號,國旅補助優惠方案,,,2600,,2026-12-31,【國旅補助優惠方案】平日軍公教(國旅卡)及學生訂房每房再減200元(限4間以下),24.676762,121.812888,開放資料,4.5,102,https://xingye.ilanbnb.tw/,https://www.taiwanstay.net.tw/TSA/web_page/TSA020200.jsp?hohi_id=20432
1135,松楓親子民宿,宜蘭縣,五結鄉,民宿,0902319979,宜蘭縣五結鄉五結路二段117巷7之1號,平價優質旅宿,2480,業者自報,4980,,,【平價優質旅宿】平日雙人房售價：2480,24.690806,121.806977,開放資料,,,,https://www.taiwanstay.net.tw/TSA/web_page/TSA020200.jsp?hohi_id=7656
1136,比薩斜塔民宿,宜蘭縣,五結鄉,民宿,0981147871-,宜蘭縣五結鄉公園三路111-7號,國旅補助優惠方案,,,6000,,2026-12-31,【國旅補助優惠方案】115年國旅平日住宿獎助＋生日券業者優惠方案,24.678987,121.808316,開放資料,,,http://www.pisabnb.tw,https://www.taiwanstay.net.tw/TSA/web_page/TSA020200.jsp?hohi_id=12702
1137,水連田日式庭院,宜蘭縣,五結鄉,民宿,0975875268,宜蘭縣五結鄉大吉二路456號,國旅補助優惠方案,,,3400,,2027-03-31,【國旅補助優惠方案】國旅3天2夜旅遊,24.698771,121.803308,開放資料,4.8,147,,https://www.taiwanstay.net.tw/TSA/web_page/TSA020200.jsp?hohi_id=28608
1138,河岸好日子,宜蘭縣,五結鄉,民宿,0974019906-,宜蘭縣五結鄉五結路一段419巷45號,國旅補助優惠方案,,,4000,,2026-12-31,【國旅補助優惠方案】國旅平日住宿+生日券贈會員點數,24.690762,121.817325,開放資料,5,245,,https://www.taiwanstay.net.tw/TSA/web_page/TSA020200.jsp?hohi_id=29735
1139,河風精緻の民宿,宜蘭縣,五結鄉,民宿,0963028708-,宜蘭縣五結鄉協和村親河路二段103巷1弄2號,平價優質旅宿,1700,業者自報,6800,,,【平價優質旅宿】平日雙人房售價：1700,24.673023,121.80938,開放資料,,,,https://www.taiwanstay.net.tw/TSA/web_page/TSA020200.jsp?hohi_id=7915
1140,法藍旅店,宜蘭縣,五結鄉,民宿,0937667430,宜蘭縣五結鄉國民中路33-1號,平價優質旅宿,2000,業者自報,3500,,,【平價優質旅宿】平日雙人房售價：2000,24.695879,121.793612,開放資料,,,http://www.fernan.68bnb.com,https://www.taiwanstay.net.tw/TSA/web_page/TSA020200.jsp?hohi_id=20696
1141,渡小夜民宿,宜蘭縣,五結鄉,民宿,0928099366,宜蘭縣五結鄉三結三路120號,平價優質旅宿,1800,業者自報,3300,,,【平價優質旅宿】平日雙人房售價：1800,24.701549,121.785021,開放資料,,,,https://www.taiwanstay.net.tw/TSA/web_page/TSA020200.jsp?hohi_id=26532
1142,澳玩客民宿,宜蘭縣,五結鄉,民宿,0905636111-,宜蘭縣五結鄉福和二路118巷8-1號,國旅補助優惠方案,,,6800,,2026-12-31,【國旅補助優惠方案】115年國旅平日住宿獎助＋生日券業者優惠方案,24.677869,121.797043,開放資料,4.8,234,https://www.aus.com.tw,https://www.taiwanstay.net.tw/TSA/web_page/TSA020200.jsp?hohi_id=3987
1143,煙波花時間　宜蘭傳藝,宜蘭縣,五結鄉,旅館,03-9506666,宜蘭縣五結鄉五濱路二段201號,國旅補助優惠方案,,,22000,1000,2026-12-31,【國旅補助優惠方案】1.平日(周日-周四)入住1晚贈200點會員點數，平日入住2晚以上贈1000點會員點數，假日、國定假日、連續假期不適用。2.平日入住累積指定次數，再拿限定禮，3個章兌換旅行收納袋，6個章兌換安心防災包/猩猩之握小腿按摩器(二擇一)。3.幸運壽星抽中政府補助生日住宿金，不分平假日來館入住，免費贈送房內生日佈置，若生日佈置額滿，改贈送早餐加購餐點乙份。,24.685621,121.824047,開放資料,4.9,13465,https://yilan-arts.lakeshore.com.tw/,https://www.taiwanstay.net.tw/TSA/web_page/TSA020200.jsp?hohi_id=34437
1144,璞樹民宿,宜蘭縣,五結鄉,民宿,03-9606198,宜蘭縣五結鄉五結中路二段241巷7弄26號,國旅補助優惠方案,,,4800,,2026-12-31,【國旅補助優惠方案】115年國旅平日住宿獎勵+生日劵,24.691189,121.796289,開放資料,4.7,1141,,https://www.taiwanstay.net.tw/TSA/web_page/TSA020200.jsp?hohi_id=22909
1145,璞緻民宿,宜蘭縣,五結鄉,民宿,03-9606198,宜蘭縣五結鄉五結中路二段241巷7弄22號,國旅補助優惠方案,,,4800,,2026-12-31,【國旅補助優惠方案】115年國旅平日住宿獎勵+生日劵,24.691189,121.796289,開放資料,4.7,1141,,https://www.taiwanstay.net.tw/TSA/web_page/TSA020200.jsp?hohi_id=22908
1146,童萌國,宜蘭縣,五結鄉,民宿,03-9502986,宜蘭縣五結鄉傳藝路一段46號,平價優質旅宿,2800,業者自報,4200,,,【平價優質旅宿】平日雙人房售價：2800,24.68184,121.81285,開放資料,,,,https://www.taiwanstay.net.tw/TSA/web_page/TSA020200.jsp?hohi_id=13751
1147,純真童心,宜蘭縣,五結鄉,民宿,0905118798,宜蘭縣五結鄉福興村福和二路118巷48號,平價優質旅宿,1800,業者自報,3600,,,【平價優質旅宿】平日雙人房售價：1800,24.677713,121.797093,開放資料,,,http://childlike118.68bnb.com/,https://www.taiwanstay.net.tw/TSA/web_page/TSA020200.jsp?hohi_id=11134
1148,綿村民宿,宜蘭縣,五結鄉,民宿,0934302012-,宜蘭縣五結鄉孝威路316號,國旅補助優惠方案、平價優質旅宿,1900,業者自報,5000,800、1200,2026-12-31,"【國旅補助優惠方案】按照規定第一晚折抵新臺幣800元、第二晚折抵新臺幣1,200元。

【平價優質旅宿】平日雙人房售價：1900",24.69587,121.811307,開放資料,5,124,,https://www.taiwanstay.net.tw/TSA/web_page/TSA020200.jsp?hohi_id=33842
1149,美村民宿,宜蘭縣,五結鄉,民宿,03-9604869,宜蘭縣五結鄉大吉一路269號,平價優質旅宿,2800,業者自報,6300,,,【平價優質旅宿】平日雙人房售價：2800,24.699282,121.803249,開放資料,,,http://www.beautifulvillage269.tw,https://www.taiwanstay.net.tw/TSA/web_page/TSA020200.jsp?hohi_id=26773
1150,艾薇卡民宿,宜蘭縣,五結鄉,民宿,03-9502287,宜蘭縣五結鄉大吉村大吉一路15巷6號,國旅補助優惠方案,,,2600,,2026-12-31,【國旅補助優惠方案】115年國旅平日住宿獎助＋生日券,24.691695,121.797218,開放資料,,,,https://www.taiwanstay.net.tw/TSA/web_page/TSA020200.jsp?hohi_id=12569
1151,藏闊民宿,宜蘭縣,五結鄉,民宿,03-9606198,宜蘭縣五結鄉五結中路2段241巷7弄23號,國旅補助優惠方案,,,5000,,2026-12-31,【國旅補助優惠方案】115年國旅平日住宿獎勵+生日禮卷,24.69146,121.796705,開放資料,4.7,1141,,https://www.taiwanstay.net.tw/TSA/web_page/TSA020200.jsp?hohi_id=21918
1152,蛙塘民宿,宜蘭縣,五結鄉,民宿,03-9506527,宜蘭縣五結鄉錦眾村錦草一路258號,平價優質旅宿,3200,業者自報,2200,,,【平價優質旅宿】平日雙人房售價：3200,24.705219,121.808006,開放資料,,,https://www.facebook.com/yilanfrogpond,https://www.taiwanstay.net.tw/TSA/web_page/TSA020200.jsp?hohi_id=10341
1153,設計師的家休閒民宿,宜蘭縣,五結鄉,民宿,03-9509413,宜蘭縣五結鄉孝威村孝威一路138號,國旅補助優惠方案,,,4500,,2026-12-31,【國旅補助優惠方案】1、房價85折 2、每房1人紫微斗數命理諮詢，需請事先預約(紅包價$100元),24.699425,121.809545,開放資料,4.8,410,http://www.designerhouse.com.tw,https://www.taiwanstay.net.tw/TSA/web_page/TSA020200.jsp?hohi_id=13647
1154,輕塵別院,宜蘭縣,五結鄉,民宿,096031101103-9606668,宜蘭縣五結鄉大吉五路157巷68號,國旅補助優惠方案,,,8000,,2026-12-31,【國旅補助優惠方案】115年國旅補助正式開跑！壽星再享雙重好禮！今年出遊，讓旅行更有價值！凡使用115年國旅補助＋生日券入住輕塵別院SereneGray，除了享有政府住宿補助外，我們再加碼送您：壽星精美禮物一份（入住時贈送）在生日的月份，放慢腳步，住進田野中央，迎接一個寧靜而溫暖的夜晚。清晨享用豐盛手作早餐，午後吹著微風、看著稻浪，把最美好的生日回憶留在宜蘭。 優惠內容 使用115年國旅補助 搭配生日券入住 壽星入住即可獲贈精美禮物一份歡迎提前預約，與我們一起度過一個值得珍藏的生日旅行。 輕塵別院SereneGray入住輕塵別院，今晚如你所願。,24.701541,121.797341,開放資料,4.7,259,http://www.serenegray.com.tw/,https://www.taiwanstay.net.tw/TSA/web_page/TSA020200.jsp?hohi_id=21113
1155,金洙椏休閒民宿,宜蘭縣,五結鄉,民宿,03-9506727,宜蘭縣五結鄉協和村1鄰協和中路17-27號,國旅補助優惠方案,,,3980,,2026-12-31,【國旅補助優惠方案】入住雙人房兩晚加贈兩張五星級美人湯溫泉卷,24.679757,121.804336,開放資料,4.7,166,,https://www.taiwanstay.net.tw/TSA/web_page/TSA020200.jsp?hohi_id=3088
1156,鳥語花香,宜蘭縣,五結鄉,民宿,0915099062,宜蘭縣五結鄉三結三路5巷2號,國旅補助優惠方案,,,2100,,,【國旅補助優惠方案】國旅補助優惠方案,24.695549,121.80036,開放資料,4.7,116,https://www.facebook.com/birdsflowerstravel/,https://www.taiwanstay.net.tw/TSA/web_page/TSA020200.jsp?hohi_id=17115
1157,點點民宿,宜蘭縣,五結鄉,民宿,0935086421-,宜蘭縣五結鄉公園三路109號,國旅補助優惠方案,,,6000,,2026-12-31,【國旅補助優惠方案】115年國旅平日住宿獎助＋生日券業者優惠方案,24.678772,121.808316,開放資料,4.8,40,,https://www.taiwanstay.net.tw/TSA/web_page/TSA020200.jsp?hohi_id=16413
1158,Ｆ１民宿,宜蘭縣,五結鄉,民宿,0939360940-,宜蘭縣五結鄉公園三路107號,國旅補助優惠方案,,,6000,,2026-12-31,【國旅補助優惠方案】115年國旅平日住宿獎助＋生日券業者優惠方案,24.679035,121.808327,開放資料,,,,https://www.taiwanstay.net.tw/TSA/web_page/TSA020200.jsp?hohi_id=1247
1159,Ｉ　ＤＯ民宿,宜蘭縣,五結鄉,民宿,0905636111-,宜蘭縣五結鄉福和二路118巷2號,國旅補助優惠方案,,,6800,,2026-12-31,【國旅補助優惠方案】115年國旅平日住宿獎助＋生日券業者優惠方案,24.677917,121.797054,開放資料,4.9,115,https://aus.com.tw,https://www.taiwanstay.net.tw/TSA/web_page/TSA020200.jsp?hohi_id=6405
1160,Ｊａｎｅ．橙堡民宿,宜蘭縣,五結鄉,民宿,0972505089,宜蘭縣五結鄉協和村傳藝路一段425號,國旅補助優惠方案,,,3600,,2026-12-31,【國旅補助優惠方案】平日續住兩晚每房加碼折300元,24.681554,121.806557,開放資料,,,,https://www.taiwanstay.net.tw/TSA/web_page/TSA020200.jsp?hohi_id=11900
1161,135會館,宜蘭縣,冬山鄉,民宿,0935286948-,宜蘭縣冬山鄉武罕二路135號,國旅補助優惠方案,,,6000,,2026-12-31,【國旅補助優惠方案】115年國旅平日住宿獎助＋生日券,24.657509,121.794014,開放資料,5,1052,https://www.135bnb.com/,https://www.taiwanstay.net.tw/TSA/web_page/TSA020200.jsp?hohi_id=31942
1162,Villa Samaya Awan 紗幔雅雲灣 A,宜蘭縣,冬山鄉,民宿,0902101161-,宜蘭縣冬山鄉三順路37號,國旅補助優惠方案,,,5800,800、1200,2026-12-31,【國旅補助優惠方案】民宿雙倍加碼第一晚：國旅補助800元，民宿再加碼補助800元第二晚：國旅補助1200元，民宿再加碼補助1200元,24.642755,121.812449,開放資料,4.9,48,https://selectstaycation.com/,https://www.taiwanstay.net.tw/TSA/web_page/TSA020200.jsp?hohi_id=38512
1163,Villa Samaya Awan 紗幔雅雲灣 B,宜蘭縣,冬山鄉,民宿,0902101161-,宜蘭縣冬山鄉三順路39巷9號,國旅補助優惠方案,,,5800,800、1200,2026-12-31,【國旅補助優惠方案】民宿雙倍加碼第一晚：國旅補助800元，民宿再加碼補助800元第二晚：國旅補助1200元，民宿再加碼補助1200元,24.796103,121.780649,開放資料,4.9,48,https://selectstaycation.com/,https://www.taiwanstay.net.tw/TSA/web_page/TSA020200.jsp?hohi_id=38514
1164,二月花,宜蘭縣,冬山鄉,民宿,0958753380,宜蘭縣冬山鄉梅花路567號,平價優質旅宿,2600,業者自報,3000,,,【平價優質旅宿】平日雙人房售價：2600(未含早餐),24.662117,121.737824,開放資料,,,,https://www.taiwanstay.net.tw/TSA/web_page/TSA020200.jsp?hohi_id=28416
1165,井上春樹民宿,宜蘭縣,冬山鄉,民宿,0931950780-,宜蘭縣冬山鄉廣安村水井一路7號,平價優質旅宿,1800,業者自報,4200,,,【平價優質旅宿】平日雙人房售價：1800,24.674903,121.745896,開放資料,,,,https://www.taiwanstay.net.tw/TSA/web_page/TSA020200.jsp?hohi_id=13937
1166,來雲庵民宿,宜蘭縣,冬山鄉,民宿,0911836803-,宜蘭縣冬山鄉永鎮路126之3號,國旅補助優惠方案,,,8000,800、1200,2026-12-31,【國旅補助優惠方案】民宿雙倍加碼第一晚：國旅補助800元，民宿再加碼補助800元第二晚：國旅補助1200元，民宿再加碼補助1200元,24.647203,121.781057,開放資料,,,,https://www.taiwanstay.net.tw/TSA/web_page/TSA020200.jsp?hohi_id=38271
1167,光合作用民宿,宜蘭縣,冬山鄉,民宿,0910661585-,宜蘭縣冬山鄉永美村15鄰信光路350號,平價優質旅宿,2150,業者自報,2990,,,【平價優質旅宿】平日雙人房售價：2150,24.649538,121.773486,開放資料,,,http://www.facebook.com/gh0910661585,https://www.taiwanstay.net.tw/TSA/web_page/TSA020200.jsp?hohi_id=15371
1168,八里坪民宿,宜蘭縣,冬山鄉,民宿,0905636111-,宜蘭縣冬山鄉三堵路33號,國旅補助優惠方案,,,4800,,2026-12-31,【國旅補助優惠方案】115年國旅平日住宿獎助＋生日券業者優惠方案,24.651076,121.799429,開放資料,5,29,https://8villa.com.tw,https://www.taiwanstay.net.tw/TSA/web_page/TSA020200.jsp?hohi_id=34426
1169,原宿民宿,宜蘭縣,冬山鄉,民宿,0966703868-,宜蘭縣冬山鄉太和村6鄰美和路一段278巷48號,平價優質旅宿,2100,業者自報,3800,,,【平價優質旅宿】平日雙人房售價：2100,24.642102,121.77564,開放資料,,,,https://www.taiwanstay.net.tw/TSA/web_page/TSA020200.jsp?hohi_id=10517
1170,啓瓦居會館,宜蘭縣,冬山鄉,民宿,0910059551,宜蘭縣冬山鄉中山路36號,國旅補助優惠方案,,,5000,,2026-12-31,【國旅補助優惠方案】1、入住日當月生日入住房價九折(含早餐)，需出示相關憑證核實，專案不併用。2、住宿入住當日生日九折加送蛋糕乙份(含早餐)，需出示相關憑證核實，專案不併用。3、寵物入住免收清潔費(不限大小),24.635574,121.750182,開放資料,,,http://www.cwg.com.tw,https://www.taiwanstay.net.tw/TSA/web_page/TSA020200.jsp?hohi_id=10362
1171,好好民宿,宜蘭縣,冬山鄉,民宿,0915229591-,宜蘭縣冬山鄉武罕三路131巷12號,國旅補助優惠方案,,,10000,800、1000、1200,2026-12-31,"【國旅補助優惠方案】平日住宿優惠：限定週日～週四（不含國定假日）。第一晚補助$800，續住第二晚再加碼補助$1,200（合計最高$2,000）。壽星生日住宿金：每月限量抽出1,000名當月壽星，中籤者可獲得$1,200住宿金，可與平日住宿優惠疊加。",24.659478,121.794646,開放資料,5,174,https://haohaoday.com/,https://www.taiwanstay.net.tw/TSA/web_page/TSA020200.jsp?hohi_id=37067
1172,巷往,宜蘭縣,冬山鄉,民宿,0978099019-,宜蘭縣冬山鄉美和路一段62巷197號,國旅補助優惠方案,,,10000,,2026-12-31,【國旅補助優惠方案】115年國旅平日住宿獎助＋生日券,24.638782,121.778982,開放資料,5,245,,https://www.taiwanstay.net.tw/TSA/web_page/TSA020200.jsp?hohi_id=36135
1173,晨露庄,宜蘭縣,冬山鄉,民宿,03-9568492,宜蘭縣冬山鄉武淵村武罕五路363號,國旅補助優惠方案、平價優質旅宿,3300,業者自報,3800,,2026-12-31,"【國旅補助優惠方案】晨露庄民宿參與民國115年交通部觀光局舉辦之＜國民旅遊輔助活動＞其內容如下:平日住宿優惠方案/生日券優惠方案/TaiwanPASS住宿抵用券,共三種優惠.

【平價優質旅宿】平日雙人房售價：3300",24.662209,121.789434,開放資料,4.9,306,https://thedew.com.tw/rooms/the-dew/,https://www.taiwanstay.net.tw/TSA/web_page/TSA020200.jsp?hohi_id=8678
1174,柯林小屋,宜蘭縣,冬山鄉,民宿,0918489022,宜蘭縣冬山鄉柯林二路325號,國旅補助優惠方案,,,2000,,2026-12-31,【國旅補助優惠方案】訂一房送早餐服務＋生日加贈大禾蜜工坊隨身瓶百花蜜一隻當生日禮（或同等價值）,24.680633,121.730544,開放資料,4.8,82,https://www.facebook.com/groups/914476268604565/,https://www.taiwanstay.net.tw/TSA/web_page/TSA020200.jsp?hohi_id=22677
1175,梅花森林民宿,宜蘭縣,冬山鄉,民宿,03-9540456,宜蘭縣冬山鄉廣興路529巷2弄82號,國旅補助優惠方案,,,7500,,2026-12-31,【國旅補助優惠方案】平日入住之小朋友可享:1.每位小朋友於隔天退房前找管家大姊拿一個代幣免費扭蛋一次2.訂房時告知小朋友當月生日可以免費闆闆準備的小禮物一份,24.665044,121.738407,開放資料,,,,https://www.taiwanstay.net.tw/TSA/web_page/TSA020200.jsp?hohi_id=10550
1176,水耘翠Villa會館,宜蘭縣,冬山鄉,民宿,0932941749-,宜蘭縣冬山鄉寶福路225號,國旅補助優惠方案,,,13800,,2026-12-31,【國旅補助優惠方案】115年國旅平日住宿獎助＋生日券,24.654111,121.808229,開放資料,5,88,,https://www.taiwanstay.net.tw/TSA/web_page/TSA020200.jsp?hohi_id=33034
1177,水舞間,宜蘭縣,冬山鄉,民宿,0921795021-,宜蘭縣冬山鄉水井一路92號,國旅補助優惠方案,,,7000,,2026-12-31,【國旅補助優惠方案】住宿雙人房原價3200元四人房原價4800元:平日優惠一房折500元早餐:水煎包讓您方便帶上車享用。可加碼生日卷300元。需本人攜帶身份証核對資料。,24.67643,121.748371,開放資料,4.6,124,http://www.waterdance.com.tw,https://www.taiwanstay.net.tw/TSA/web_page/TSA020200.jsp?hohi_id=4666
1178,澳漫民宿,宜蘭縣,冬山鄉,民宿,0905636111-,宜蘭縣冬山鄉補城路690號,國旅補助優惠方案,,,3800,,2026-12-31,【國旅補助優惠方案】115年國旅平日住宿獎助＋生日券業者優惠方案,24.658804,121.812106,開放資料,,,,https://www.taiwanstay.net.tw/TSA/web_page/TSA020200.jsp?hohi_id=32042
1179,玫瑰莊園,宜蘭縣,冬山鄉,民宿,03-9519146,宜蘭縣冬山鄉梅花路742號,平價優質旅宿,1600,業者自報,2500,,,【平價優質旅宿】平日雙人房售價：1600,24.660376,121.735581,開放資料,,,,https://www.taiwanstay.net.tw/TSA/web_page/TSA020200.jsp?hohi_id=2072
1180,畫宿行旅民宿,宜蘭縣,冬山鄉,民宿,0979100488,宜蘭縣冬山鄉東二路22巷39號,國旅補助優惠方案,,,3280,,2026-12-31,【國旅補助優惠方案】活動期間使用平日住宿獎助於本民宿連續包棟兩晚，業者在加碼折扣2000$。依國旅補助規定搭配本民宿包棟方案，疊加總共折抵8000$，生日卷可再繼續疊加。,24.663742,121.802277,開放資料,4.9,70,,https://www.taiwanstay.net.tw/TSA/web_page/TSA020200.jsp?hohi_id=28467
1181,稻禾綠洲,宜蘭縣,冬山鄉,民宿,0920088713-,宜蘭縣冬山鄉冬山鄉保安二路301號,國旅補助優惠方案,3860,業者官網,6500,,2026-11-30,【國旅補助優惠方案】國旅補助方案-入住加碼贈冬山美食小物紀念品,24.645582,121.799046,開放資料,5,241,https://www.domebnb.tw/,https://www.taiwanstay.net.tw/TSA/web_page/TSA020200.jsp?hohi_id=32566
1182,米修Ｂ＆Ｂ,宜蘭縣,冬山鄉,民宿,03-9513583,宜蘭縣冬山鄉柯林村光華一路415號,國旅補助優惠方案,,,6000,,2026-12-31,【國旅補助優惠方案】可提供羅東火車站(或羅東轉運站)行李免費接駁服務，需於入住前與民宿主人取得聯繫,24.683935,121.728226,開放資料,,,https://www.meishiou.com.tw/,https://www.taiwanstay.net.tw/TSA/web_page/TSA020200.jsp?hohi_id=1170
1183,米卡洛民宿,宜蘭縣,冬山鄉,民宿,0933244677-,宜蘭縣冬山鄉境安一路156巷51號,國旅補助優惠方案,,,4600,,2026-12-31,"【國旅補助優惠方案】1.使用生日券住宿優惠:住宿當日依照生日券住宿房型人數,贈送特調飲料,請於訂房時告知使用此項優惠.",24.679092,121.741284,開放資料,4.6,247,,https://www.taiwanstay.net.tw/TSA/web_page/TSA020200.jsp?hohi_id=15798
1184,索菲亞民宿,宜蘭縣,冬山鄉,民宿,0982757401-,宜蘭縣冬山鄉安農六路12號,平價優質旅宿,3360,業者自報,6800,,,【平價優質旅宿】平日雙人房售價：3360,24.689794,121.738196,開放資料,,,,https://www.taiwanstay.net.tw/TSA/web_page/TSA020200.jsp?hohi_id=14014
1185,綠堤民宿,宜蘭縣,冬山鄉,民宿,03-9503958,宜蘭縣冬山鄉武淵村東五路75號,國旅補助優惠方案,,,1600,,2026-12-31,【國旅補助優惠方案】入住兩碗加贈自行車體驗,24.665229,121.803437,開放資料,4.6,46,,https://www.taiwanstay.net.tw/TSA/web_page/TSA020200.jsp?hohi_id=8830
1186,美好生活,宜蘭縣,冬山鄉,民宿,0912280777-,宜蘭縣冬山鄉廣興村2鄰水源路88號,平價優質旅宿,1200,業者自報,3200,1200,,【平價優質旅宿】平日雙人房售價：1200,24.668797,121.75261,開放資料,,,,https://www.taiwanstay.net.tw/TSA/web_page/TSA020200.jsp?hohi_id=16592
1187,老公老婆友善民宿,宜蘭縣,冬山鄉,民宿,091229933503-9519013,宜蘭縣冬山鄉柯林村5鄰境安路345號,平價優質旅宿,3000,業者自報,4800,,,【平價優質旅宿】平日雙人房售價：3000(4人房),24.681211,121.74271,開放資料,,,https://mysweetiebnb.yltravel.com.tw/,https://www.taiwanstay.net.tw/TSA/web_page/TSA020200.jsp?hohi_id=16386
1188,藝景居民宿,宜蘭縣,冬山鄉,民宿,0916220518,宜蘭縣冬山鄉鹿得三路161號,平價優質旅宿,3300,業者自報,4900,,,【平價優質旅宿】平日雙人房售價：3300,24.653412,121.734674,開放資料,,,,https://www.taiwanstay.net.tw/TSA/web_page/TSA020200.jsp?hohi_id=13872
1189,裏白VILLA民宿,宜蘭縣,冬山鄉,民宿,0933245113-,宜蘭縣冬山鄉丸山二路31號,國旅補助優惠方案,,,18000,800、1200,2026-12-31,"【國旅補助優惠方案】平日住宿：週一至週四入住合法旅宿，第一晚折抵$800，連續入住同間旅宿第二晚加碼折抵$1,200。壽星生日金：需事前登錄抽籤，中籤者可於生日當月獲得$1,200住宿金。",24.643627,121.760603,開放資料,5,380,,https://www.taiwanstay.net.tw/TSA/web_page/TSA020200.jsp?hohi_id=31313
1190,遇見奇蹟,宜蘭縣,冬山鄉,民宿,0909689664,宜蘭縣冬山鄉富堵五路61號,平價優質旅宿,2900,業者自報,4680,,,【平價優質旅宿】平日雙人房售價：2900,24.661081,121.806274,開放資料,,,,https://www.taiwanstay.net.tw/TSA/web_page/TSA020200.jsp?hohi_id=4899
1191,雙黃蛋生活空間,宜蘭縣,冬山鄉,民宿,0933988763,宜蘭縣冬山鄉永美路267號,平價優質旅宿,2700,業者自報,4000,,,【平價優質旅宿】平日雙人房售價：2700,24.652184,121.77427,開放資料,,,,https://www.taiwanstay.net.tw/TSA/web_page/TSA020200.jsp?hohi_id=26962
1192,魚窩Ｂ＆Ｂ,宜蘭縣,冬山鄉,民宿,0958580996,宜蘭縣冬山鄉柯林村光華一路430號,國旅補助優惠方案,,,9000,,2026-12-31,【國旅補助優惠方案】迎賓下午茶＋管家早餐 每天下午免費撈蝦體驗+生態瓶diy 免費自行車，輕鬆騎遊安農溪,24.684125,121.728961,開放資料,4.9,103,http://fish-house.hotweb.com.tw/p9.php?pdir=news&model=news_b_1&hid=KW1182583014&nid=KW1182583014N1376552318,https://www.taiwanstay.net.tw/TSA/web_page/TSA020200.jsp?hohi_id=9690
1193,魚雅築渡假民宿,宜蘭縣,冬山鄉,民宿,0958580996-,宜蘭縣冬山鄉柯林村光華一路407號,國旅補助優惠方案,,,7800,,2026-12-31,【國旅補助優惠方案】迎賓下午茶＋管家早餐 每天下午免費撈蝦體驗+生態瓶diy 免費自行車，輕鬆騎遊安農溪,24.683748,121.727644,開放資料,4.8,429,https://www.fish-house.com.tw/,https://www.taiwanstay.net.tw/TSA/web_page/TSA020200.jsp?hohi_id=7275
1194,鴝花甜點民宿,宜蘭縣,冬山鄉,民宿,0929590899-,宜蘭縣冬山鄉九分一路210巷11號,國旅補助優惠方案、平價優質旅宿,2600,業者自報,10800,,2026-12-31,"【國旅補助優惠方案】舉凡：(1)符合「國旅平日住宿」條件、(2)持「TaiwanPASS住宿抵用券」者，住宿房價一律按本民宿官網價九五折計費，若(3)持「生日券」入住者，每即可獲贈4吋生日蛋糕一顆。***注意事項：以上3項優惠，可擇一使用、優惠不予重複。

【平價優質旅宿】平日雙人房售價：2600",24.66412,121.787028,開放資料,5,257,https://tw-bnb.com/web/quhua168/,https://www.taiwanstay.net.tw/TSA/web_page/TSA020200.jsp?hohi_id=32514
1195,ＲＯＹＡＬ　ＨＯＵＳＥ,宜蘭縣,冬山鄉,民宿,0982258332,宜蘭縣冬山鄉鹿得三路159號,平價優質旅宿,3300,業者自報,2800,,,【平價優質旅宿】平日雙人房售價：3300,24.653305,121.734653,開放資料,,,,https://www.taiwanstay.net.tw/TSA/web_page/TSA020200.jsp?hohi_id=13669
1196,50LAN HOUSE,宜蘭縣,員山鄉,民宿,0963333981-,宜蘭縣員山鄉大湖路75-16號,國旅補助優惠方案、平價優質旅宿,2800,業者自報,6800,800、1200,2026-12-31,"【國旅補助優惠方案】【50LanHouse】115年國旅補助及民宿優惠方案​想來趟說走就走的放鬆之旅嗎？配合115年觀光署國旅補助與民宿專屬優惠，來50LanHouse輕鬆享受質感假期！​ 平日續住專案｜兩晚最高現折$2,000避開人潮更愜意！凡週日至週四入住（國定假日及連假除外），搭配國旅補助首晚即省$800元；續住第二晚，加碼再折$1,200元！連住兩晚深度慢遊，輕鬆省下$2,000元！ 透過官方LINE或電話預訂，加碼再享隱藏版專屬優惠！​ 當月壽星禮遇｜搭配平日補助，最高狂折$3,200出示觀光署生日住宿金中籤憑證，當月入住加碼再折$1,200元（與平日續住疊加，最高現折$3,200元）！50LanHouse更為您準備了獨家精美生日慶祝小禮乙份！​ 溫馨提醒：補助名額依政府公告採「先住先抵用」，額度有限，用完為止。立即私訊，為自己預留一段美好的假期時光！​【專人訂房服務】▪ 官方LINEID：@450vkjpn▪ 訂房專線：0963-333-981

【平價優質旅宿】平日雙人房售價：2800",24.745678,121.695514,開放資料,5,1219,,https://www.taiwanstay.net.tw/TSA/web_page/TSA020200.jsp?hohi_id=32654
1197,G’day,宜蘭縣,員山鄉,民宿,0971857230-,宜蘭縣員山鄉深洲路179巷42號,平價優質旅宿,3200,業者自報,5000,,,【平價優質旅宿】平日雙人房售價：3200,24.720019,121.712271,開放資料,,,https://booking.owlting.com/gdayvilla,https://www.taiwanstay.net.tw/TSA/web_page/TSA020200.jsp?hohi_id=34899
1198,R&J Guesthouse,宜蘭縣,員山鄉,民宿,0953172857-,宜蘭縣員山鄉枕山村坡城路12之1號,國旅補助優惠方案、平價優質旅宿,2600,業者自報,2400,,2026-12-31,"【國旅補助優惠方案】1.連續兩晚以上入住，第二.三...晚再折$1002.早餐每人招待飲料一杯(精品咖啡.拿鐵.豆.米漿..等)

【平價優質旅宿】平日雙人房售價：2600",24.778597,121.706421,開放資料,4.9,269,,https://www.taiwanstay.net.tw/TSA/web_page/TSA020200.jsp?hohi_id=13873
1199,宜蘭力麗威斯汀度假酒店,宜蘭縣,員山鄉,旅館,03-9232111,宜蘭縣員山鄉永同路三段268號,國旅補助優惠方案,,,16000,800、1200,2026-12-31,"【國旅補助優惠方案】平日(週日至週四)於官網訂房入住任一房型，享補助第一晚NT$800，續住第二晚再享補助NT$1,200旅客持生日券入住再享補助NT$1,200，酒店加贈壽星本人紅酒乙瓶(市值NT$580)",24.751389,121.712735,開放資料,4.2,4466,http://www.westin-yilan.com,https://www.taiwanstay.net.tw/TSA/web_page/TSA020200.jsp?hohi_id=14169
1200,尚好居,宜蘭縣,員山鄉,民宿,0937159867-,宜蘭縣員山鄉深洲二路83號,國旅補助優惠方案,,,2380,,2026-12-31,【國旅補助優惠方案】115年國旅平日住宿獎助活動參與本次國旅平日住宿獎助活動（依交通部觀光署正式公告及審核結果為準）。,24.717914,121.727984,開放資料,5,29,https://www.facebook.com/ShanHaoJuVilla,https://www.taiwanstay.net.tw/TSA/web_page/TSA020200.jsp?hohi_id=28145
1201,日光之丘,宜蘭縣,員山鄉,民宿,03-9222366,宜蘭縣員山鄉大湖二十路200號,平價優質旅宿,3500,業者自報,6000,,,【平價優質旅宿】平日雙人房售價：3500,24.737303,121.691738,開放資料,,,,https://www.taiwanstay.net.tw/TSA/web_page/TSA020200.jsp?hohi_id=9092
1202,枕House民宿,宜蘭縣,員山鄉,民宿,0913287587-,宜蘭縣員山鄉枕山十二路109號,平價優質旅宿,2000,業者自報,10000,,,【平價優質旅宿】平日雙人房售價：2000（未含早餐）,24.768452,121.718547,開放資料,,,,https://www.taiwanstay.net.tw/TSA/web_page/TSA020200.jsp?hohi_id=35088
1203,深溝仔民宿,宜蘭縣,員山鄉,民宿,0928157829,宜蘭縣員山鄉深溝村深洲二路149號,平價優質旅宿,2300,業者自報,4800,,,【平價優質旅宿】平日雙人房售價：2300,24.714259,121.723524,開放資料,,,,https://www.taiwanstay.net.tw/TSA/web_page/TSA020200.jsp?hohi_id=21524
1204,湘河,宜蘭縣,員山鄉,民宿,0989425332-,宜蘭縣員山鄉深洲路179巷20號,國旅補助優惠方案,,,6000,800、1200,2026-12-31,"【國旅補助優惠方案】【活動內容與優惠細節】歡迎蒞臨渡假！為響應115年9/1~11/30國旅平日住宿獎助，我們湘河特別推出專屬超值支持國旅回饋方案：1.房價全面九折：凡於平日入住，房價一律享9折優惠（平日價格在享9折）2.疊加國旅補助更划算：平日連住2晚：可搭配國旅獎助，第一晚折抵800元、第二晚折抵1,200元，合計最高可再折抵2,000元！3.適用對象：所有愛好旅遊、尋求放鬆的旅客（平假日定義依政府公告及本館規定為準）。快來安排您的宜蘭放鬆之旅，享受超高性價比的舒適住宿體驗！名額有限，歡迎提前預訂！",24.720967,121.713807,開放資料,5,45,,https://www.taiwanstay.net.tw/TSA/web_page/TSA020200.jsp?hohi_id=38620
1205,花妍巧雨,宜蘭縣,員山鄉,民宿,0937025054,宜蘭縣員山鄉尚德村18鄰大湖22路6號,平價優質旅宿,1800,業者自報,2000,,,【平價優質旅宿】平日雙人房售價：1800,24.732822,121.708954,開放資料,,,,https://www.taiwanstay.net.tw/TSA/web_page/TSA020200.jsp?hohi_id=19213
1206,蘭庭民宿,宜蘭縣,員山鄉,民宿,03-9232699,宜蘭縣員山鄉賢德路一段30號,國旅補助優惠方案,,,5000,,2026-12-31,【國旅補助優惠方案】入住當天出示身份證，可享當日壽星優惠100元,24.715314,121.73665,開放資料,4.9,408,http://www.sakurailan.com,https://www.taiwanstay.net.tw/TSA/web_page/TSA020200.jsp?hohi_id=269
1207,鄉間雅築休閒民宿,宜蘭縣,員山鄉,民宿,091120913003-9222500,宜蘭縣員山鄉尚深路161巷12號,平價優質旅宿,2000,業者自報,3800,,,【平價優質旅宿】平日雙人房售價：2000,24.728785,121.718366,開放資料,,,,https://www.taiwanstay.net.tw/TSA/web_page/TSA020200.jsp?hohi_id=21828
1208,ＤＯＭＯ,宜蘭縣,員山鄉,民宿,02-27030655,宜蘭縣員山鄉深洲路52號,國旅補助優惠方案,,,3000,,,"【國旅補助優惠方案】【DoMo 宜蘭 9、10 月平日包棟免費住】
響應政府國旅補助，DoMo 宜蘭推出限量包棟優惠！
​
 優惠方案
 平日 3 晚免費｜8 人補助成行
 平日 2 晚 NT$999｜4 人補助成行
 週末 2 晚五折起
（檔期詳見官網）
 報名：08/05（三）11:00
 入住：09/01（二）－10/31（六）
​
 報名方式
• 官方 Facebook 公布報名連結。
• 採表單登記，依填單順序受理。
• 最多可填三個入住志願。
• 08/07（五）17:00 前通知結果。
• 08/13（四）12:00 前未回傳信用卡授權書視同放棄，由候補遞補。
 表單送出不代表訂房成功，須通過資格審核並完成信用卡授權才算完成訂房。
​
 活動資訊
• 僅適用平日住宿獎助。
• 所有入住者須符合補助資格且未使用過補助。
• 資格不符或逾期取消，將依原價 NT$12,000／晚收費。
• 僅限 DoMo 宜蘭包棟使用，其餘館別不適用。
• 其他注意事項及完整活動規則請見官網。
 https://www.domo.tw/news/2026_domestic_travel_subsidy/",24.71239,121.718912,開放資料,4,89,,https://www.taiwanstay.net.tw/TSA/web_page/TSA020200.jsp?hohi_id=12005
1209,禾風彩魚會館,宜蘭縣,壯圍鄉,民宿,093566626003-9307696,宜蘭縣壯圍鄉中央路三段482號,平價優質旅宿,2800,業者自報,8800,,,【平價優質旅宿】平日雙人房售價：2800,24.765748,121.795857,開放資料,,,http://www.tsaiyu.com,https://www.taiwanstay.net.tw/TSA/web_page/TSA020200.jsp?hohi_id=9790
1210,好望角民宿,宜蘭縣,大同鄉,民宿,03-9801278,宜蘭縣大同鄉松羅村玉蘭46號,國旅補助優惠方案,,,1000,,2026-12-31,【國旅補助優惠方案】國旅平日住宿獎助：房價優惠$300生日卷：紅酒或白酒一瓶,24.670807,121.594217,開放資料,4.5,879,,https://www.taiwanstay.net.tw/TSA/web_page/TSA020200.jsp?hohi_id=9776
1211,泰雅山莊渡假民宿,宜蘭縣,大同鄉,民宿,03-9801858,宜蘭縣大同鄉崙埤村2鄰崙埤12-1號,平價優質旅宿,2200,業者自報,3400,,,【平價優質旅宿】平日雙人房售價：2200,24.682683,121.60684,開放資料,,,http://tayal.yibnb.net/,https://www.taiwanstay.net.tw/TSA/web_page/TSA020200.jsp?hohi_id=231
1212,伯斯飯店,宜蘭縣,宜蘭市,旅館,03-9312999,宜蘭縣宜蘭市宜興路一段366號2-6樓,平價優質旅宿,2668,業者自報,3380,,,【平價優質旅宿】平日雙人房售價：2668,24.757566,121.75885,開放資料,,,https://www.boss-hotel.com.tw,https://www.taiwanstay.net.tw/TSA/web_page/TSA020200.jsp?hohi_id=8505
1213,富翔大飯店,宜蘭縣,宜蘭市,旅館,03-9388386,宜蘭縣宜蘭市校舍路19號,平價優質旅宿,2200,業者自報,4400,,,【平價優質旅宿】平日雙人房售價：2200,24.751732,121.763386,開放資料,,,http://www.fuhotel.com,https://www.taiwanstay.net.tw/TSA/web_page/TSA020200.jsp?hohi_id=1240
1214,杜拜時尚戀館,宜蘭縣,宜蘭市,旅館,03-9287700,宜蘭縣宜蘭市新生里大福路二段70、70之1、70之2號,平價優質旅宿,2280,業者自報,4880,,,【平價優質旅宿】平日雙人房售價：2280,24.766414,121.759368,開放資料,,,https://dubaimotel.com.tw/,https://www.taiwanstay.net.tw/TSA/web_page/TSA020200.jsp?hohi_id=17684
1215,煙波大飯店宜蘭館,宜蘭縣,宜蘭市,旅館,03-9256899,宜蘭縣宜蘭市凱旋路135號、135號2至9樓,國旅補助優惠方案,,,13200,1000,2026-12-31,【國旅補助優惠方案】1.平日(周日-周四)入住1晚贈200點會員點數，平日入住2晚以上贈1000點會員點數，假日、國定假日、連續假期不適用。2.平日入住累積指定次數，再拿限定禮，3個章兌換旅行收納袋，6個章兌換安心防災包/猩猩之握小腿按摩器(二擇一)。3.幸運壽星抽中政府補助生日住宿金，不分平假日來館入住，免費贈送房內生日佈置，若生日佈置額滿，改贈送早餐加購餐點乙份。,24.720214,121.763261,開放資料,,,http://www.lakeshore.com.tw,https://www.taiwanstay.net.tw/TSA/web_page/TSA020200.jsp?hohi_id=8741
1216,英格蘭旅館,宜蘭縣,宜蘭市,旅館,03-9282288,宜蘭縣宜蘭市中山路五段127巷6號1-4樓,平價優質旅宿,2600,業者自報,4500,,,【平價優質旅宿】平日雙人房售價：2600,24.770616,121.756134,開放資料,,,http://www.england-motel.com.tw,https://www.taiwanstay.net.tw/TSA/web_page/TSA020200.jsp?hohi_id=12389
1217,葳格行旅,宜蘭縣,宜蘭市,旅館,03-9289689,宜蘭縣宜蘭市宜興路三段61號1-2樓,平價優質旅宿,2520,業者自報,5000,,,【平價優質旅宿】平日雙人房售價：2520,24.767798,121.760037,開放資料,,,http://www.wogohotel.com.tw/WebMaster/,https://www.taiwanstay.net.tw/TSA/web_page/TSA020200.jsp?hohi_id=5353
1218,園仔湯商旅,宜蘭縣,礁溪鄉,旅館,03-9888070,宜蘭縣礁溪鄉德陽路33號,國旅補助優惠方案,3080,業者官網,2980,,,"【國旅補助優惠方案】提醒限官網及線上LINE訂房,FB訂房，不適用其他線上平台訂房",24.828073,121.772289,開放資料,4.4,1869,http://www.garden-spring.com.tw,https://www.taiwanstay.net.tw/TSA/web_page/TSA020200.jsp?hohi_id=3610
1219,宅山里,宜蘭縣,礁溪鄉,民宿,0910675866-,宜蘭縣礁溪鄉林尾路42-15號,國旅補助優惠方案,,,40000,,2026-12-31,【國旅補助優惠方案】115年國旅平日住宿獎助＋生日券業者自提優惠方案,24.821371,121.755259,開放資料,3.6,5,,https://www.taiwanstay.net.tw/TSA/web_page/TSA020200.jsp?hohi_id=38076
1220,尚荷田院民宿,宜蘭縣,礁溪鄉,民宿,0915027688-,宜蘭縣礁溪鄉十六結路39之23號2樓,國旅補助優惠方案,,,15000,,2026-12-31,【國旅補助優惠方案】國小六年級，老人75歲以上同遊不算加床，提前四個月訂房送一隻烤雞,24.813284,121.758922,開放資料,4.6,55,,https://www.taiwanstay.net.tw/TSA/web_page/TSA020200.jsp?hohi_id=36500
1221,山形閣,宜蘭縣,礁溪鄉,旅館,03-9872323,宜蘭縣礁溪鄉中山路二段187號,國旅補助優惠方案,,,2600,800、1200,2026-12-31,"【國旅補助優惠方案】(一) 單晚入住優惠凡透過山形閣官方網站或電話訂房，入住時經確認符合補助資格者，可享：依旅客當次使用補助資格之順序，可享住宿費折抵NT$800或NT$1,200。※本優惠適用官網販售之住房專案。(二) 山形閣連續住宿2晚優惠凡透過山形閣官方網站或電話訂房，並於山形閣連續入住2晚者，入住時經確認符合補助資格者，可享以下優惠方案擇一：1.【方案A】純住房連住優惠方案（推薦）預訂官網「純住房（不含餐食）優惠價」方案，於山形閣連續入住2晚，並由同一位旅客使用連續兩晚補助資格，即可享：連住2晚優惠房費總額NT$7,600。再享觀光署住宿補助：使用第1晚補助資格，可折抵NT$800使用第2晚補助資格，可折抵NT$1,200兩晚合計享住宿補助NT$2,000，優惠後實際住宿費用只需NT$5,600。※等同以一晚住宿費用，享兩晚溫泉住宿體驗。2.【方案B】其他官網住房專案若於山形閣連續入住2晚，預訂官網其他住房專案（含餐食或其他專案），仍可依補助資格順序享：使用第1晚補助資格，可折抵NT$800使用第2晚補助資格，可折抵NT$1,200",24.828246,121.775055,開放資料,4.8,5289,http://yamagatakaku.com.tw,https://www.taiwanstay.net.tw/TSA/web_page/TSA020200.jsp?hohi_id=5133
1222,山月２２Ｖｉｌｌａ別墅民宿,宜蘭縣,礁溪鄉,民宿,090999131303-9875009,宜蘭縣礁溪鄉十六結路94之7號,國旅補助優惠方案,,,3200,,2026-12-31,【國旅補助優惠方案】115年國旅平日住宿優惠生日慶生優惠＊配合國旅住宿補助方案辦理＊,24.811802,121.762038,開放資料,4.2,47,http://www.shanyue22.com.tw,https://www.taiwanstay.net.tw/TSA/web_page/TSA020200.jsp?hohi_id=18738
1223,帝王大飯店,宜蘭縣,礁溪鄉,旅館,03-9883769,宜蘭縣礁溪鄉礁溪路五段156號,國旅補助優惠方案,,,4800,,2026-12-31,【國旅補助優惠方案】帝王行旅國旅平日住宿優惠活動平日定義:週日~週五假日定義:週六(國定連續假日)平日優惠房價經典雙人房2000/間經典家庭房3200/間渡假雙人房2500/間渡假家庭房3700/間假日優惠房價經典雙人房3200/間經典家庭房4200/間渡假雙人房3700/間渡假家庭房4700/間以上提供早餐券本旅館如使用生日券入住當天提供經典小蛋糕一份,24.828548,121.773876,開放資料,,,,https://www.taiwanstay.net.tw/TSA/web_page/TSA020200.jsp?hohi_id=13696
1224,懷鄉園渡假別墅,宜蘭縣,礁溪鄉,民宿,0912871476,宜蘭縣礁溪鄉二龍村淇武蘭路12-1號,國旅補助優惠方案,,,2400,,2026-12-31,【國旅補助優惠方案】115年國旅平日住宿獎助+生日劵+台鐵優惠劵,24.808343,121.773471,開放資料,,,,https://www.taiwanstay.net.tw/TSA/web_page/TSA020200.jsp?hohi_id=13574
1225,月兒田,宜蘭縣,礁溪鄉,民宿,0978777398,宜蘭縣礁溪鄉玉光村瑪僯路35-22號,國旅補助優惠方案,,,2800,,2026-12-31,【國旅補助優惠方案】【115年國旅平日住宿獎助×壽星專屬雙重優惠】入住宜蘭礁溪的月兒田民宿，享受田園美景與悠閒假期！為配合115年國旅平日住宿獎助方案，凡符合政府補助資格之旅客，於活動期間平日入住即可申請國旅住宿補助，再加碼享有月兒田民宿專屬生日優惠，讓您的旅程更加超值！【優惠對象】符合115年國旅平日住宿獎助資格之國內旅客。當月壽星或當季壽星（入住時請出示身分證件）。【優惠內容】 平日入住可申請政府住宿獎助（依觀光署公告規定辦理）。 壽星本人入住贈送精美迎賓禮乙份。 續住第二晚再享房價95折優惠。遠離城市喧囂，來到礁溪田野間放鬆身心，在月光與稻香陪伴下，享受最溫暖的宜蘭慢旅行。優惠數量有限，請提前預約訂房，以免向隅！,24.792548,121.769889,開放資料,5,41,,https://www.taiwanstay.net.tw/TSA/web_page/TSA020200.jsp?hohi_id=2133
1226,松田民宿,宜蘭縣,礁溪鄉,民宿,0936577738-,宜蘭縣礁溪鄉白雲村份尾一路118號,平價優質旅宿,1950,業者自報,3400,,,【平價優質旅宿】平日雙人房售價：1950,24.833881,121.78823,開放資料,,,http://songtian.gogobnb.com,https://www.taiwanstay.net.tw/TSA/web_page/TSA020200.jsp?hohi_id=1857
1227,溫沙堡花園汽車旅館,宜蘭縣,礁溪鄉,旅館,03-9873667,宜蘭縣礁溪鄉大忠路219號,平價優質旅宿,1380,業者自報,3000,,,【平價優質旅宿】平日雙人房售價：1380,24.825526,121.763515,開放資料,,,,https://www.taiwanstay.net.tw/TSA/web_page/TSA020200.jsp?hohi_id=18783
1228,漁海民宿,宜蘭縣,礁溪鄉,民宿,0986823859,宜蘭縣礁溪鄉大塭路39之10號,國旅補助優惠方案,,,4500,,2026-12-31,【國旅補助優惠方案】包棟6位3間房原價$5999特惠價5499,24.817928,121.811079,開放資料,4.9,141,,https://www.taiwanstay.net.tw/TSA/web_page/TSA020200.jsp?hohi_id=31144
1229,瑞德童話藝宿商旅,宜蘭縣,礁溪鄉,旅館,03-9887777,宜蘭縣礁溪鄉溫泉路51-1號,平價優質旅宿,1800,業者自報,4800,,,【平價優質旅宿】平日雙人房售價：1800,24.828182,121.773714,開放資料,,,https://fairytale.hexa.tw/,https://www.taiwanstay.net.tw/TSA/web_page/TSA020200.jsp?hohi_id=12981
1230,田念民宿,宜蘭縣,礁溪鄉,民宿,0928110696-,宜蘭縣礁溪鄉光武村武暖路124-26號,國旅補助優惠方案、平價優質旅宿,3200,業者自報,3700,800、1200,2026-12-31,"【國旅補助優惠方案】國旅補助開始囉，歡迎大家安排國內旅遊來宜蘭的田念民宿，除了有迎賓下午茶，新鮮現作早餐，還會有住宿優惠補助喔，住一天一人（房）優惠800元，二天再優惠1200元，生日券再加碼優惠價（上網登記抽獎，中奬不用限定當天，活動期間都能使用），住越多補助越多喔。歡迎您們趕快安排三天二夜的假期吧，活動日期到115年12月31日截止，超高CP值，大家別錯過。加LINE：0928110696，還有專屬優惠活動唷，趕快來宜蘭旅遊，田念民宿歡迎您們的蒞臨

【平價優質旅宿】平日雙人房售價：3200",24.783228,121.777868,開放資料,4.9,230,http://www.tiannian.com.tw,https://www.taiwanstay.net.tw/TSA/web_page/TSA020200.jsp?hohi_id=6818
1231,礁溪後苑,宜蘭縣,礁溪鄉,民宿,0988973338,宜蘭縣礁溪鄉淇武蘭路111-12號,平價優質旅宿,2980,業者自報,4200,,,【平價優質旅宿】平日雙人房售價：2980,24.808829,121.786321,開放資料,,,,https://www.taiwanstay.net.tw/TSA/web_page/TSA020200.jsp?hohi_id=16777
1232,礁溪溫泉旅館,宜蘭縣,礁溪鄉,旅館,03-9881767,宜蘭縣礁溪鄉仁愛路8號,平價優質旅宿,1000,業者自報,2200,1000,,【平價優質旅宿】平日雙人房售價：1000(不供早餐),24.828562,121.771205,開放資料,,,,https://www.taiwanstay.net.tw/TSA/web_page/TSA020200.jsp?hohi_id=4152
1233,綠園旅社,宜蘭縣,礁溪鄉,旅館,092619227303-9882279,宜蘭縣礁溪鄉德陽路72號1-4樓,國旅補助優惠方案,,,6000,,2026-11-30,【國旅補助優惠方案】歡迎使用115年國旅「平日住宿獎助」、「生日券」,24.82902,121.77021,開放資料,4.6,94,,https://www.taiwanstay.net.tw/TSA/web_page/TSA020200.jsp?hohi_id=6931
1234,華閣溫泉飯店,宜蘭縣,礁溪鄉,旅館,03-9882016,宜蘭縣礁溪鄉公園路25號,平價優質旅宿,2940,業者自報,4620,,,【平價優質旅宿】平日雙人房售價：2940,24.830232,121.775911,開放資料,,,http://www.hot-spring.com.tw,https://www.taiwanstay.net.tw/TSA/web_page/TSA020200.jsp?hohi_id=2142
1235,誠闊礁溪渡假飯店,宜蘭縣,礁溪鄉,旅館,097893989703-9875728,宜蘭縣礁溪鄉健康路60號,平價優質旅宿,3300,業者自報,9800,,,【平價優質旅宿】平日雙人房售價：3300,24.831081,121.775884,開放資料,,,http://www.vasty-hotels.com,https://www.taiwanstay.net.tw/TSA/web_page/TSA020200.jsp?hohi_id=11704
1236,采雲間,宜蘭縣,礁溪鄉,民宿,0921996855,宜蘭縣礁溪鄉淇武蘭路168-26號,平價優質旅宿,1600,業者自報,1980,,,【平價優質旅宿】平日雙人房售價：1600,24.809223,121.793617,開放資料,,,,https://www.taiwanstay.net.tw/TSA/web_page/TSA020200.jsp?hohi_id=17843
1237,雅比斯旭山館,宜蘭縣,礁溪鄉,民宿,03-9885369,宜蘭縣礁溪鄉奇立丹路103之20號,平價優質旅宿,3000,業者自報,9000,,,【平價優質旅宿】平日雙人房售價：3000,24.822651,121.775913,開放資料,,,,https://www.taiwanstay.net.tw/TSA/web_page/TSA020200.jsp?hohi_id=31064
1238,雅比斯民宿,宜蘭縣,礁溪鄉,民宿,03-9885369,宜蘭縣礁溪鄉奇立丹路195巷1號,平價優質旅宿,2800,業者自報,8000,,,【平價優質旅宿】平日雙人房售價：2800,24.821284,121.777337,開放資料,,,,https://www.taiwanstay.net.tw/TSA/web_page/TSA020200.jsp?hohi_id=20571
1239,雲湘居民宿,宜蘭縣,礁溪鄉,民宿,03-9888265,宜蘭縣礁溪鄉白雲三路72號,平價優質旅宿,1800,業者自報,1500,,,【平價優質旅宿】平日雙人房售價：1800,24.837639,121.785245,開放資料,,,http://www.jiaoxibnb.tw,https://www.taiwanstay.net.tw/TSA/web_page/TSA020200.jsp?hohi_id=21271
1240,靜界會館有限公司,宜蘭縣,礁溪鄉,旅館,093307899003-9880018,宜蘭縣礁溪鄉玉石村公園路70巷39弄16、18、20、22號,國旅補助優惠方案、平價優質旅宿,2500,業者自報,6380,,2026-12-31,"【國旅補助優惠方案】平日優惠價雙人房2500四人房3700包棟villa(三間房)有供三個名額申請10000我們是寵物有善旅館喔參與此活動免收寵物清潔費500以上房價附贈老闆娘親自主的養身早餐

【平價優質旅宿】平日雙人房售價：2500",24.83326,121.775897,開放資料,,,http://www.peacearea.com.tw/,https://www.taiwanstay.net.tw/TSA/web_page/TSA020200.jsp?hohi_id=10643
1241,麗翔大飯店,宜蘭縣,礁溪鄉,旅館,03-9874888,宜蘭縣礁溪鄉礁溪路六段6號1-2、7-9樓,平價優質旅宿,2700,業者自報,10780,,,【平價優質旅宿】平日雙人房售價：2700,24.829222,121.77695,開放資料,,,http://www.leschamps.com.tw,https://www.taiwanstay.net.tw/TSA/web_page/TSA020200.jsp?hohi_id=4920
1242,Ｍｅｒｌｉｎ２０,宜蘭縣,礁溪鄉,民宿,03-9308720,宜蘭縣礁溪鄉武暖路108-20號,國旅補助優惠方案,,,4280,800、1000、1200,2026-12-31,【國旅補助優惠方案】一、平日連住「最高折抵2000元」住宿補助：◾ 適用時間：周日至周四平日(國定假日與連假除外)。◾ 補助方式：鼓勵平日連續住宿，第一晚「折抵800元」，續住同一間旅宿「第二晚雙倍折抵1200元」，因此連住兩晚即可「最高折抵2000元」；若前後兩晚住在不同旅宿，則兩晚各折抵800元(共1600元)。二、壽星優惠「1200元」生日住宿金◾ 適用對象：「事前登錄＋抽籤制」中獎的當月壽星。每月將抽出1000名當月壽星，每名提供1200元住宿優惠金，可於生日當月使用。◾ 壽星優惠生日住宿金可與平日住宿補助「疊加使用」。幸運中籤的壽星，只要在平日連續入住同一間飯店兩個晚上，即可享有「平日連住補助2000元＋生日住宿金1200元」，最多現折每人3200元。,24.778512,121.773388,開放資料,3.5,2,,https://www.taiwanstay.net.tw/TSA/web_page/TSA020200.jsp?hohi_id=1760
1243,亮亮屋民宿,宜蘭縣,羅東鎮,民宿,0988030757,宜蘭縣羅東鎮新群二路176號,平價優質旅宿,1400,業者自報,1500,,,【平價優質旅宿】平日雙人房售價：1400(不含早餐),24.670999,121.792353,開放資料,,,,https://www.taiwanstay.net.tw/TSA/web_page/TSA020200.jsp?hohi_id=13392
1244,公園６１號民宿,宜蘭縣,羅東鎮,民宿,0952815100,宜蘭縣羅東鎮忠孝新村61號,國旅補助優惠方案,,,5000,,2026-12-31,【國旅補助優惠方案】搭配國旅補助方案，憑台灣好客民宿協會集點活動再享九折優惠。,24.689078,121.753056,開放資料,4.9,299,,https://www.taiwanstay.net.tw/TSA/web_page/TSA020200.jsp?hohi_id=6695
1245,冬之戀行館,宜蘭縣,羅東鎮,民宿,03-9508527,宜蘭縣羅東鎮新群里新群五路213號,國旅補助優惠方案,,,3800,,,【國旅補助優惠方案】平日住宿優惠9折，假日住宿優惠95折,24.675254,121.792248,開放資料,4.7,201,,https://www.taiwanstay.net.tw/TSA/web_page/TSA020200.jsp?hohi_id=8432
1246,叢宿,宜蘭縣,羅東鎮,民宿,0971493499,宜蘭縣羅東鎮月眉路602號,平價優質旅宿,2700,業者自報,10000,,,【平價優質旅宿】平日雙人房售價：2700,24.670065,121.78489,開放資料,,,https://gardenstay.mystrikingly.com/,https://www.taiwanstay.net.tw/TSA/web_page/TSA020200.jsp?hohi_id=30219
1247,安禾嚼旅,宜蘭縣,羅東鎮,旅館,03-9556678,宜蘭縣羅東鎮站前北路29號3樓,平價優質旅宿,1600,業者自報,20000,,,【平價優質旅宿】平日雙人房售價：1600(無早餐),24.678863,121.774081,開放資料,,,,https://www.taiwanstay.net.tw/TSA/web_page/TSA020200.jsp?hohi_id=10364
1248,宜泰大飯店,宜蘭縣,羅東鎮,旅館,03-9568488,宜蘭縣羅東鎮公正路155號6樓至13樓,國旅補助優惠方案,,,4620,,2026-12-31,【國旅補助優惠方案】宜泰大飯店－115年國旅平日住宿獎助＋生日券＋業務自提優惠方案(1)限電話或官網訂房使用(2)官網房價限一般訂房抵用，不適用套裝特惠)(3)電話訂房，依現場房價抵用(4)業者自提優惠方案：平日續住自3晚起依訂價五折含稅及服務費(不適用假日及連假),24.678452,121.769878,開放資料,3.9,1914,http://www.kavalan.com.tw/,https://www.taiwanstay.net.tw/TSA/web_page/TSA020200.jsp?hohi_id=15666
1249,小窩旅店,宜蘭縣,羅東鎮,旅館,0908801867-,宜蘭縣羅東鎮中正路186-6號7樓,國旅補助優惠方案,,,1500,,2026-12-31,"【國旅補助優惠方案】1.官網訂房,當月生日贈送生日小禮物一份2.官網訂房,連住二晚贈送續住小禮物一份",24.67721,121.771935,開放資料,4.7,650,,https://www.taiwanstay.net.tw/TSA/web_page/TSA020200.jsp?hohi_id=9903
1250,川岸民宿二館,宜蘭縣,羅東鎮,民宿,0958699550-,宜蘭縣羅東鎮新群南路347巷82弄1號,國旅補助優惠方案,,,6000,,2026-12-31,【國旅補助優惠方案】出示身分證住宿當日壽星折$100元,24.668062,121.785409,開放資料,5,472,,https://www.taiwanstay.net.tw/TSA/web_page/TSA020200.jsp?hohi_id=34005
1251,川岸空中Ｖｉｌｌａ,宜蘭縣,羅東鎮,民宿,0958699550,宜蘭縣羅東鎮新群南路347巷82弄8號,國旅補助優惠方案,,,5200,,2026-12-31,【國旅補助優惠方案】入住時出示身份證，當日壽星優惠100元。,24.668788,121.784828,開放資料,5,2940,,https://www.taiwanstay.net.tw/TSA/web_page/TSA020200.jsp?hohi_id=3867
1252,新堡汽車旅館,宜蘭縣,羅東鎮,旅館,03-9567799,宜蘭縣羅東鎮復興路二段238巷19號1-3樓,國旅補助優惠方案,,,2180,,2026-12-31,【國旅補助優惠方案】1.「平日入住再加贈住宿券200元乙張（下次使用，有效期限3個月）。」2.壽星入住（生日當月）憑身分證件，可享免費延後退房1小時（依房況安排）。（本專案依房況受理訂房，恕不得與其他優惠專案合併使用，相關規定依本館公告為準。),24.691062,121.765441,開放資料,,,,https://www.taiwanstay.net.tw/TSA/web_page/TSA020200.jsp?hohi_id=12505
1253,春在民宿,宜蘭縣,羅東鎮,民宿,0972232163-,宜蘭縣羅東鎮仁愛里復興路三段496巷13號,國旅補助優惠方案,,,4800,,2026-12-31,【國旅補助優惠方案】115國旅平日住宿獎勵+生日卷,24.700368,121.758425,開放資料,4.9,728,http://www.springfourseason.com/,https://www.taiwanstay.net.tw/TSA/web_page/TSA020200.jsp?hohi_id=18185
1254,晶樺商務飯店,宜蘭縣,羅東鎮,旅館,03-9575110,宜蘭縣羅東鎮中正北路42號7-8樓,平價優質旅宿,1700,業者自報,5200,,,【平價優質旅宿】平日雙人房售價：1700,24.679545,121.772005,開放資料,,,,https://www.taiwanstay.net.tw/TSA/web_page/TSA020200.jsp?hohi_id=20633
1255,木村民宿,宜蘭縣,羅東鎮,民宿,0970091667-,宜蘭縣羅東鎮北投街133巷12號,國旅補助優惠方案,,,2680,,2026-12-31,【國旅補助優惠方案】平日住宿獎助＋生日券https://lin.ee/Wn5dYTL,24.673533,121.749998,開放資料,,,,https://www.taiwanstay.net.tw/TSA/web_page/TSA020200.jsp?hohi_id=987
1256,東方商務大飯店,宜蘭縣,羅東鎮,旅館,03-9568858,宜蘭縣羅東鎮和平路109號,國旅補助優惠方案,,,2520,,2026-12-31,"【國旅補助優惠方案】精緻雙人房(一大床)$1,680元雅緻商務房(加大床)$1,920元標準三人房(一大一小床)$2,280元溫馨家庭房(兩大床)$2,700元",24.677381,121.772477,開放資料,4,586,,https://www.taiwanstay.net.tw/TSA/web_page/TSA020200.jsp?hohi_id=1932
1257,松滿緣,宜蘭縣,羅東鎮,民宿,097817826903-9641737,宜蘭縣羅東鎮仁愛里12鄰復興路三段75巷258號,國旅補助優惠方案、平價優質旅宿,2100,業者自報,1600,,2026-12-31,"【國旅補助優惠方案】於專屬""松滿緣民宿官網""來電預訂平日住宿，除享有官網價85折優惠外，還可使用國旅住宿獎助+生日券

【平價優質旅宿】平日雙人房售價：2100",24.689436,121.755091,開放資料,4.5,265,https://www.pine.com.tw/index1a.html,https://www.taiwanstay.net.tw/TSA/web_page/TSA020200.jsp?hohi_id=16042
1258,樂亞亞奇旅館,宜蘭縣,羅東鎮,旅館,03-9563126,宜蘭縣羅東鎮公園路100號6樓至8樓,平價優質旅宿,1880,業者自報,4500,,,【平價優質旅宿】平日雙人房售價：1880,24.675538,121.769033,開放資料,,,http://www.artchinn.com.tw,https://www.taiwanstay.net.tw/TSA/web_page/TSA020200.jsp?hohi_id=14385
1259,玖屋文旅,宜蘭縣,羅東鎮,旅館,03-9613799,宜蘭縣羅東鎮公正路511號14-19樓,平價優質旅宿,2530,業者自報,6800,,,【平價優質旅宿】平日雙人房售價：2530,24.679859,121.757476,開放資料,,,http://www.jiuwuhotel.com.tw,https://www.taiwanstay.net.tw/TSA/web_page/TSA020200.jsp?hohi_id=15326
1260,秘境１３,宜蘭縣,羅東鎮,民宿,0952815100,宜蘭縣羅東鎮忠孝新村13號,國旅補助優惠方案、平價優質旅宿,2380,業者自報,5500,,2026-12-31,"【國旅補助優惠方案】與國旅補助搭配，平日入住憑台灣好客民宿協會（與宿共好）集6點免費送住宿一晚活動，再享9折優惠。

【平價優質旅宿】平日雙人房售價：2380",24.689528,121.753433,開放資料,4.9,416,http://www.mystery13bnb.com.tw,https://www.taiwanstay.net.tw/TSA/web_page/TSA020200.jsp?hohi_id=2986
1261,童玩樂親子旅宿,宜蘭縣,羅東鎮,旅館,0909131013,宜蘭縣羅東鎮倉前路83號4樓之 1、之2、之3、之5、之6、之7、之8、之9、之10,國旅補助優惠方案,,,4000,800、1200、1500,2026-12-31,【國旅補助優惠方案】115年國旅平日住宿獎助：限20260901~20261130平日週日~週四入住(國定假日、連續假日不適用)，限轉帳或是官網預訂(訂房平台不適用)；平日第一晚折800元，第二晚折1200元；優惠無法開立三聯發票，限二聯發票(無統編)115年生日券住宿獎助：限20260901~20261231平日週日~週四入住(國定假日、連續假日不適用)，限轉帳或是官網預訂(訂房平台不適用)；可折抵1500元；優惠無法開立三聯發票，限二聯發票(無統編)*每房每晚限平日住宿獎助或生日券，僅限一次，無法同時並用,24.680795,121.769559,開放資料,4.8,477,https://booking.owlting.com/toyfunhotel,https://www.taiwanstay.net.tw/TSA/web_page/TSA020200.jsp?hohi_id=32697
1262,童玩樂親子旅宿2館,宜蘭縣,羅東鎮,旅館,0976862076-,宜蘭縣羅東鎮倉前路83號2樓,國旅補助優惠方案,,,10000,800、1200、1500,2026-12-31,【國旅補助優惠方案】115年國旅平日住宿獎助：限20260901~20261130平日週日~週四入住(國定假日、連續假日不適用)，限轉帳或是官網預訂(訂房平台不適用)；平日第一晚折800元，第二晚折1200元；優惠無法開立三聯發票，限二聯發票(無統編)115年生日券住宿獎助：限20260901~20261231平日週日~週四入住(國定假日、連續假日不適用)，限轉帳或是官網預訂(訂房平台不適用)；可折抵1500元；優惠無法開立三聯發票，限二聯發票(無統編)*每房每晚限平日住宿獎助或生日券，僅限一次，無法同時並用,24.680795,121.769559,開放資料,4.8,477,https://twstay.tw/havefun81/,https://www.taiwanstay.net.tw/TSA/web_page/TSA020200.jsp?hohi_id=34455
1263,米淇旅店有限公司,宜蘭縣,羅東鎮,旅館,03-9530666,宜蘭縣羅東鎮中正北路42號4、5樓,國旅補助優惠方案、平價優質旅宿,1500,業者自報,7888,1500,2026-12-31,"【國旅補助優惠方案】15年國旅平日住宿獎助＋生日券業者優惠方案

【平價優質旅宿】平日雙人房售價：1500",24.679545,121.772005,開放資料,4.1,446,,https://www.taiwanstay.net.tw/TSA/web_page/TSA020200.jsp?hohi_id=27405
1264,綠大地公園民宿,宜蘭縣,羅東鎮,民宿,0963975508,宜蘭縣羅東鎮河濱路30巷11號,國旅補助優惠方案、平價優質旅宿,1800,業者自報,3000,,,"【國旅補助優惠方案】115年國旅補助: 平日住宿獎助+生日劵 (限本人平日入住）
Line ID：greenpark1034 （加line預訂）
電話：0963975508

【平價優質旅宿】平日雙人房售價：1800(不含早餐)",24.688234,121.752834,開放資料,4.8,345,,https://www.taiwanstay.net.tw/TSA/web_page/TSA020200.jsp?hohi_id=17961
1265,羅東丹妮亞庭園民宿,宜蘭縣,羅東鎮,民宿,0965178897,宜蘭縣羅東鎮新群里7鄰富農路三段65號,國旅補助優惠方案,,,2800,,,【國旅補助優惠方案】國旅補助,24.666835,121.798942,開放資料,4.2,175,,https://www.taiwanstay.net.tw/TSA/web_page/TSA020200.jsp?hohi_id=8940
1266,羅東好民宿,宜蘭縣,羅東鎮,民宿,0970091667,宜蘭縣羅東鎮北投街81號,國旅補助優惠方案,,,5000,,2026-12-31,【國旅補助優惠方案】平日住宿獎助＋生日券https://lin.ee/Wn5dYTL,24.672904,121.750955,開放資料,5,388,,https://www.taiwanstay.net.tw/TSA/web_page/TSA020200.jsp?hohi_id=28940
1267,薇嬁民宿,宜蘭縣,羅東鎮,民宿,098752888603-9601368,宜蘭縣羅東鎮新群里月眉路443號,國旅補助優惠方案,,,6000,,2026-12-31,【國旅補助優惠方案】115年國旅補助平日住宿獎助+生日劵+TaiwanPass,24.667947,121.788297,開放資料,,,,https://www.taiwanstay.net.tw/TSA/web_page/TSA020200.jsp?hohi_id=10846
1268,這好宅民宿,宜蘭縣,羅東鎮,民宿,0975603104,宜蘭縣羅東鎮月眉路606-2號,平價優質旅宿,1700,業者自報,5200,,,【平價優質旅宿】平日雙人房售價：1700(不含早餐),24.670153,121.784692,開放資料,,,https://thegoodhouseyilan.mystrikingly.com/,https://www.taiwanstay.net.tw/TSA/web_page/TSA020200.jsp?hohi_id=24122
1269,遇巧寓,宜蘭縣,羅東鎮,民宿,0988609126-,宜蘭縣羅東鎮北成里北投街66號,國旅補助優惠方案,,,2580,,2026-12-31,【國旅補助優惠方案】平日住宿獎助：除了星期六及連續假期之外均可使用，每房限抵扣一張，台灣本國國人均適用。生日券：不分平假日均可使用，每房限抵扣一張，台灣本國國人均適用。,24.677371,121.753762,開放資料,4.9,308,https://sites.google.com/view/chancego,https://www.taiwanstay.net.tw/TSA/web_page/TSA020200.jsp?hohi_id=7027
1270,金城客棧,宜蘭縣,羅東鎮,旅館,03-9542169,宜蘭縣羅東鎮公正路60-1號,平價優質旅宿,1800,業者自報,4800,,,【平價優質旅宿】平日雙人房售價：1800,24.678288,121.773175,開放資料,,,http://www.kthotel.com.tw,https://www.taiwanstay.net.tw/TSA/web_page/TSA020200.jsp?hohi_id=21844
1271,閣樂有限公司,宜蘭縣,羅東鎮,旅館,0900319333,宜蘭縣羅東鎮倉前路83號3樓之1、之2、之3、之5、之6、之7、之8、之9、之10,國旅補助優惠方案,,,1000,800、1200、1500,2026-12-31,【國旅補助優惠方案】115年國旅平日住宿獎助：限20260901~20261130平日週日~週四入住(國定假日、連續假日不適用)，限轉帳或是官網預訂(訂房平台不適用)；平日第一晚折800元，第二晚折1200元；優惠無法開立三聯發票，限二聯發票(無統編)115年生日券住宿獎助：限20260901~20261231平日週日~週四入住(國定假日、連續假日不適用)，限轉帳或是官網預訂(訂房平台不適用)；可折抵1500元；優惠無法開立三聯發票，限二聯發票(無統編)*每房每晚限平日住宿獎助或生日券，僅限一次，無法同時並用,24.680795,121.769559,開放資料,4.7,464,https://twstay.tw/babylove/index.html,https://www.taiwanstay.net.tw/TSA/web_page/TSA020200.jsp?hohi_id=29803
1272,雀客嗨夫,宜蘭縣,羅東鎮,旅館,03-9546777,宜蘭縣羅東鎮大新里公正路38號,國旅補助優惠方案,,,17600,,2026-12-31,【國旅補助優惠方案】115年平日住宿獎助＋生日券,24.678093,121.773677,開放資料,4.4,1042,http://www.hivehotel.com.tw/zh,https://www.taiwanstay.net.tw/TSA/web_page/TSA020200.jsp?hohi_id=5278
1273,雀客旅館宜蘭羅東二館,宜蘭縣,羅東鎮,旅館,03-9551910,宜蘭縣羅東鎮公正里林森路68號4樓至5樓,國旅補助優惠方案,,,5000,,2026-12-31,【國旅補助優惠方案】115年平日住宿獎助＋生日券,24.679496,121.770296,開放資料,3.9,1277,,https://www.taiwanstay.net.tw/TSA/web_page/TSA020200.jsp?hohi_id=9910
1274,雀客童媽吉親子旅館,宜蘭縣,羅東鎮,旅館,03-9562788,宜蘭縣羅東鎮大新里6鄰安平路16號,國旅補助優惠方案,,,48000,,2026-12-31,【國旅補助優惠方案】115年平日住宿獎助＋生日券,24.677329,121.773134,開放資料,4.5,2293,https://www.magikids.com.tw/,https://www.taiwanstay.net.tw/TSA/web_page/TSA020200.jsp?hohi_id=30143
1275,雲朵朵民宿,宜蘭縣,羅東鎮,民宿,0970091667,宜蘭縣羅東鎮北投街70號,國旅補助優惠方案,,,2800,,2026-12-31,【國旅補助優惠方案】平日住宿獎助＋生日券https://lin.ee/Wn5dYTL,24.672953,121.751548,開放資料,4.9,1247,,https://www.taiwanstay.net.tw/TSA/web_page/TSA020200.jsp?hohi_id=958
1276,香狄亞民宿,宜蘭縣,羅東鎮,民宿,0965310653,宜蘭縣羅東鎮四維路100號,國旅補助優惠方案,,,9800,,2026-12-31,【國旅補助優惠方案】訂一房送早餐服務＋生日加贈島醬醬油隨身瓶一隻當生日禮（或大禾蜜工坊百花蜂蜜隨身瓶一隻或同等價值）,24.684801,121.754924,開放資料,,,,https://www.taiwanstay.net.tw/TSA/web_page/TSA020200.jsp?hohi_id=9932
1277,名泉天下茶坊,宜蘭縣,蘇澳鎮,民宿,0911233386,宜蘭縣蘇澳鎮新生路20號,平價優質旅宿,2600,業者自報,2800,,,【平價優質旅宿】平日雙人房售價：2600,24.596772,121.850108,開放資料,,,,https://www.taiwanstay.net.tw/TSA/web_page/TSA020200.jsp?hohi_id=32574
1278,煙波大飯店蘇澳館,宜蘭縣,蘇澳鎮,旅館,03-9966600,宜蘭縣蘇澳鎮中正路38號,國旅補助優惠方案,,,17600,1000,2026-12-31,【國旅補助優惠方案】1.平日(周日-周四)入住1晚贈200點會員點數，平日入住2晚以上贈1000點會員點數，假日、國定假日、連續假期不適用。2.平日入住累積指定次數，再拿限定禮，3個章兌換旅行收納袋，6個章兌換安心防災包/猩猩之握小腿按摩器(二擇一)。3.幸運壽星抽中政府補助生日住宿金，不分平假日來館入住，免費贈送房內生日佈置，若生日佈置額滿，改贈送早餐加購餐點乙份。,24.598094,121.853229,開放資料,4.7,25109,http://www.lakeshore.com.tw,https://www.taiwanstay.net.tw/TSA/web_page/TSA020200.jsp?hohi_id=4902
1279,甌璇Ocean民宿,宜蘭縣,蘇澳鎮,民宿,0911906420-,宜蘭縣蘇澳鎮興安路25號,國旅補助優惠方案,,,7000,800、1200,2026-12-31,"【國旅補助優惠方案】平日折800$
續住折1200$",24.617622,121.839985,開放資料,5,45,,https://www.taiwanstay.net.tw/TSA/web_page/TSA020200.jsp?hohi_id=33138
1280,蘇澳大飯店,宜蘭縣,蘇澳鎮,旅館,03-9965181,宜蘭縣蘇澳鎮蘇東中路7號6-7樓,平價優質旅宿,1700,業者自報,2000,,,【平價優質旅宿】平日雙人房售價：1700,24.59639,121.855488,開放資料,,,https://www.suaohotel.com/,https://www.taiwanstay.net.tw/TSA/web_page/TSA020200.jsp?hohi_id=3608
1281,快樂小築,宜蘭縣,頭城鎮,民宿,0935371896-,宜蘭縣頭城鎮頭濱路二段208-1號,國旅補助優惠方案,,,15000,,2026-12-31,【國旅補助優惠方案】2026國旅補助申請3步驟：如何領、如何抵？補助採「預先登錄、限量名額、現場折抵」模式，建議民眾及早準備：1、【查】確認合作名單：前往「台灣旅宿網」確認心儀的飯店是否有參加「2026國旅補助」。2、【登】上傳身分證件：於活動正式上路後，至觀光署指定活動頁面上傳身分證或健保卡正反面影本，完成身分核對。3、【抵】入住現場折抵：入住時主動告知櫃台欲使用補助，房價將直接扣除補助金額，民眾只需支付差額。這3種情況不適用國旅補助在規劃行程前，請務必留意以下限制，以免無法領取優惠：1、使用國外訂房平台：透過Agoda、Booking.com、Expedia等國際平台訂房不適用。建議透過飯店官網、電話或國內訂房網站預訂。2、例假日入住：本次補助僅限「週日至週四」。週五、週六、國定假日及連假（如清明連假）均不在補助範圍內。3、經費用罄：補助採「先搶先贏」制，總預算若提前用完，活動將會提早結束。,24.830435,121.82229,開放資料,5,45,https://tw-bnb.com/web/happybnb/,https://www.taiwanstay.net.tw/TSA/web_page/TSA020200.jsp?hohi_id=38088
1282,水鳥の家,宜蘭縣,頭城鎮,民宿,0921956150,宜蘭縣頭城鎮下埔里下埔路42-9號,國旅補助優惠方案,,,3600,,2026-12-31,【國旅補助優惠方案】115年國旅平日住宿獎助＋生日券+TaiwanPASS住宿抵用券,24.837793,121.808403,開放資料,4.7,473,http://waterbird.gogobnb.com,https://www.taiwanstay.net.tw/TSA/web_page/TSA020200.jsp?hohi_id=15400
1283,泗里沐行館 Silimu Hostel B館,宜蘭縣,頭城鎮,民宿,0988082869-,宜蘭縣頭城鎮環鎮東路二段600巷5號,平價優質旅宿,2180,業者自報,4600,,,【平價優質旅宿】平日雙人房售價：2180,24.864154,121.831097,開放資料,,,,https://www.taiwanstay.net.tw/TSA/web_page/TSA020200.jsp?hohi_id=22688
1284,瘋狂椰子衝浪小屋,宜蘭縣,頭城鎮,民宿,0939094994-,宜蘭縣頭城鎮環鎮東路2段66號,平價優質旅宿,2000,業者自報,900,,,【平價優質旅宿】平日雙人房售價：2000,24.864421,121.831863,開放資料,,,,https://www.taiwanstay.net.tw/TSA/web_page/TSA020200.jsp?hohi_id=32284
1285,達煦浪花旅店,宜蘭縣,頭城鎮,旅館,03-9770177,宜蘭縣頭城鎮青雲路二段219號,平價優質旅宿,2200,業者自報,8500,,,【平價優質旅宿】平日雙人房售價：2200,24.844333,121.805504,開放資料,,,,https://www.taiwanstay.net.tw/TSA/web_page/TSA020200.jsp?hohi_id=34964
1286,開蘭行旅,宜蘭縣,頭城鎮,旅館,03-9789010,宜蘭縣頭城鎮環鎮東路二段357號2樓之16,平價優質旅宿,2600,業者自報,4000,,,【平價優質旅宿】平日雙人房售價：2600,24.85919,121.830636,開放資料,,,,https://www.taiwanstay.net.tw/TSA/web_page/TSA020200.jsp?hohi_id=22905
1287,台糖花蓮旅館,花蓮縣,光復鄉,旅館,03-8705881,花蓮縣光復鄉大進村3鄰糖廠街19號,國旅補助優惠方案,2730,業者官網,4800,,2026-12-31,【國旅補助優惠方案】提供住宿優惠，溫馨雙人房定價4200元，平日優惠價2730元，假日3150元，連續假日3570元。甜蜜雙人房定價4800元，平日優惠價3120元，假日3600元，連續假日4080元。,23.656736,121.419894,開放資料,4.6,1261,https://www.taisugar.com.tw/resting/hualian/index.aspx,https://www.taiwanstay.net.tw/TSA/web_page/TSA020200.jsp?hohi_id=18725
1288,翌日匆匆輕旅民宿,花蓮縣,光復鄉,民宿,0912227548-,花蓮縣光復鄉大安村9鄰中興路308號,國旅補助優惠方案,1500,業者官網,3600,,,【國旅補助優惠方案】依現場活動為主,23.663195,121.421146,開放資料,5,28,https://bnbhl.net/nextday/,https://www.taiwanstay.net.tw/TSA/web_page/TSA020200.jsp?hohi_id=34975
1289,82行館民宿,花蓮縣,吉安鄉,民宿,0972020238-,花蓮縣吉安鄉勝安村24鄰慈惠一街82號,國旅補助優惠方案,1300,業者官網,1600,,2026-12-31,【國旅補助優惠方案】打卡即贈82行旅專屬禮物,23.976672,121.582973,開放資料,4.9,262,https://www.82inn.com.tw,https://www.taiwanstay.net.tw/TSA/web_page/TSA020200.jsp?hohi_id=22679
1290,七米二渡假民宿,花蓮縣,吉安鄉,民宿,0966368518,花蓮縣吉安鄉吉安村19鄰吉安路二段124巷8號,平價優質旅宿,1900,業者自報,3300,,,【平價優質旅宿】平日雙人房售價：1900,23.973462,121.564075,開放資料,,,,https://www.taiwanstay.net.tw/TSA/web_page/TSA020200.jsp?hohi_id=13444
1291,伯爵農莊民宿,花蓮縣,吉安鄉,民宿,093348785803-8549737,花蓮縣吉安鄉稻香村稻興一街88號,國旅補助優惠方案,,,2000,,2026-12-31,【國旅補助優惠方案】115年國立平日住宿獎勵加生日卷連住兩天享有第二天早餐提供,23.961893,121.567779,開放資料,4.3,132,,https://www.taiwanstay.net.tw/TSA/web_page/TSA020200.jsp?hohi_id=3342
1292,克洛德-Cloud民宿,花蓮縣,吉安鄉,民宿,0937880501,花蓮縣吉安鄉太昌村12鄰明義五街102巷8號,國旅補助優惠方案,,,2800,,2026-12-31,【國旅補助優惠方案】115年國旅平日住宿獎助＋生日券業者自提優惠方案,23.995095,121.565167,開放資料,4.7,57,,https://www.taiwanstay.net.tw/TSA/web_page/TSA020200.jsp?hohi_id=17359
1293,卡諾瓦民宿,花蓮縣,吉安鄉,民宿,0978393536,花蓮縣吉安鄉太昌村3鄰明仁三街305巷10號,平價優質旅宿,1800,業者自報,5000,,,【平價優質旅宿】平日雙人房售價：1800,23.987102,121.565102,開放資料,,,,https://www.taiwanstay.net.tw/TSA/web_page/TSA020200.jsp?hohi_id=9421
1294,吉野精棧民宿,花蓮縣,吉安鄉,民宿,03-8536216,花蓮縣吉安鄉稻香村14鄰稻香路55號,平價優質旅宿,2200,業者自報,5000,,,【平價優質旅宿】平日雙人房售價：2200,23.962563,121.570544,開放資料,,,http://www.loft-zzzz.com,https://www.taiwanstay.net.tw/TSA/web_page/TSA020200.jsp?hohi_id=15955
1295,四季民宿,花蓮縣,吉安鄉,民宿,0912092215,花蓮縣吉安鄉吉安村17鄰中興路186巷5之2號,國旅補助優惠方案,,,2300,800、1200,2026-12-31,"【國旅補助優惠方案】歡迎來到春日民宿，走進我們寬敞明亮、溫暖而浪漫的空間。這裡為您好好留住每一分熱鬧與笑聲，讓您與家人朋友在無拘無束的氛圍裡，享受最自在的相聚時光。響應平日國旅補助，週日至週四入住享首晚800元、連住第二晚1,200元（最高折抵2,000元）。若當月壽星持生日券入住，春日更懷著滿滿祝福，加贈生日佈置，擁有獨一無二的儀式感。全區包棟獨享私密天地，備妥豐富的迎賓零食與歡聚飲品。邀請您平日撥冗前來連住歇息，在這個溫暖的小天地裡，與重要的人一同堆疊最深刻甜蜜的時光記憶。",23.972419,121.569391,開放資料,4.8,41,,https://www.taiwanstay.net.tw/TSA/web_page/TSA020200.jsp?hohi_id=3368
1296,小敏民宿,花蓮縣,吉安鄉,民宿,0932540676-,花蓮縣吉安鄉福興村舊村六街137號,國旅補助優惠方案,,,2500,,2026-12-31,【國旅補助優惠方案】當月壽星95折，延後退房1小時,23.966234,121.561545,開放資料,4.5,156,,https://www.taiwanstay.net.tw/TSA/web_page/TSA020200.jsp?hohi_id=20667
1297,山月．隨歸三館民宿,花蓮縣,吉安鄉,民宿,0939983625-,花蓮縣吉安鄉吉安村22鄰吉昌二街246巷10號,平價優質旅宿,1800,業者自報,5000,,,【平價優質旅宿】平日雙人房售價：1800(無早餐),23.971156,121.562252,開放資料,,,,https://www.taiwanstay.net.tw/TSA/web_page/TSA020200.jsp?hohi_id=35033
1298,山間一宿民宿,花蓮縣,吉安鄉,民宿,0975962091,花蓮縣吉安鄉福興村11鄰福昌三街270號,國旅補助優惠方案,,,5500,800、1000、1200,2026-12-31,"【國旅補助優惠方案】115年國旅平日住宿獎助＋生日券⊹官網直訂優惠⊹115年9月1日-115年11月30日 第1晚：最高折抵$800元 第2晚：最高折抵$1,200元 抽中生日券再享優惠＄1,200元«限平日入住（週日至週四，不含國定假日及連續假期）經費用罄將提前截止»◠◡◠◡◠◡◠◡◠◡◠◡ 雙人房（含早餐）平日原價2,200元補助優惠價·͜· 第1晚：1,400元 第2晚：1,000元◠◡◠◡◠◡◠◡◠◡◠◡ 四人房（含早餐）平日原價3,600元補助優惠價·͜· 第1晚：2,800元 第2晚：2,400元◠◡◠◡◠◡◠◡◠◡◠◡說明細項.ᐟ.ᐟ本優惠限官網直接訂房，不適用Agoda、Booking.com、Trip.com等訂房平台。生日券適用入住期間為115年9月1日～12月31日（限中獎者本人使用，可與平日住宿獎助併用）。補助金額以實際房價為上限，並依交通部觀光署公告及審核規定辦理。",23.966796,121.555584,開放資料,5,140,,https://www.taiwanstay.net.tw/TSA/web_page/TSA020200.jsp?hohi_id=32855
1299,旋轉吧小人國親子民宿,花蓮縣,吉安鄉,民宿,0921098141,花蓮縣吉安鄉慶豐村8鄰中山路三段482之1號,國旅補助優惠方案,,,2000,,2026-12-31,【國旅補助優惠方案】115年國旅平日住宿獎助＋生日券,23.980299,121.566578,開放資料,4.9,63,,https://www.taiwanstay.net.tw/TSA/web_page/TSA020200.jsp?hohi_id=28938
1300,晶園民宿,花蓮縣,吉安鄉,民宿,03-8521156,花蓮縣吉安鄉勝安村慈惠一街56號,國旅補助優惠方案,,,4200,,2026-12-31,"【國旅補助優惠方案】當月壽星住宿,本人出示證件,贈送香氛生日禮一份(每間房限兌換一份)",23.976126,121.585325,開放資料,5,1,,https://www.taiwanstay.net.tw/TSA/web_page/TSA020200.jsp?hohi_id=9803
1301,松石旅館,花蓮縣,吉安鄉,旅館,03-8525107,花蓮縣吉安鄉勝安村13鄰自強路21號,平價優質旅宿,2200,業者自報,2200,,,【平價優質旅宿】平日雙人房售價：2200,23.976764,121.585037,開放資料,,,http://pinestone.com.tw/,https://www.taiwanstay.net.tw/TSA/web_page/TSA020200.jsp?hohi_id=7158
1302,梅蘭美家民宿,花蓮縣,吉安鄉,民宿,03-8513906,花蓮縣吉安鄉仁里村39鄰中山路一段115巷17號,平價優質旅宿,1800,業者自報,3200,,,【平價優質旅宿】平日雙人房售價：1800,23.968137,121.587152,開放資料,,,,https://www.taiwanstay.net.tw/TSA/web_page/TSA020200.jsp?hohi_id=5419
1303,檜之園民宿,花蓮縣,吉安鄉,民宿,03-8546761,花蓮縣吉安鄉勝安村自強路2號,國旅補助優惠方案,,,4200,,2026-12-31,"【國旅補助優惠方案】當月壽星住宿,本人出示證件,贈送香氛生日禮一份(每間房限兌換一份)",23.976205,121.584953,開放資料,,,,https://www.taiwanstay.net.tw/TSA/web_page/TSA020200.jsp?hohi_id=14257
1304,檜木居民宿,花蓮縣,吉安鄉,民宿,03-8546535,花蓮縣吉安鄉勝安村慈惠一街58號,國旅補助優惠方案,,,6200,,2026-12-31,"【國旅補助優惠方案】當月壽星住宿,本人現場出示證件,即可兌換一份檜木居香氛產品生日禮(每房限一位,不可疊加)",23.976178,121.58519,開放資料,4.8,1088,http://www.cypresshouse.com.tw,https://www.taiwanstay.net.tw/TSA/web_page/TSA020200.jsp?hohi_id=2164
1305,櫻田野民宿,花蓮縣,吉安鄉,民宿,03-8539580,花蓮縣吉安鄉福興村福興七街8號,國旅補助優惠方案,,,1500,800、1200,2026-12-31,"【國旅補助優惠方案】響應交通部觀光署國旅振興補助，本民宿特別推出「國旅補助優惠方案」！

【補助與優惠內容】
1. 平日住宿折抵：凡於週日至週四入住本民宿，每房每晚第一晚可直接折抵房價 NT$800。
2. 連續入住加碼：續住第二晚（限平日），可再加碼折抵 NT$1,200（兩晚合計最高折抵 NT$2,000）。
3. 本方案限定透過民宿官方管道（電話或官方網站）直接訂房，方可於現場辦理補助折抵。
4. 本補助經費採「用完為止」制，實際補助資格依旅客入住當日系統額度為準。

【注意事項】
1. 經由 Booking.com、Agoda 等第三方外送平台或網路旅行社（OTA）訂房者，不適用此現場折抵方案。
2. 住宿券、電子商品（服務）禮券等預付型商品不適用本補助。
3. 辦理入住時，請主要訂房人出示身分證件以利核對補助資格。",23.95973,121.56316,開放資料,4.5,65,,https://www.taiwanstay.net.tw/TSA/web_page/TSA020200.jsp?hohi_id=15626
1306,水管民宿,花蓮縣,吉安鄉,民宿,0983263320-,花蓮縣吉安鄉南昌村16鄰中山路二段145巷25號,國旅補助優惠方案,,,2000,,2026-12-31,【國旅補助優惠方案】平日住宿獎助+生日券入住即贈送價值$520下午茶乙份,23.971097,121.581287,開放資料,3.8,19,,https://www.taiwanstay.net.tw/TSA/web_page/TSA020200.jsp?hohi_id=27568
1307,沐夏民宿,花蓮縣,吉安鄉,民宿,091579972803-8422010,花蓮縣吉安鄉光華村光華三街22號,國旅補助優惠方案,,,2000,,2026-12-31,"【國旅補助優惠方案】高質感平日漫遊，最高現省$3,200再享奢華禮遇旅行的意義，是把時間留給最值得的風景。響應觀光署115年國旅平日住宿振興方案，【飯店名稱】為您打造一場不匆忙的週間逃跑計劃。無論你是抽中平日住宿獎助的精明旅人，還是幸運的當月壽星，都能在此享受最高$3,200的現折大禮。【沐夏民宿】專屬自提尊榮優惠：【主打優惠】：平日入住享九折優惠打卡還送蛋糕一個。【延遲退房】：週日至週四入住，享延遲退房至12:00，睡飽再出發。【獨家好禮】：壽星入住加碼贈送特製【提拉米蘇】。把假排在週間，用最優雅的價格，享受最頂級的款待。",23.934091,121.575312,開放資料,4.9,208,http://www.muxia.com.tw/,https://www.taiwanstay.net.tw/TSA/web_page/TSA020200.jsp?hohi_id=19336
1308,法洛米民宿,花蓮縣,吉安鄉,民宿,0988815135,花蓮縣吉安鄉干城村干城一街135號,平價優質旅宿,1800,業者自報,3800,,,【平價優質旅宿】平日雙人房售價：1800,23.949351,121.541963,開放資料,,,,https://www.taiwanstay.net.tw/TSA/web_page/TSA020200.jsp?hohi_id=1566
1309,波西米亞民宿,花蓮縣,吉安鄉,民宿,0921761837,花蓮縣吉安鄉東昌村13鄰東海一街168號,平價優質旅宿,2500,業者自報,4000,,,【平價優質旅宿】平日雙人房售價：2500,23.964688,121.59942,開放資料,,,https://bohemia.hualien-travel.com.tw/,https://www.taiwanstay.net.tw/TSA/web_page/TSA020200.jsp?hohi_id=29777
1310,牛舍土樓民宿,花蓮縣,吉安鄉,民宿,0911385006,花蓮縣吉安鄉光華村2鄰永華一街92號,平價優質旅宿,2000,業者自報,3600,,,【平價優質旅宿】平日雙人房售價：2000(無早餐),23.939531,121.577244,開放資料,,,,https://www.taiwanstay.net.tw/TSA/web_page/TSA020200.jsp?hohi_id=18333
1311,看見花蓮民宿,花蓮縣,吉安鄉,民宿,0987588588,花蓮縣吉安鄉宜昌村9鄰南山二街43之5號,平價優質旅宿,1680,業者自報,1280,,,【平價優質旅宿】平日雙人房售價：1680,23.97462,121.585704,開放資料,,,,https://www.taiwanstay.net.tw/TSA/web_page/TSA020200.jsp?hohi_id=32003
1312,稻香緣民宿,花蓮縣,吉安鄉,民宿,091291211503-8532377,花蓮縣吉安鄉稻香村稻興二街109號,國旅補助優惠方案,,,5000,,2026-12-31,【國旅補助優惠方案】依房價95折優惠(不可與其他優惠並用),23.960535,121.566124,開放資料,4.9,87,http://www.psminshuku.com/,https://www.taiwanstay.net.tw/TSA/web_page/TSA020200.jsp?hohi_id=16710
1313,童心童趣民宿,花蓮縣,吉安鄉,民宿,0975170065,花蓮縣吉安鄉仁里村吉豐路一段16巷1號,國旅補助優惠方案,,,6800,,2026-11-30,【國旅補助優惠方案】國旅補助,23.964298,121.583697,開放資料,4.8,189,,https://www.taiwanstay.net.tw/TSA/web_page/TSA020200.jsp?hohi_id=2754
1314,紡織娘浪漫民宿,花蓮縣,吉安鄉,民宿,0915799728-,花蓮縣吉安鄉光華村6鄰華城八街113號,國旅補助優惠方案,,,3000,1200,2026-12-31,"【國旅補助優惠方案】給自己的生日假：高質感平日漫遊，最高現省$3,200再享奢華禮遇旅行的意義，是把時間留給最值得的風景。政府幫你出：平日連住折$2,000＋生日券$1,200＝政府現折$3,200！響應觀光署115年國旅平日住宿振興方案，【紡織娘浪漫民宿】為您打造一場不匆忙的週間逃跑計劃。無論你是抽中平日住宿獎助的精明旅人，還是幸運的當月壽星，都能在此享受最高$3,200的現折大禮。 【紡織娘民宿】專屬自提尊榮優惠：房價直接打折：平日自由行限定，禮拜日~禮拜四包棟享9折優惠【主打優惠】：平日入住打卡送提拉米蘇蛋糕【延遲退房】：週日至週四入住，享延遲退房至12:00，睡飽再出發。【獨家好禮】：壽星入住加碼贈送特製(花蓮特色蛋糕提拉米蘇一個)",23.930801,121.575775,開放資料,4.7,208,http://www.muxia.com.tw/,https://www.taiwanstay.net.tw/TSA/web_page/TSA020200.jsp?hohi_id=17797
1315,統一的家民宿,花蓮縣,吉安鄉,民宿,0912489038-,花蓮縣吉安鄉勝安村16鄰中原路一段418號,國旅補助優惠方案,,,3000,,2026-12-31,【國旅補助優惠方案】活動期間入住花蓮統一的家民宿，續住每房再者100元,23.983007,121.580888,開放資料,4.4,82,http://tongyihomestay.com.tw/,https://www.taiwanstay.net.tw/TSA/web_page/TSA020200.jsp?hohi_id=4554
1316,綠奇跡田野民宿,花蓮縣,吉安鄉,民宿,03-8532337,花蓮縣吉安鄉仁安村南海二街13號,平價優質旅宿,1800,業者自報,5000,,,【平價優質旅宿】平日雙人房售價：1800,23.953316,121.597006,開放資料,,,http://www.greenmilefield.com/,https://www.taiwanstay.net.tw/TSA/web_page/TSA020200.jsp?hohi_id=21889
1317,美麗晨曦民宿,花蓮縣,吉安鄉,民宿,03-8561188,花蓮縣吉安鄉太昌村明義二街16號,平價優質旅宿,2600,業者自報,4000,,,【平價優質旅宿】平日雙人房售價：2600,23.992055,121.571938,開放資料,,,,https://www.taiwanstay.net.tw/TSA/web_page/TSA020200.jsp?hohi_id=16316
1318,翠園歐風庭園民宿,花蓮縣,吉安鄉,民宿,03-8523888,花蓮縣吉安鄉稻香村吉昌三街135號,國旅補助優惠方案,,,4500,,2026-12-31,【國旅補助優惠方案】115年國旅平日住宿獎助＋生日券提供九折優惠價.但無提供早餐,23.965823,121.568999,開放資料,4.3,91,https://www.egh.tw,https://www.taiwanstay.net.tw/TSA/web_page/TSA020200.jsp?hohi_id=3981
1319,花彤林民宿,花蓮縣,吉安鄉,民宿,03-8528208,花蓮縣吉安鄉稻香村廣豐二街69號,國旅補助優惠方案,,,6800,,2026-12-31,【國旅補助優惠方案】115年國旅平日住宿獎助＋生日券業者自提優惠方案,23.959725,121.574358,開放資料,,,https://tw-bnb.com/flowerforest/index.php?page=r3.php,https://www.taiwanstay.net.tw/TSA/web_page/TSA020200.jsp?hohi_id=11330
1320,花蓮統茂渡假莊園,花蓮縣,吉安鄉,旅館,03-8542111,花蓮縣吉安鄉稻香村22鄰吉豐路二段199號,國旅補助優惠方案,,,7000,,2026-12-31,【國旅補助優惠方案】補助優惠專案請電洽03-8542111或官網訂房https://reurl.cc/OQ076y,23.962538,121.576918,開放資料,4.5,2591,https://toongmao.com.tw/,https://www.taiwanstay.net.tw/TSA/web_page/TSA020200.jsp?hohi_id=6858
1321,花蓮雲朵朵民宿,花蓮縣,吉安鄉,民宿,0905298169-,花蓮縣吉安鄉仁安村南海八街169號,國旅補助優惠方案,,,10000,,2026-12-31,"【國旅補助優惠方案】【115年國旅平日自提優惠】平日（週一至週四）入住享專案價：雙人房每晚1,400元/四人房每晚2,000元。本專案不適用於：週五至週六、國定假日、連續假日，以及寒暑假期間。本優惠不得與其他專案合併使用。",23.944695,121.590185,開放資料,4.9,470,,https://www.taiwanstay.net.tw/TSA/web_page/TSA020200.jsp?hohi_id=16782
1322,藍海筑夢城民宿,花蓮縣,吉安鄉,民宿,0963306620,花蓮縣吉安鄉仁安村16鄰南海八街163號,國旅補助優惠方案,,,9900,,2026-12-31,【國旅補助優惠方案】優惠價平日85折。價日9折。,23.945397,121.586278,開放資料,4.6,102,,https://www.taiwanstay.net.tw/TSA/web_page/TSA020200.jsp?hohi_id=22665
1323,阿南達．花蓮渡假民宿,花蓮縣,吉安鄉,民宿,03-8577866,花蓮縣吉安鄉太昌村明義三街210巷16號,平價優質旅宿,3500,業者自報,4200,,,【平價優質旅宿】平日雙人房售價：3500,23.987349,121.564913,開放資料,,,,https://www.taiwanstay.net.tw/TSA/web_page/TSA020200.jsp?hohi_id=21100
1324,隨心所寓民宿,花蓮縣,吉安鄉,民宿,0917523919,花蓮縣吉安鄉慶豐村慶北一街239號,平價優質旅宿,2200,業者自報,2600,,,【平價優質旅宿】平日雙人房售價：2200,23.980351,121.568067,開放資料,,,,https://www.taiwanstay.net.tw/TSA/web_page/TSA020200.jsp?hohi_id=14165
1325,雲那裡民宿,花蓮縣,吉安鄉,民宿,091969807803-8546912,花蓮縣吉安鄉干城村吉安路六段646巷8號,國旅補助優惠方案,,,5000,,2026-12-31,"【國旅補助優惠方案】旅優惠期間,除享國旅補助外,續住再享平日假日價九折優惠",23.946477,121.531889,開放資料,5,271,,https://www.taiwanstay.net.tw/TSA/web_page/TSA020200.jsp?hohi_id=5534
1326,馨晴民宿,花蓮縣,吉安鄉,民宿,0953622955,花蓮縣吉安鄉吉安村22鄰吉昌二街250號,國旅補助優惠方案、平價優質旅宿,1500,業者自報,2500,1200、1500,2026-12-31,"【國旅補助優惠方案】115年國旅平日住宿獎勵(9/1-11/30)平日住宿雙人房-連續入住2晚優惠價2000元平日住宿家庭四人房-連續入住2晚優惠價2000元+生日劵1200元PS:此活動經費額度有限制,若提早用完優惠價也結束!

【平價優質旅宿】平日雙人房售價：1500",23.970983,121.56198,開放資料,4.8,277,,https://www.taiwanstay.net.tw/TSA/web_page/TSA020200.jsp?hohi_id=18758
1327,鳥羽花香民宿,花蓮縣,吉安鄉,民宿,03-8531222,花蓮縣吉安鄉稻香村吉興路2段71-2號,平價優質旅宿,2600,業者自報,7200,,,【平價優質旅宿】平日雙人房售價：2600,23.961023,121.56899,開放資料,,,,https://www.taiwanstay.net.tw/TSA/web_page/TSA020200.jsp?hohi_id=975
1328,十二號橋空間民宿,花蓮縣,壽豐鄉,民宿,03-8671214,花蓮縣壽豐鄉鹽寮村橄樹腳16號,平價優質旅宿,2800,業者自報,3000,,,【平價優質旅宿】平日雙人房售價：2800,23.821756,121.582747,開放資料,,,http://www.bridge12.com.tw/,https://www.taiwanstay.net.tw/TSA/web_page/TSA020200.jsp?hohi_id=5330
1329,古月湖民宿,花蓮縣,壽豐鄉,民宿,0932179806,花蓮縣壽豐鄉志學村烏杙432號,平價優質旅宿,2500,業者自報,2000,,,【平價優質旅宿】平日雙人房售價：2500,23.915078,121.533974,開放資料,,,,https://www.taiwanstay.net.tw/TSA/web_page/TSA020200.jsp?hohi_id=19431
1330,山邊52民宿,花蓮縣,壽豐鄉,民宿,03-8652228,花蓮縣壽豐鄉豐山村山邊路2段52號,國旅補助優惠方案,,,2600,,2026-12-31,【國旅補助優惠方案】115年國旅平日住宿獎助,23.849183,121.478437,開放資料,,,,https://www.taiwanstay.net.tw/TSA/web_page/TSA020200.jsp?hohi_id=10496
1331,星空說度假A館民宿,花蓮縣,壽豐鄉,民宿,0912828275-,花蓮縣壽豐鄉志學村10鄰中山路三段158巷12號,平價優質旅宿,2580,業者自報,4200,,,【平價優質旅宿】平日雙人房售價：2580,23.911548,121.533722,開放資料,,,,https://www.taiwanstay.net.tw/TSA/web_page/TSA020200.jsp?hohi_id=34101
1332,有山有谷民宿,花蓮縣,壽豐鄉,民宿,0911836266-,花蓮縣壽豐鄉志學村14鄰橋下62號,國旅補助優惠方案,,,8000,,2026-12-31,【國旅補助優惠方案】115年國旅「平日住宿獎助」、「生日券」及「TaiwanPASS住宿抵用券」,23.92477,121.542461,開放資料,5,68,,https://www.taiwanstay.net.tw/TSA/web_page/TSA020200.jsp?hohi_id=32889
1333,薩爾茲堡莊園民宿,花蓮縣,壽豐鄉,民宿,0921688139,花蓮縣壽豐鄉月眉村月眉3段127號,國旅補助優惠方案,,,3600,,2026-12-31,【國旅補助優惠方案】各項住房優惠敬請參考民宿官網「新訊」https://www.salzburg.com.tw,23.868002,121.560545,開放資料,4.7,340,http://www.salzburg.com.tw,https://www.taiwanstay.net.tw/TSA/web_page/TSA020200.jsp?hohi_id=5790
1334,近月旭海民宿,花蓮縣,壽豐鄉,民宿,03-8671158,花蓮縣壽豐鄉鹽寮村鹽寮152號,國旅補助優惠方案,,,4500,,2026-12-31,【國旅補助優惠方案】凡使用115年國旅平日住宿獎助或生日住宿券入住近月旭海莊園民宿之旅客，即可享有本館加碼優惠：1.免費提供活力早餐。2.免費停車及全館Wi-Fi。3.加購烤肉區、代烤服務、下午茶、4.贈送迎賓飲品ㄧ份5.視當日房況，可免費提前入住或延後退房1小時（須事先預約）。優惠不得與其他專案合併使用，實際優惠內容依現場公告及預約情形為準。,23.871587,121.599136,開放資料,,,,https://www.taiwanstay.net.tw/TSA/web_page/TSA020200.jsp?hohi_id=13136
1335,逸心園民宿,花蓮縣,壽豐鄉,民宿,0972031606-,花蓮縣壽豐鄉平和村25鄰大學路二段63巷51號,國旅補助優惠方案,,,4000,,2026-12-31,【國旅補助優惠方案】平日住宿獎助＋生日券業者優惠方案,23.896609,121.553314,開放資料,,,https://yishingarden.com,https://www.taiwanstay.net.tw/TSA/web_page/TSA020200.jsp?hohi_id=13097
1336,鈴之宇民宿,花蓮縣,壽豐鄉,民宿,03-8631292,花蓮縣壽豐鄉月眉村月眉六段18號,國旅補助優惠方案,,,8800,,2026-12-31,【國旅補助優惠方案】115年國旅平日住宿獎助＋生日券業者自提優惠方案花蓮鈴之宇民宿0937738452LineID:@revika,23.834787,121.537197,開放資料,4.6,475,http://www.revika.com.tw/,https://www.taiwanstay.net.tw/TSA/web_page/TSA020200.jsp?hohi_id=9504
1337,富圖民宿,花蓮縣,富里鄉,民宿,0922427593,花蓮縣富里鄉富里村27鄰永安街123之1號,國旅補助優惠方案、平價優質旅宿,1600,業者自報,2600,,2026-12-31,"【國旅補助優惠方案】115年國旅平日住宿獎助＋生日券

【平價優質旅宿】平日雙人房售價：1600(無早餐)",23.172846,121.249637,開放資料,5,62,https://www.facebook.com/759579524375744,https://www.taiwanstay.net.tw/TSA/web_page/TSA020200.jsp?hohi_id=28109
1338,邊界。花東民宿,花蓮縣,富里鄉,民宿,03-8830363,花蓮縣富里鄉富里村車站街1號,國旅補助優惠方案,,,3000,800、1200,2026-12-31,【國旅補助優惠方案】國旅平日住宿獎助旅宿第1晚折抵$800，第2晚加碼折抵$1200,23.176465,121.248319,開放資料,4.7,227,,https://www.taiwanstay.net.tw/TSA/web_page/TSA020200.jsp?hohi_id=5526
1339,七星潭水上明月海景渡假旅店,花蓮縣,新城鄉,旅館,03-8230600,花蓮縣新城鄉大漢村七星街58號,國旅補助優惠方案,,,60000,,2026-12-31,【國旅補助優惠方案】115年國旅平日住宿獎助＋生日券業者自提優惠方案,24.026976,121.631109,開放資料,4.9,385,https://hotelmoon.com.tw/,https://www.taiwanstay.net.tw/TSA/web_page/TSA020200.jsp?hohi_id=31038
1340,七星潭渡假飯店,花蓮縣,新城鄉,旅館,03-8232345,花蓮縣新城鄉大漢村2鄰明潭街10號,平價優質旅宿,2600,業者自報,7600,,,【平價優質旅宿】平日雙人房售價：2600,24.027287,121.630403,開放資料,,,http://www.hotelbayview.com.tw/,https://www.taiwanstay.net.tw/TSA/web_page/TSA020200.jsp?hohi_id=13204
1341,和你民宿,花蓮縣,新城鄉,民宿,0965350589,花蓮縣新城鄉新城村26鄰中山路2之19號,平價優質旅宿,2000,業者自報,3500,,,【平價優質旅宿】平日雙人房售價：2000,24.124608,121.651303,開放資料,,,,https://www.taiwanstay.net.tw/TSA/web_page/TSA020200.jsp?hohi_id=26817
1342,方舟島民宿,花蓮縣,新城鄉,民宿,0931168198,花蓮縣新城鄉佳林村佳林112之18號,國旅補助優惠方案,,,8000,,2026-12-31,【國旅補助優惠方案】入住客人將贈送一張住宿優惠卷價值300元於下次入住使用。,24.033357,121.5948,開放資料,4.8,336,,https://www.taiwanstay.net.tw/TSA/web_page/TSA020200.jsp?hohi_id=14016
1343,涵云民宿,花蓮縣,新城鄉,民宿,0938559218-,花蓮縣新城鄉順安村北三棧166號,平價優質旅宿,3400,業者自報,3800,,,【平價優質旅宿】平日雙人房售價：3400,24.113727,121.632286,開放資料,,,,https://www.taiwanstay.net.tw/TSA/web_page/TSA020200.jsp?hohi_id=13190
1344,煙波大飯店花蓮太魯閣山闊館,花蓮縣,新城鄉,旅館,03-8612000,花蓮縣新城鄉順安村6鄰草林10之7號,國旅補助優惠方案,,,35200,1000,2026-12-31,【國旅補助優惠方案】1.平日(周日-周四)入住1晚贈200點會員點數，平日入住2晚以上贈1000點會員點數，假日、國定假日、連續假期不適用。2.平日入住累積指定次數，再拿限定禮，3個章兌換旅行收納袋，6個章兌換安心防災包/猩猩之握小腿按摩器(二擇一)。3.幸運壽星抽中政府補助生日住宿金，不分平假日來館入住，免費贈送房內生日佈置，若生日佈置額滿，改贈送早餐加購餐點乙份。,24.115461,121.639698,開放資料,4.8,1255,https://www.lakeshore.com.tw/,https://www.taiwanstay.net.tw/TSA/web_page/TSA020200.jsp?hohi_id=33101
1345,煙波大飯店花蓮太魯閣沁海館,花蓮縣,新城鄉,旅館,03-8612000,花蓮縣新城鄉順安村6鄰草林10之6號,國旅補助優惠方案,,,41800,1000,2026-12-31,【國旅補助優惠方案】1.平日(周日-周四)入住1晚贈200點會員點數，平日入住2晚以上贈1000點會員點數，假日、國定假日、連續假期不適用。2.平日入住累積指定次數，再拿限定禮，3個章兌換旅行收納袋，6個章兌換安心防災包/猩猩之握小腿按摩器(二擇一)。3.幸運壽星抽中政府補助生日住宿金，不分平假日來館入住，免費贈送房內生日佈置，若生日佈置額滿，改贈送早餐加購餐點乙份。,24.115275,121.640739,開放資料,4.6,5941,https://taroko.lakeshore.com.tw/,https://www.taiwanstay.net.tw/TSA/web_page/TSA020200.jsp?hohi_id=28567
1346,煙波花時間  花蓮,花蓮縣,新城鄉,旅館,03-8612000,花蓮縣新城鄉順安村6鄰草林10之5號2~6樓,國旅補助優惠方案,,,30800,1000,2026-12-31,【國旅補助優惠方案】1.平日(周日-周四)入住1晚贈200點會員點數，平日入住2晚以上贈1000點會員點數，假日、國定假日、連續假期不適用。2.平日入住累積指定次數，再拿限定禮，3個章兌換旅行收納袋，6個章兌換安心防災包/猩猩之握小腿按摩器(二擇一)。3.幸運壽星抽中政府補助生日住宿金，不分平假日來館入住，免費贈送房內生日佈置，若生日佈置額滿，改贈送早餐加購餐點乙份。,24.115461,121.639698,開放資料,4.7,944,https://taroko.lakeshore.com.tw/,https://www.taiwanstay.net.tw/TSA/web_page/TSA020200.jsp?hohi_id=30791
1347,童伴親子民宿,花蓮縣,新城鄉,民宿,0913311329-,花蓮縣新城鄉北埔村23鄰北埔路163巷3弄2號,國旅補助優惠方案,,,5000,,2026-12-31,【國旅補助優惠方案】同房型續住二天，另有9折優惠,24.026189,121.607112,開放資料,4.7,127,,https://www.taiwanstay.net.tw/TSA/web_page/TSA020200.jsp?hohi_id=9752
1348,豐生活民宿,花蓮縣,新城鄉,民宿,0926171162,花蓮縣新城鄉順安村5鄰北三棧119之9號,平價優質旅宿,2300,業者自報,15000,,,【平價優質旅宿】平日雙人房售價：2300,24.112289,121.633819,開放資料,,,,https://www.taiwanstay.net.tw/TSA/web_page/TSA020200.jsp?hohi_id=23063
1349,夏之禾民宿,花蓮縣,玉里鎮,民宿,0963780039-,花蓮縣玉里鎮中城里2鄰忠孝路93號,國旅補助優惠方案,,,3000,,2026-12-31,【國旅補助優惠方案】住宿送本當地農產品小禮物,23.324278,121.321238,開放資料,5,30,https://ricebnb.tw,https://www.taiwanstay.net.tw/TSA/web_page/TSA020200.jsp?hohi_id=36578
1350,小時公館民宿,花蓮縣,玉里鎮,民宿,0966569112-,花蓮縣玉里鎮中城里18鄰城西一街96號,國旅補助優惠方案,,,1500,,2026-12-31,【國旅補助優惠方案】有參加平日旅遊補助生日補助等,23.327585,121.311637,開放資料,5,71,,https://www.taiwanstay.net.tw/TSA/web_page/TSA020200.jsp?hohi_id=33852
1351,市居民宿,花蓮縣,玉里鎮,民宿,0932651286,花蓮縣玉里鎮中山路二段121號,國旅補助優惠方案,,,1200,,2026-12-31,【國旅補助優惠方案】旅遊補助優惠中～～～～,23.335058,121.314307,開放資料,3.9,92,,https://www.taiwanstay.net.tw/TSA/web_page/TSA020200.jsp?hohi_id=3017
1352,後山拾光民宿,花蓮縣,玉里鎮,民宿,0966786897,花蓮縣玉里鎮中城里6鄰城東四街7號,國旅補助優惠方案,,,3000,,2026-12-31,【國旅補助優惠方案】國旅平日住宿提供早餐服務,23.329684,121.318154,開放資料,4.8,284,,https://www.taiwanstay.net.tw/TSA/web_page/TSA020200.jsp?hohi_id=22837
1353,熊讚民宿,花蓮縣,玉里鎮,民宿,098272868503-8886282,花蓮縣玉里鎮中城里2鄰忠孝路89號,國旅補助優惠方案,,,3600,,2026-12-31,【國旅補助優惠方案】活動期間入住每房即贈神秘小禮物+DIY體驗優惠券花蓮熊讚民宿位於花蓮縣玉里鎮，坐落在自然美景與人文氣息交織的環境中，讓旅客能在舒適的住宿環境中體驗花蓮的風土民情與大自然的靜謐，這裡不僅是一個供旅客休憩的地方，更是一個以環保、文化、歷史人文交融的住宿空間，讓您徹底放鬆，享受輕旅行的美好時光。民宿內設有五間套房，總共可容納16至18位旅客，適合家庭、團體或朋友聚會等各類型旅客入住，每間套房都經過精心設計，並以輕工業風為主軸，搭配原木古樸的家具，呈現出簡約而有質感的住宿氛圍，輕工業風的特色不僅體現在設計的金屬質感上，更是在色調和空間的運用上，營造出一種寬敞、自由的感覺，同時，民宿也注重綠色生態的保護，選用環保建材，採用節能減碳的設施，讓住客能夠在享受舒適環境的同時，感受到對大自然的友善與尊重。,23.32446,121.32146,開放資料,5,75,,https://www.taiwanstay.net.tw/TSA/web_page/TSA020200.jsp?hohi_id=36205
1354,露予莊園民宿,花蓮縣,玉里鎮,民宿,0933485773-,花蓮縣玉里鎮觀音里14鄰高寮284號,國旅補助優惠方案,,,2400,,2026-12-31,【國旅補助優惠方案】贈送蜜香紅茶隨身茶包1個,23.390882,121.395349,開放資料,4.4,177,https://lilyfarm.webnode.tw/,https://www.taiwanstay.net.tw/TSA/web_page/TSA020200.jsp?hohi_id=33812
1355,天成逸旅,花蓮縣,瑞穗鄉,旅館,03-8812379,花蓮縣瑞穗鄉花蓮縣瑞穗鄉廣東路161號,國旅補助優惠方案,,,22000,,2026-12-31,【國旅補助優惠方案】天成逸旅-蝴蝶谷優惠方案1.優惠內容:官網及電話訂房各專案皆適用補助。2.預訂國旅補助優惠方案加碼旺日入住不加價。優惠內容：01.森活百匯早、晚餐(依照優惠人數提供)02.宵香拾味消夜時光(依照優惠人數提供)03.免費贈送富源國家森林遊樂區門票04.免費客房MiniBar05.暢享涌泉溫泉風呂及SPA水療06.免費體驗原民風味煮、蒸氣室、烤箱、健身房、蝶語花境、奇岩秘境及浮光瑜伽等設施07.飯店至瑞穗火車站免費接駁(需預約)預約電話:02-89786688預約E-mail:rv.bv@hualien.cosmos-oasis.com08.本優惠適用CosmosCLUB會員累計,23.589015,121.354508,開放資料,4.3,2538,http://hualien.cosmos-oasis.com/,https://www.taiwanstay.net.tw/TSA/web_page/TSA020200.jsp?hohi_id=38102
1356,瑞穗天合國際觀光酒店,花蓮縣,瑞穗鄉,觀光旅館,03-8876000,花蓮縣瑞穗鄉瑞祥村溫泉路2段368號,國旅補助優惠方案,,,32000,,2026-12-31,【國旅補助優惠方案】1.優惠內容:官網及電話訂房各專案皆適用補助。2.針對補助且預訂樂齡大小孩四季派對專案兩晚以上加贈輕食券。優惠內容：樂齡大小孩四季派對走進童話般的歐風城堡穿上專屬季節指定色彩服裝春季櫻粉2-4月、夏季金黃5-8月、秋季楓紅9-11月、冬季雪白12-1月01.樂齡大小孩專屬優惠價，入住當日全體貴賓符合指定季節DressCode每房每人再折$500元(3歲以上適用，每房每人限折乙次)02.入住相同房型2晚(含)以上贈「天成餐旅大亨桌遊」每房乙組以及美饌廣場輕食券每房每人乙張(依專案預訂人數贈送)本券可至美饌廣場兌換價值$380元品項※菜單內容將依現場實際提供為主。03.一泊二食含早餐及晚餐04.免費客房MiniBar05.免費贈送市集金幣(依專案預訂成人人數贈送)※瑞穗市集/歐風小舖依現場天候狀況營業06.免費暢遊金色水樂園108池、室內滑水道、按摩水療池、兒童戲水區07.免費體驗無限樂園:小火車、旋轉木馬、乳比礦車、旋轉咖啡杯、跳跳柚比…等設施08.免費體驗超跑俱樂部09.免費體驗跑跑甩尾車10.飯店至瑞穗火車站來回免費接駁(需預約)預約電話:02-8978-6688預約E-mail:rv.gcr@grandcosmos.com.tw11.本優惠適用CosmosCLUB會員累計,23.49373,121.354789,開放資料,4.4,9150,https://www.grandcosmos.com.tw,https://www.taiwanstay.net.tw/TSA/web_page/TSA020200.jsp?hohi_id=7558
1357,百香果民宿,花蓮縣,瑞穗鄉,民宿,0928282823-,花蓮縣瑞穗鄉瑞美村7鄰中興路57號,國旅補助優惠方案,,,3600,,2026-12-31,【國旅補助優惠方案】【115年國旅平日住宿獎助｜百香果民宿優惠方案】把握115年國旅平日住宿獎助，來百香果民宿享受悠閒自在的住宿時光！活動期間凡符合政府補助資格之旅客，於平日入住並依規定完成申請，即可享有國旅住宿獎助，讓旅程更輕鬆、更超值。百香果民宿提供舒適溫馨的住宿環境、整潔明亮的客房及貼心親切的服務，無論是情侶約會、親子出遊、好友旅行或放鬆度假，都能感受賓至如歸的住宿體驗。誠摯邀請您趁著平日避開人潮，放慢腳步探索在地風景與人文魅力，享受一段愜意美好的旅程。優惠名額有限，歡迎提前預訂。,23.494698,121.380153,開放資料,5,29,,https://www.taiwanstay.net.tw/TSA/web_page/TSA020200.jsp?hohi_id=34980
1358,穗美人民宿,花蓮縣,瑞穗鄉,民宿,0919450258-,花蓮縣瑞穗鄉瑞美村7鄰中興路53號,國旅補助優惠方案,,,1980,,2026-12-31,【國旅補助優惠方案】【115年國旅平日住宿獎助｜穗美人民宿優惠方案】響應115年國旅平日住宿獎助活動，穗美人民宿邀請您放慢步調，來場輕鬆自在的慢旅行。凡符合活動資格之旅客，於活動期間平日入住並依政府公告完成申請，即可享有國旅平日住宿獎助優惠，讓旅程更超值、更輕鬆。穗美人民宿提供溫馨舒適的住宿空間、乾淨整潔的環境與貼心服務，讓您遠離城市喧囂，盡情感受在地人文與自然風光。不論是親子出遊、好友同行或雙人小旅行，都能享受悠閒愜意的住宿體驗。依政府補助規定及活動期間辦理，歡迎提前預約,23.494761,121.380219,開放資料,5,35,,https://www.taiwanstay.net.tw/TSA/web_page/TSA020200.jsp?hohi_id=35031
1359,Tkijig覓悠悠民宿,花蓮縣,秀林鄉,民宿,0987798170,花蓮縣秀林鄉崇德村11鄰崇德154之3號,平價優質旅宿,2800,業者自報,6000,,,【平價優質旅宿】平日雙人房售價：2800,23.828036,120.708358,開放資料,,,https://tkijig.com/,https://www.taiwanstay.net.tw/TSA/web_page/TSA020200.jsp?hohi_id=31201
1360,九虹新月民宿,花蓮縣,秀林鄉,民宿,03-8461737,花蓮縣秀林鄉水源村金嵐2之8號,平價優質旅宿,2600,業者自報,3800,,,【平價優質旅宿】平日雙人房售價：2600,23.998858,121.550417,開放資料,,,,https://www.taiwanstay.net.tw/TSA/web_page/TSA020200.jsp?hohi_id=19471
1361,元氣滿屋民宿,花蓮縣,秀林鄉,民宿,03-8260400,花蓮縣秀林鄉景美村加灣177之7號,國旅補助優惠方案,,,7200,,2026-12-31,【國旅補助優惠方案】提供電動車免費充電服務(J1772)，需事先預約。,24.081991,121.606732,開放資料,4.8,63,https://www.facebook.com/profile.php?id=100057596921928,https://www.taiwanstay.net.tw/TSA/web_page/TSA020200.jsp?hohi_id=16701
1362,和平森旅,花蓮縣,秀林鄉,旅館,03-8681246,花蓮縣秀林鄉和平村2鄰和平38之8號,國旅補助優惠方案,,,4000,,2026-12-31,【國旅補助優惠方案】花蓮友愛和平森旅。國旅補助專案：住1晚(含早餐)1、雙人房：$22002、三人房：$28003、四人房：$3600,24.31059,121.748573,開放資料,3.6,115,https://rwd.ezhotel.cloud/gmhotel,https://www.taiwanstay.net.tw/TSA/web_page/TSA020200.jsp?hohi_id=17219
1363,立霧左邨民宿,花蓮縣,秀林鄉,民宿,03-8621511,花蓮縣秀林鄉崇德村崇德198之15號,國旅補助優惠方案,,,5600,,2026-12-31,【國旅補助優惠方案】115年國旅平日住宿獎助＋生日券業者優惠方案,24.163112,121.652234,開放資料,4.8,364,,https://www.taiwanstay.net.tw/TSA/web_page/TSA020200.jsp?hohi_id=14414
1364,翔廬渡假民宿,花蓮縣,秀林鄉,民宿,03-8261111,花蓮縣秀林鄉佳民村佳民95-3號,平價優質旅宿,1700,業者自報,2800,,,【平價優質旅宿】平日雙人房售價：1700(無早餐提供),24.054615,121.592903,開放資料,,,,https://www.taiwanstay.net.tw/TSA/web_page/TSA020200.jsp?hohi_id=668
1365,23Here民宿,花蓮縣,花蓮市,民宿,0966772333-,花蓮縣花蓮市國聯五路23號,國旅補助優惠方案,,,6000,1000,2026-12-31,【國旅補助優惠方案】1、平日入住（週日-週四）加碼優惠：（不限第一晚或第二晚入住）（1）三人房：再優惠450元(不含早餐）（2）四人房：再優惠600元(不含早餐）2.平日入住（週日-週四）本民宿連續預訂兩晚，加碼優惠：（1）三人房：兩晚再優惠1000元（不含早餐）（2）四人房：兩晚再優惠1300元（不含早餐）3.預訂週五、週六之住房，另有額外優惠，歡迎來電詢問4.訂房專線：0966-772333，Line官方帳號：@23here,23.989821,121.605697,開放資料,4.8,158,https://23here.970bnb.net/index.html,https://www.taiwanstay.net.tw/TSA/web_page/TSA020200.jsp?hohi_id=16280
1366,TC 慢旅花蓮館,花蓮縣,花蓮市,旅館,03-8316899,花蓮縣花蓮市主信里7鄰忠孝街73號,國旅補助優惠方案,,,4000,,2026-12-31,【國旅補助優惠方案】115年國旅平日住宿獎助+生日券優惠內容:(共3項)1.115年國旅平日住宿獎助活動資格之旅客，入住本館除享政府補助外，再提供住宿房價95折優惠（不得與其他優惠方案併用）。2.入住享免費咖啡及小點心，並提供在地旅遊資訊及景點推薦服務。3.住宿期間免費單車使用。,23.974872,121.605649,開放資料,4.3,2644,,https://www.taiwanstay.net.tw/TSA/web_page/TSA020200.jsp?hohi_id=9772
1367,一起一起旅店-花蓮中山館,花蓮縣,花蓮市,旅館,03-8333152,花蓮縣花蓮市民族里5鄰中山路101號,國旅補助優惠方案,,,6880,,2026-12-31,【國旅補助優惠方案】一起一起旅店花蓮中山館旅遊補助專案：使用旅遊補助住宿，預訂指定房型可享加碼優惠,23.975011,121.610819,開放資料,,,https://www.togetherhotel.com/,https://www.taiwanstay.net.tw/TSA/web_page/TSA020200.jsp?hohi_id=13408
1368,上海102民宿,花蓮縣,花蓮市,民宿,0972720885-,花蓮縣花蓮市主學里6鄰上海街102號,國旅補助優惠方案、平價優質旅宿,1680,業者自報,12880,,2026-12-31,"【國旅補助優惠方案】上海一零二民宿旅遊補助專案：使用旅遊補助住宿，預訂指定房型可享加碼優惠

【平價優質旅宿】平日雙人房售價：1680",23.973175,121.602819,開放資料,4.7,99,,https://www.taiwanstay.net.tw/TSA/web_page/TSA020200.jsp?hohi_id=24028
1369,上海時光民宿,花蓮縣,花蓮市,民宿,093716899803-8361555,花蓮縣花蓮市主睦里上海街172之1號,國旅補助優惠方案,,,4500,800、1200,2026-12-31,"【國旅補助優惠方案】【時光慢旅．壽星禮讚】平日續住折更多，再享經典好禮 方案內容與加碼亮點 配合115年交通部觀光署國旅補助，位於花蓮的「上海時光民宿」全面響應平日與壽星加碼優惠！凡旅客於週日至週四入住，除享有政府第一晚$800元、連住第二晚$1,200元的補助外（最高折抵$2,000元），中籤壽星更可疊加使用$1,200元生日住宿金，現折高達$3,200元！【民宿加碼獨家優惠】 平日連住加碼：凡使用國旅平日補助連住兩晚之旅客，除政府補助外，民宿額外加贈「民宿手作香氛禮品一份」。 當月壽星專屬：凡出示中籤之「生日住宿金」憑證入住，即刻享有「續住不限房型全面9折」之房價優惠。 民宿特色與溫馨提示上海時光民宿內裝洋溢經典電影的復古人文情懷，提供乾淨、靜謐且高品質的旅宿環境。 入住須知：本民宿為非寵物友善空間，全館全面禁菸。本方案房價不含早餐，住客若有需求，可於辦理入住前加購民宿手作早餐。歡迎來花蓮享受一場充滿文藝氣息的平日慢旅行！",23.974538,121.604839,開放資料,4.8,98,http://www.shanghai-time.com.tw,https://www.taiwanstay.net.tw/TSA/web_page/TSA020200.jsp?hohi_id=20445
1370,九乘九民宿,花蓮縣,花蓮市,民宿,0975022988-,花蓮縣花蓮市府前路296巷5號,國旅補助優惠方案,,,2500,,2026-12-31,【國旅補助優惠方案】平日住宿獎助」、「生日券」及「TaiwanPASS住宿抵用券」,23.995238,121.622747,開放資料,4.4,49,,https://www.taiwanstay.net.tw/TSA/web_page/TSA020200.jsp?hohi_id=7032
1371,亞馨文創休閒旅館,花蓮縣,花蓮市,旅館,03-8333815,花蓮縣花蓮市主學里9鄰中正路336巷1弄1號,國旅補助優惠方案,,,4000,,2026-12-31,【國旅補助優惠方案】雙人房平日住宿兩晚0元,23.973595,121.602636,開放資料,4.3,1006,,https://www.taiwanstay.net.tw/TSA/web_page/TSA020200.jsp?hohi_id=17481
1372,像個家plus民宿,花蓮縣,花蓮市,民宿,0978753532,花蓮縣花蓮市民主里7鄰北濱街12巷16號,國旅補助優惠方案,,,3800,,2026-12-31,【國旅補助優惠方案】使用「115年國旅平日住宿獎助＋生日券」補助方案入住者，每房贈送入住小禮一份。,23.9738,121.614377,開放資料,4.9,115,https://www.facebook.com/athomehualien32/,https://www.taiwanstay.net.tw/TSA/web_page/TSA020200.jsp?hohi_id=30098
1373,光域文旅民宿,花蓮縣,花蓮市,民宿,0905153030-,花蓮縣花蓮市主力里15鄰榮正街186巷2號,國旅補助優惠方案,,,4180,,2026-12-31,【國旅補助優惠方案】【平日續住第二晚享9折優惠】入住光域文旅，享受花蓮慢旅行的美好時光！凡於平日入住並續住第二晚，即可享第二晚房價9折優惠，讓旅程不必匆匆結束，用更多時間探索花蓮的自然風景、人文小店與在地生活。本優惠折扣後房價，仍可搭配使用「115年國旅平日住宿獎助」或「生日券」進行折抵，讓您的花蓮住宿更加輕鬆優惠。無論是安排小旅行、深度旅遊，或單純想放慢腳步休息幾天，光域文旅邀請您延長假期，感受花蓮舒適悠閒的旅遊時光。,23.975433,121.596017,開放資料,4.6,72,,https://www.taiwanstay.net.tw/TSA/web_page/TSA020200.jsp?hohi_id=33205
1374,光粼民宿,花蓮縣,花蓮市,民宿,0919372607-,花蓮縣花蓮市主安里11鄰中正路184巷32號,國旅補助優惠方案,,,25000,,2026-12-31,【國旅補助優惠方案】連住兩晚以上，可以享有續住不打掃總價九折的優惠,23.970565,121.599434,開放資料,4.9,106,,https://www.taiwanstay.net.tw/TSA/web_page/TSA020200.jsp?hohi_id=32176
1375,典藏花都民宿,花蓮縣,花蓮市,民宿,0965661288-,花蓮縣花蓮市中原路263號,國旅補助優惠方案,,,4800,,2026-12-31,【國旅補助優惠方案】115年國旅平日住宿獎助＋生日券業者自提優惠方案,23.966741,121.601728,開放資料,4.6,211,http://hualienflora.com/,https://www.taiwanstay.net.tw/TSA/web_page/TSA020200.jsp?hohi_id=16494
1376,冠倫旅店,花蓮縣,花蓮市,旅館,093577278903-8236926,花蓮縣花蓮市民勤里4鄰中美路67號(1~5樓),國旅補助優惠方案,,,4000,1500,2026-12-31,【國旅補助優惠方案】經濟雙人房(無窗)1300元精緻雙人房1500元(免治馬桶)三人房1900元(免治馬桶)經濟四人房(無窗)2000元精緻四人房2200元(免治馬桶)家庭六人房2800元ㄒ(免治馬桶),23.986906,121.621848,開放資料,4.6,275,https://guanlunhotel.noon360.com,https://www.taiwanstay.net.tw/TSA/web_page/TSA020200.jsp?hohi_id=17856
1377,勤天大飯店－花蓮館,花蓮縣,花蓮市,旅館,03-8326888,花蓮縣花蓮市國聯里30鄰國聯五路151號,平價優質旅宿,2380,業者自報,9900,,,【平價優質旅宿】平日雙人房售價：2380,23.993768,121.60475,開放資料,,,https://www.hiyeshotel.com.tw/,https://www.taiwanstay.net.tw/TSA/web_page/TSA020200.jsp?hohi_id=16118
1378,十街民宿,花蓮縣,花蓮市,民宿,0933482237-,花蓮縣花蓮市國富里國富十街39號,國旅補助優惠方案,,,2800,,2026-12-31,【國旅補助優惠方案】115年國旅平日住宿獎助＋生日券業者自提優惠方案,23.989245,121.596774,開放資料,4.7,205,,https://www.taiwanstay.net.tw/TSA/web_page/TSA020200.jsp?hohi_id=320
1379,博客來民宿,花蓮縣,花蓮市,民宿,0960302588-,花蓮縣花蓮市主勤里17鄰博愛街65號,國旅補助優惠方案,,,3000,,2026-12-31,【國旅補助優惠方案】國旅平日住宿獎助+生日卷+TaiwanPASS住宿抵用卷申請符合資格管道：您必須直接透過民宿的「Line」或撥打「訂房專線」，才可享有中央補助（最高折抵$2000～$3200）住宿補助喔！備註：Agoda、Booking.com、Expedia等國外訂房網皆不可使用國旅補助方案。,23.973803,121.609076,開放資料,4.5,204,,https://www.taiwanstay.net.tw/TSA/web_page/TSA020200.jsp?hohi_id=753
1380,去那邊民宿,花蓮縣,花蓮市,民宿,0928080593,花蓮縣花蓮市國光里尚志路20之12號,平價優質旅宿,1700,業者自報,5500,,,【平價優質旅宿】平日雙人房售價：1700(無早餐),23.990466,121.608445,開放資料,,,https://www.gotherebnb.com,https://www.taiwanstay.net.tw/TSA/web_page/TSA020200.jsp?hohi_id=6946
1381,名達福康大飯店,花蓮縣,花蓮市,旅館,03-8337988,花蓮縣花蓮市民生里19鄰公園路5號,平價優質旅宿,2970,業者自報,6600,,,【平價優質旅宿】平日雙人房售價：2970淡/3300旺,23.977231,121.610827,開放資料,,,http://www.fullkind-hotel.com.tw/,https://www.taiwanstay.net.tw/TSA/web_page/TSA020200.jsp?hohi_id=1403
1382,喜約民宿,花蓮縣,花蓮市,民宿,0933869787-,花蓮縣花蓮市民孝里東興三街28號,國旅補助優惠方案,2000,業者官網,2500,,2026-12-31,"【國旅補助優惠方案】喜約民宿提供平日6人包棟優惠價7,000元起，全棟僅接待一組旅客，不與陌生人共用空間，享有自在、安心且具隱私的住宿體驗。館內設有寬敞客廳、KTV歡唱設備、電動麻將、親子遊戲區、設備齊全廚房、戶外烤肉區及免費停車空間，是親子家庭、好友聚會、三代同堂、員工旅遊及小型團體出遊的理想選擇。民宿鄰近花蓮市區、東大門夜市、將軍府園區、七星潭、美崙山公園及多處熱門景點，交通便利，無論是慢活度假、親子旅行或深度探索花蓮，都能輕鬆安排豐富行程。歡迎搭配國旅平日住宿補助及壽星優惠，輕鬆入住高品質包棟民宿，享受美好花蓮假期！※住宿補助及優惠內容依交通部觀光署公告及活動規定辦理，須符合申請資格，名額有限，額滿為止。",23.999681,121.629628,開放資料,4.8,92,https://tw-bnb.com/web/xiyue/,https://www.taiwanstay.net.tw/TSA/web_page/TSA020200.jsp?hohi_id=4712
1383,城市物語民宿,花蓮縣,花蓮市,民宿,03-8361296,花蓮縣花蓮市信義街36-6號,國旅補助優惠方案,,,3800,,2026-12-31,【國旅補助優惠方案】平日住宿獎助、生日券及TaiwanPASS住宿抵用券,23.974235,121.60453,開放資料,,,,https://www.taiwanstay.net.tw/TSA/web_page/TSA020200.jsp?hohi_id=10140
1384,多羅滿汽車旅館,花蓮縣,花蓮市,旅館,03-8316622,花蓮縣花蓮市國聯里34鄰國興一街123號,國旅補助優惠方案,,,1500,800、1200、1500,2026-12-31,【國旅補助優惠方案】多羅滿休閒商務汽車旅館加碼補助平日(週日~週五)連住三晚優惠，第一晚政府補助800元+多羅滿加碼折500元、第二晚政府補助1200元、第三晚多羅滿續住加碼折1500元,23.996238,121.60421,開放資料,3.9,972,http://www.drmmotel.com.tw/,https://www.taiwanstay.net.tw/TSA/web_page/TSA020200.jsp?hohi_id=398
1385,天安居民宿,花蓮縣,花蓮市,民宿,03-8330719,花蓮縣花蓮市主力里國風街21巷17號,國旅補助優惠方案,,,3900,800、1200,2026-12-31,"【國旅補助優惠方案】平日住宿獎助:第一晚折抵800元,連續入住第二晚加碼折抵1200元,適用於所有房型壽星生日住宿金:(1)中籤者獲得1200生日住宿金可用於平日的任何房型折抵(2)當月壽星若中籤且平日連住兩晚,可疊加平日住宿獎助,最高限折3200元,適用於所有房型",23.976494,121.597144,開放資料,4.6,71,http://www.greenwindow-hl.com.tw,https://www.taiwanstay.net.tw/TSA/web_page/TSA020200.jsp?hohi_id=8314
1386,天方夜譚民宿,花蓮縣,花蓮市,民宿,0932308985-,花蓮縣花蓮市中順街61巷8號,國旅補助優惠方案,,,5600,,2026-12-31,【國旅補助優惠方案】115年國旅平日住宿獎助＋生日券不分平日和假日房價都打9折(不含早餐),23.968374,121.596772,開放資料,4,4,,https://www.taiwanstay.net.tw/TSA/web_page/TSA020200.jsp?hohi_id=2173
1387,山琳文旅民宿,花蓮縣,花蓮市,民宿,03-8360008,花蓮縣花蓮市主力里2鄰中華路251之6號,國旅補助優惠方案、平價優質旅宿,2180,業者自報,7700,,2026-12-31,"【國旅補助優惠方案】山琳文旅｜115年國旅平日住宿獎助＋生日券優惠方案 歡迎使用「115年國旅平日住宿獎助」及「生日住宿優惠」入住山琳文旅，享受住宿、美食與花蓮風土文化之旅。 山琳文旅一樓設有JJ甜點研究所，由五星飯店資歷甜點主廚以花蓮在地食材研發特色甜點，榮獲2025年交通部觀光署觀光圈大賞「最佳美味獎」，入住即可品嚐獲獎的花蓮風味。 入住旅客可享以下專屬優惠： 1.得獎甜點迎賓禮 入住即可享用JJ甜點研究所精選迎賓甜點，體驗交通部觀光署肯定的特色美味。 2.JJ甜點研究所專屬優惠 入住期間享館內甜點、下午茶及指定商品專屬優惠（依現場公告為準）。 3.壽星專屬禮遇 當月壽星入住，即贈JJ甜點研究所4吋生日蛋糕一份，為旅程留下美好回憶。 4.花蓮風土旅遊推薦 免費提供在地美食、特色店家、秘境景點及旅遊建議，邀請旅客深入感受花蓮之美。 山琳文旅位於花蓮市中心，鄰近東大門夜市、花蓮文化創意產業園區等熱門景點，館內備有電梯、免費500MWi-Fi及停車空間，提供舒適便利的住宿環境。 山琳文旅秉持「為了風土，多留一晚

【平價優質旅宿】平日雙人房售價：2180(無早餐)",23.975189,121.601019,開放資料,4.9,121,https://shanlininn.com/,https://www.taiwanstay.net.tw/TSA/web_page/TSA020200.jsp?hohi_id=35048
1388,山田心民宿,花蓮縣,花蓮市,民宿,0919908115-,花蓮縣花蓮市國強里10鄰豐村133之5號,國旅補助優惠方案,,,1600,,2026-12-31,【國旅補助優惠方案】平日住宿雙人房，1600元四人房2400元（含早餐）,24.010928,121.594897,開放資料,5,120,,https://www.taiwanstay.net.tw/TSA/web_page/TSA020200.jsp?hohi_id=34550
1389,巷弄里歐民宿,花蓮縣,花蓮市,民宿,096302862003-8316707,花蓮縣花蓮市主力里4鄰中華路317巷2之2號,國旅補助優惠方案,,,7980,,2026-12-31,【國旅補助優惠方案】1.適用期間：依官方公佈之平日時間為準，週日至週四適用；國定假日及連續假期不適用）。2.預訂方式：限透過【官方網站/電話訂房/官方Line】預訂，並於訂房時主動告知使用本專案。3.優惠內容：(1)凡使用「115年國旅平日住宿補助」或「生日住宿金」入住，享免費延遲退房1小時（至中午12:00）。(2)平日連續入住第二晚，除政府補助外，本館自提再折NT$200元。4.壽星專屬生日禮：持「當月生日住宿金」入住之壽星，加贈精美生日手工蛋糕或在地特色伴手禮。,23.974491,121.599599,開放資料,5,174,,https://www.taiwanstay.net.tw/TSA/web_page/TSA020200.jsp?hohi_id=33835
1390,市中心民宿,花蓮縣,花蓮市,民宿,090651988803-8310039,花蓮縣花蓮市主商里7鄰中正路494號二樓,國旅補助優惠方案,,,2500,,2026-12-31,【國旅補助優惠方案】平日住宿優惠當月壽星住宿生日券優惠TaiwanPASS住宿折抵券,23.97674,121.60697,開放資料,4.8,37,,https://www.taiwanstay.net.tw/TSA/web_page/TSA020200.jsp?hohi_id=27026
1391,幸福加油站民宿,花蓮縣,花蓮市,民宿,0922809899-,花蓮縣花蓮市信義街93號,國旅補助優惠方案,,,4800,,2026-12-31,【國旅補助優惠方案】平日住宿優惠當月壽星住宿生日券優惠TaiwanPASS住宿折抵券,23.976497,121.602524,開放資料,4.7,416,,https://www.taiwanstay.net.tw/TSA/web_page/TSA020200.jsp?hohi_id=8251
1392,微停宿旅,花蓮縣,花蓮市,旅館,03-8336655,花蓮縣花蓮市主工里4鄰中正路489號,平價優質旅宿,1800,業者自報,3000,,,【平價優質旅宿】平日雙人房售價：1800(無早餐)2100(暑假),23.976302,121.605749,開放資料,,,https://www.wountain-hotel.com,https://www.taiwanstay.net.tw/TSA/web_page/TSA020200.jsp?hohi_id=19378
1393,微甜彩虹民宿,花蓮縣,花蓮市,民宿,0930608657-,花蓮縣花蓮市民主里北濱街12巷12號,國旅補助優惠方案、平價優質旅宿,2600,業者自報,3500,,2026-12-31,"【國旅補助優惠方案】花蓮值得慢慢玩，入住微甜彩虹民宿，連續入住第二晚，即享房價再加碼折抵200元！放慢旅行步調，多留一天，悠閒探索花蓮的山海美景、美食與慢生活，還能享有專屬住宿優惠，讓美好旅程再延續一天。

【平價優質旅宿】平日雙人房售價：2600",23.973934,121.614488,開放資料,,,http://www.sweetrainbow.com.tw/,https://www.taiwanstay.net.tw/TSA/web_page/TSA020200.jsp?hohi_id=13623
1394,快樂腳青年民宿,花蓮縣,花蓮市,民宿,03-8352868,花蓮縣花蓮市中山路601巷1弄2號,國旅補助優惠方案,,,3800,,2026-12-31,【國旅補助優惠方案】國旅平日補助續住兩日完全折抵旅遊補助，無須貼補差價。,23.989102,121.599657,開放資料,4.4,109,,https://www.taiwanstay.net.tw/TSA/web_page/TSA020200.jsp?hohi_id=20848
1395,悅樂旅店,花蓮縣,花蓮市,旅館,03-8326655,花蓮縣花蓮市主和里25鄰中福路122號,國旅補助優惠方案,,,2990,,2026-12-31,【國旅補助優惠方案】依悅樂旅店官網方案及電話訂房適用(OTA訂房不參加),23.971862,121.602314,開放資料,4.7,2249,http://www.olah.com.tw,https://www.taiwanstay.net.tw/TSA/web_page/TSA020200.jsp?hohi_id=15784
1396,捷絲旅花蓮中正館,花蓮縣,花蓮市,旅館,03-8900069,花蓮縣花蓮市主睦里14鄰中正路396號,平價優質旅宿,2800,業者自報,9000,,,【平價優質旅宿】平日雙人房售價：2800,23.974732,121.603726,開放資料,,,https://www.justsleephotels.com/hualien/tw/,https://www.taiwanstay.net.tw/TSA/web_page/TSA020200.jsp?hohi_id=17456
1397,放慢民宿,花蓮縣,花蓮市,民宿,0918224659,花蓮縣花蓮市中原路394巷26號,國旅補助優惠方案,,,3000,,2026-12-31,【國旅補助優惠方案】115年國旅平日住宿獎助＋生日券,23.969877,121.599477,開放資料,4.8,12,http://www.haiyan.tw,https://www.taiwanstay.net.tw/TSA/web_page/TSA020200.jsp?hohi_id=22134
1398,新京站民宿,花蓮縣,花蓮市,民宿,093716813903-8567939,花蓮縣花蓮市富陽路16號,國旅補助優惠方案,,,3680,,2026-12-31,【國旅補助優惠方案】國旅平日住宿95折持生日券生日當天9折優惠,23.995409,121.599887,開放資料,4.3,138,http://www.tw161688.com,https://www.taiwanstay.net.tw/TSA/web_page/TSA020200.jsp?hohi_id=8467
1399,旅行者之家民宿,花蓮縣,花蓮市,民宿,03-8352868,花蓮縣花蓮市國聯里15鄰國聯二路82號,國旅補助優惠方案,,,1600,,2026-12-31,【國旅補助優惠方案】平日續住2日的旅客使用國旅補柱則不需另外補差額。,23.989785,121.602849,開放資料,4.2,136,,https://www.taiwanstay.net.tw/TSA/web_page/TSA020200.jsp?hohi_id=21594
1400,日光漫旅民宿,花蓮縣,花蓮市,民宿,0933060573,花蓮縣花蓮市主和里29鄰成功街46之5號,平價優質旅宿,1400,業者自報,3600,,,【平價優質旅宿】平日雙人房售價：1400,23.970466,121.602229,開放資料,,,,https://www.taiwanstay.net.tw/TSA/web_page/TSA020200.jsp?hohi_id=33070
1401,日月戀海民宿,花蓮縣,花蓮市,民宿,093204665403-8325762,花蓮縣花蓮市國盛里26鄰國盛七街41號,國旅補助優惠方案,,,2800,,2026-12-31,【國旅補助優惠方案】平日續住第二天起享訂價優惠之9折（限向民宿主訂戶才享優惠，官網訂房無法享受該優惠）,23.992986,121.60866,開放資料,5,16,,https://www.taiwanstay.net.tw/TSA/web_page/TSA020200.jsp?hohi_id=36366
1402,星空海藍大飯店,花蓮縣,花蓮市,旅館,03-8325788,花蓮縣花蓮市主和里1鄰和平路217號,國旅補助優惠方案,2650,業者官網,5800,,2026-12-31,【國旅補助優惠方案】電話訂房享九折優惠。壽星入住可再享有升等豪華海景房型。,23.970606,121.605967,開放資料,4,2023,http://shinyoceanhotel.com,https://www.taiwanstay.net.tw/TSA/web_page/TSA020200.jsp?hohi_id=18425
1403,杰克山莊大飯店,花蓮縣,花蓮市,旅館,03-8339695,花蓮縣花蓮市花蓮市民族里8鄰復興街29號,國旅補助優惠方案,,,4000,800,2026-12-31,"【國旅補助優惠方案】杰克山莊三帶同堂遊花蓮專案:連住三晚或一次訂三間房以上,者第三間或第三晚皆優惠800-",23.976375,121.61076,開放資料,4.4,303,https://twstay.com/RWD2/index.aspx?BNB=jackhouse2,https://www.taiwanstay.net.tw/TSA/web_page/TSA020200.jsp?hohi_id=3896
1404,東城商旅,花蓮縣,花蓮市,旅館,03-8327259,花蓮縣花蓮市民族里5鄰復興街26號,平價優質旅宿,2500,業者自報,5500,,,【平價優質旅宿】平日雙人房售價：2500(暑假平日2700元),23.976327,121.611027,開放資料,,,https://easttown26.com.tw/index.php,https://www.taiwanstay.net.tw/TSA/web_page/TSA020200.jsp?hohi_id=20837
1405,森活藝宿民宿,花蓮縣,花蓮市,民宿,03-8341803,花蓮縣花蓮市德安一街89號,平價優質旅宿,1600,業者自報,3000,,,【平價優質旅宿】平日雙人房售價：1600,23.973117,121.594976,開放資料,,,,https://www.taiwanstay.net.tw/TSA/web_page/TSA020200.jsp?hohi_id=5348
1406,椰風時尚民宿,花蓮縣,花蓮市,民宿,0939983625-,花蓮縣花蓮市國華里中山路411巷18號,平價優質旅宿,1800,業者自報,2500,,,【平價優質旅宿】平日雙人房售價：1800無提供早餐,23.982714,121.604079,開放資料,,,,https://www.taiwanstay.net.tw/TSA/web_page/TSA020200.jsp?hohi_id=9255
1407,歐堤斯旅店民宿,花蓮縣,花蓮市,民宿,0921899730-,花蓮縣花蓮市主計里10鄰信義街6之2號,平價優質旅宿,3120,業者自報,5800,,,【平價優質旅宿】平日雙人房售價：3120,23.971612,121.606532,開放資料,,,,https://www.taiwanstay.net.tw/TSA/web_page/TSA020200.jsp?hohi_id=28513
1408,泊森民宿,花蓮縣,花蓮市,民宿,0929622600-,花蓮縣花蓮市國聯里17鄰國興五街148號,平價優質旅宿,2000,業者自報,4800,,,【平價優質旅宿】平日雙人房售價：2000(無早餐),23.988246,121.602928,開放資料,,,,https://www.taiwanstay.net.tw/TSA/web_page/TSA020200.jsp?hohi_id=31920
1409,法托里亞民宿,花蓮縣,花蓮市,民宿,0965312180-,花蓮縣花蓮市國興一街18號,國旅補助優惠方案,,,3800,800、1200,2026-12-31,【國旅補助優惠方案】申請觀光補助，第一晚補助800元，民宿加碼再折扣600元/第一晚；第二晚補助1200元，民宿加碼再折800元/第二晚，2晚總共可折3400元。,23.994958,121.603784,開放資料,,,,https://www.taiwanstay.net.tw/TSA/web_page/TSA020200.jsp?hohi_id=9928
1410,洄瀾窩青年旅舍,花蓮縣,花蓮市,旅館,03-8330186,花蓮縣花蓮市國聯里24鄰國聯一路83號(2至9樓),平價優質旅宿,1399,業者自報,5200,,,【平價優質旅宿】平日雙人房售價：1399,23.991627,121.603003,開放資料,,,http://hualienwow.com/,https://www.taiwanstay.net.tw/TSA/web_page/TSA020200.jsp?hohi_id=1137
1411,海芸民宿,花蓮縣,花蓮市,民宿,0963591589-,花蓮縣花蓮市海濱街43號,平價優質旅宿,3000,業者自報,3600,,,【平價優質旅宿】平日雙人房售價：3000,23.973347,121.614879,開放資料,,,,https://www.taiwanstay.net.tw/TSA/web_page/TSA020200.jsp?hohi_id=13065
1412,涵星民宿,花蓮縣,花蓮市,民宿,0922652000-,花蓮縣花蓮市國華里中山路411巷12弄3號,平價優質旅宿,1800,業者自報,2500,,,【平價優質旅宿】平日雙人房售價：1800,23.982702,121.604136,開放資料,,,,https://www.taiwanstay.net.tw/TSA/web_page/TSA020200.jsp?hohi_id=19220
1413,漾品屋民宿,花蓮縣,花蓮市,民宿,0916100359-,花蓮縣花蓮市民立里民權九街3號,國旅補助優惠方案,,,3000,,2026-12-31,"【國旅補助優惠方案】漾品屋民宿(589)負責人許惠玲要參加國旅補助謹尊守公告規定的規則執行補助此規定的規則.補助有三種方式:1.平日2026/09/01-2026/21/312.生日劵2026/09/01-2026/12/313.Taiwan2026/09/01-202612/31pass感謝觀光局舉辦的國旅補助,希望業者能夠藉這次的補助能增加住宿收入.感謝！",23.988274,121.627734,開放資料,,,,https://www.taiwanstay.net.tw/TSA/web_page/TSA020200.jsp?hohi_id=12227
1414,潤民宿,花蓮縣,花蓮市,民宿,0937977177,花蓮縣花蓮市民運里2鄰中興路130號,國旅補助優惠方案,,,6000,,2026-12-31,【國旅補助優惠方案】連續入住第二日折價200元,23.992314,121.632215,開放資料,5,41,,https://www.taiwanstay.net.tw/TSA/web_page/TSA020200.jsp?hohi_id=28432
1415,煙波大飯店花蓮館,花蓮縣,花蓮市,旅館,03-8222666,花蓮縣花蓮市民立里1鄰中美路142號,國旅補助優惠方案,,,17600,1000,2026-12-31,【國旅補助優惠方案】1.平日(周日-周四)入住1晚贈200點會員點數，平日入住2晚以上贈1000點會員點數，假日、國定假日、連續假期不適用。2.平日入住累積指定次數，再拿限定禮，3個章兌換旅行收納袋，6個章兌換安心防災包/猩猩之握小腿按摩器(二擇一)。3.幸運壽星抽中政府補助生日住宿金，不分平假日來館入住，免費贈送房內生日佈置，若生日佈置額滿，改贈送早餐加購餐點乙份。,23.986862,121.622091,開放資料,4.5,14032,https://www.lakeshore.com.tw/hualien,https://www.taiwanstay.net.tw/TSA/web_page/TSA020200.jsp?hohi_id=4388
1416,玫瑰香榭飯店,花蓮縣,花蓮市,旅館,03-8330099,花蓮縣花蓮市國聯里23鄰國聯一路93號,平價優質旅宿,2700,業者自報,6000,,,【平價優質旅宿】平日雙人房售價：2700,23.991166,121.602644,開放資料,,,http://champderoseshotel.com.tw,https://www.taiwanstay.net.tw/TSA/web_page/TSA020200.jsp?hohi_id=24455
1417,璽賓行旅,花蓮縣,花蓮市,旅館,03-8316631,花蓮縣花蓮市民德里12鄰民權路2之6號,平價優質旅宿,2880,業者自報,6000,,,【平價優質旅宿】平日雙人房售價：2880(暑假3380),23.982768,121.621599,開放資料,,,http://www.kaddahotel.com,https://www.taiwanstay.net.tw/TSA/web_page/TSA020200.jsp?hohi_id=7664
1418,白色棉花糖,花蓮縣,花蓮市,民宿,093590513603-8337291,花蓮縣花蓮市國聯里國興五街132之8號,平價優質旅宿,1200,業者自報,3000,1200,,【平價優質旅宿】平日雙人房售價：1200（無早餐）,23.988496,121.603624,開放資料,,,,https://www.taiwanstay.net.tw/TSA/web_page/TSA020200.jsp?hohi_id=4560
1419,福容大飯店  花蓮,花蓮縣,花蓮市,旅館,03-8239988,花蓮縣花蓮市民運里8鄰民生路51號,國旅補助優惠方案、平價優質旅宿,,,8700,800,2026-12-31,"【國旅補助優惠方案】福容大飯店花蓮店國旅補助方案使用期間：2026/09/01~補助用完為止(一)入住三天兩夜贈超過$2,000大禮包(數量有限送完為止)●福隆海水浴場入場券*2張(原價$440)●KTV大包廂買一小時送一小時(原價$800)●棋藝室買一小時送一小時(原價$400)●牛肉麵買一送一(限晚餐時段17:30~21:30內用，最後點餐時間為21:00，原價$488+10%)(二)【使用國旅補助入住】並預訂「2026福容假期一泊一食」住房專案即可享免費升等一級！(最高可升等至海景家庭客房)

【平價優質旅宿】平日雙人房售價：會員住房專案2,700",23.995017,121.633485,開放資料,4.3,8075,http://www.fullon-hotels.com.tw/hl/,https://www.taiwanstay.net.tw/TSA/web_page/TSA020200.jsp?hohi_id=21569
1420,秋合民宿,花蓮縣,花蓮市,民宿,03-8360090,花蓮縣花蓮市國治里節約街20之1號,國旅補助優惠方案,1900,業者官網,4200,,2026-12-31,【國旅補助優惠方案】115年國旅平日住宿獎助＋生日券,23.978332,121.606947,開放資料,4.9,115,http://www.joe-ho168.com,https://www.taiwanstay.net.tw/TSA/web_page/TSA020200.jsp?hohi_id=4340
1421,童話汽車旅館有限公司都會館分公司,花蓮縣,花蓮市,旅館,03-8357272,花蓮縣花蓮市主義里11鄰仁愛街58號,平價優質旅宿,1980,業者自報,5500,,,【平價優質旅宿】平日雙人房售價：1980,23.973869,121.605801,開放資料,,,http://www.fairytalecity.com.tw/,https://www.taiwanstay.net.tw/TSA/web_page/TSA020200.jsp?hohi_id=21207
1422,童話汽車旅館海洋分館,花蓮縣,花蓮市,旅館,03-8361299,花蓮縣花蓮市民權里1鄰菁華街4巷2弄1號,平價優質旅宿,1980,業者自報,8000,,,【平價優質旅宿】平日雙人房售價：1980,23.979575,121.616872,開放資料,,,,https://www.taiwanstay.net.tw/TSA/web_page/TSA020200.jsp?hohi_id=8526
1423,經典假日飯店,花蓮縣,花蓮市,旅館,03-8359966,花蓮縣花蓮市國聯里30鄰國聯五路139號,國旅補助優惠方案、平價優質旅宿,2800,業者自報,6160,,2026-12-31,"【國旅補助優惠方案】※專案住房期間及房價：即日起~115年12月31日精緻雙人房平日2200元精緻三人房平日2700元精緻家庭房平日3200元※特惠說明：◎客房住宿乙晚。◎精緻活力早餐(依房型)、迎賓茗品點心。◎交誼廳咖啡、茶品無限暢飲、無線網路。◎腳踏車免費出借，輕騎遊市區。※專案備註：◎本專案限官網訂房及電話訂房及飯店LINE預定，限量開放，售完為止。◎本專案搭配【115年國旅平日住宿獎助＋生日券】補助活動，需配合該活動的相關規定。◎此專案不得與其他優惠併用。◎團體不適用。

【平價優質旅宿】平日雙人房售價：2800",23.993202,121.604841,開放資料,4.2,1241,http://www.classichotel.com.tw,https://www.taiwanstay.net.tw/TSA/web_page/TSA020200.jsp?hohi_id=1755
1424,綠窗小築民宿,花蓮縣,花蓮市,民宿,03-8331719,花蓮縣花蓮市主力里國風街21巷19號,國旅補助優惠方案,,,3600,800、1200,2026-12-31,"【國旅補助優惠方案】平日住宿獎勵:第一晚折抵800元,連續入住第二晚加碼折抵1200元,合計最高折抵2000元,所有房型皆適用壽星生日住宿金:(1)中籤者可獲1200元生日住宿金折抵,平日所有房型皆適用(2)當月壽星若中籤且平日連住兩晚,可疊加平日住宿獎助,最高折抵3200元,所有房型皆適用",23.976418,121.597115,開放資料,4.6,71,,https://www.taiwanstay.net.tw/TSA/web_page/TSA020200.jsp?hohi_id=15445
1425,美侖大飯店,花蓮縣,花蓮市,觀光旅館,03-8222111,花蓮縣花蓮市林園1之1號,國旅補助優惠方案,,,9680,,2026-12-31,"【國旅補助優惠方案】住宿優惠房價$3000元起,請參照飯店官網各項住房優惠專案。",24.00023,121.628412,開放資料,4.2,7673,https://www.parkview-hotel.com,https://www.taiwanstay.net.tw/TSA/web_page/TSA020200.jsp?hohi_id=7460
1426,美崙遊記民宿,花蓮縣,花蓮市,民宿,03-8228430,花蓮縣花蓮市民政里中興路179號,國旅補助優惠方案,,,5000,,2026-12-31,【國旅補助優惠方案】國旅平日住宿獎助＋生日券業者優惠方案.,23.996312,121.624972,開放資料,4.6,89,http://www.trekinn.url.tw,https://www.taiwanstay.net.tw/TSA/web_page/TSA020200.jsp?hohi_id=8860
1427,花東客棧,花蓮縣,花蓮市,旅館,03-8347568,花蓮縣花蓮市國威里10鄰民國路165號2-8樓,平價優質旅宿,1750,業者自報,3500,,,【平價優質旅宿】平日雙人房售價：1750,23.980783,121.608365,開放資料,,,http://www.huatong.com.tw,https://www.taiwanstay.net.tw/TSA/web_page/TSA020200.jsp?hohi_id=12128
1428,花蓮BV民宿,花蓮縣,花蓮市,民宿,0905058611-,花蓮縣花蓮市國防里8鄰明智街108之1號,平價優質旅宿,1680,業者自報,4000,,,【平價優質旅宿】平日雙人房售價：1680,23.985881,121.605162,開放資料,,,,https://www.taiwanstay.net.tw/TSA/web_page/TSA020200.jsp?hohi_id=38069
1429,花蓮S.E.A.民宿,花蓮縣,花蓮市,民宿,090539339803-8352523,花蓮縣花蓮市民主里5鄰海濱街72號,國旅補助優惠方案,,,16800,800、1200,2026-12-31,【國旅補助優惠方案】國旅補助優惠來囉~ 自115年9月1日起至115年11月30日止平日(日~四)符合資格，連續入住兩晚即享住宿費800+1200元折抵。快快行動哦,23.973368,121.615146,開放資料,4.5,462,http://www.seahualien.com/,https://www.taiwanstay.net.tw/TSA/web_page/TSA020200.jsp?hohi_id=4868
1430,花蓮五指山信義民宿,花蓮縣,花蓮市,民宿,0937533101-,花蓮縣花蓮市信義街39-1號,平價優質旅宿,1500,業者自報,8000,1500,,【平價優質旅宿】平日雙人房售價：1500,23.973901,121.60446,開放資料,,,,https://www.taiwanstay.net.tw/TSA/web_page/TSA020200.jsp?hohi_id=1767
1431,花蓮假期飯店,花蓮縣,花蓮市,旅館,03-8360099,花蓮縣花蓮市主力里1鄰中華路231號,國旅補助優惠方案,6000,業者官網,6000,,2026-12-31,【國旅補助優惠方案】連續入住兩晚，依預訂房型贈送迷你瓶小米酒(60ML)雙人房贈2瓶、四人房贈4瓶,23.975333,121.602133,開放資料,4.2,2775,https://www.3hhotel.com/,https://www.taiwanstay.net.tw/TSA/web_page/TSA020200.jsp?hohi_id=20085
1432,花蓮富野渡假酒店,花蓮縣,花蓮市,旅館,03-8346999,花蓮縣花蓮市主力里6鄰中華路302號,平價優質旅宿,2600,業者自報,7920,,,【平價優質旅宿】平日雙人房售價：2600,23.975085,121.598343,開放資料,,,http://www.hoyaresort.com.tw,https://www.taiwanstay.net.tw/TSA/web_page/TSA020200.jsp?hohi_id=4212
1433,花蓮海悅酒店,花蓮縣,花蓮市,旅館,03-8338158,花蓮縣花蓮市民德里1鄰民權路5號,平價優質旅宿,2000,業者自報,25000,,,【平價優質旅宿】平日雙人房售價：2000,23.981763,121.620303,開放資料,,,http://www.hotel-ocean.com.tw/,https://www.taiwanstay.net.tw/TSA/web_page/TSA020200.jsp?hohi_id=15494
1434,花蓮香城大飯店,花蓮縣,花蓮市,旅館,03-8353355,花蓮縣花蓮市國聯里28鄰國興二街19號,平價優質旅宿,2000,業者自報,3240,,,【平價優質旅宿】平日雙人房售價：2000,23.992619,121.604246,開放資料,,,http://www.city-hotel.com.tw,https://www.taiwanstay.net.tw/TSA/web_page/TSA020200.jsp?hohi_id=6184
1435,賴床行旅民宿,花蓮縣,花蓮市,民宿,0921101010-,花蓮縣花蓮市自強街13之1號,平價優質旅宿,2400,業者自報,4600,,,【平價優質旅宿】平日雙人房售價：2400,23.97597,121.616009,開放資料,,,https://sleepinginn.tw/,https://www.taiwanstay.net.tw/TSA/web_page/TSA020200.jsp?hohi_id=26227
1436,路境行旅-花蓮大同館,花蓮縣,花蓮市,旅館,03-8353366,花蓮縣花蓮市國威里17鄰大同街29號,國旅補助優惠方案,,,20880,,2026-12-31,【國旅補助優惠方案】路境行旅-花蓮大同館旅遊補助專案：使用旅遊補助住宿，預訂指定房型可享加碼優惠,23.980267,121.605561,開放資料,4.7,3053,https://www.findershotel-datong.com/,https://www.taiwanstay.net.tw/TSA/web_page/TSA020200.jsp?hohi_id=15229
1437,路境行旅－花蓮文化館,花蓮縣,花蓮市,旅館,03-8320021,花蓮縣花蓮市民族里9鄰福建街512號,國旅補助優惠方案,,,4200,,2026-12-31,【國旅補助優惠方案】路境行旅花蓮文化館旅遊補助專案：使用旅遊補助住宿，預訂指定房型可享加碼優惠,23.97547,121.610123,開放資料,4.7,839,http://www.finders-wh.com,https://www.taiwanstay.net.tw/TSA/web_page/TSA020200.jsp?hohi_id=5457
1438,路徒行旅-偵探寓所,花蓮縣,花蓮市,旅館,03-8333606,花蓮縣花蓮市國威里20鄰中山路361號,國旅補助優惠方案,,,8880,,2026-12-31,【國旅補助優惠方案】偵探與所花蓮林森所旅遊補助專案：使用旅遊補助住宿，預訂指定房型可享加碼優惠,23.981229,121.605916,開放資料,4.9,515,https://www.mazorhotel.com/,https://www.taiwanstay.net.tw/TSA/web_page/TSA020200.jsp?hohi_id=16391
1439,路徒行旅-東大館,花蓮縣,花蓮市,旅館,03-8333535,花蓮縣花蓮市主商里4鄰光復街45號,國旅補助優惠方案,,,10880,,2026-12-31,【國旅補助優惠方案】路徒行旅-東大館旅遊補助專案：使用旅遊補助住宿，預訂指定房型可享加碼優惠,23.97668,121.6077,開放資料,4.5,1115,https://dongda.roadershotel.com/,https://www.taiwanstay.net.tw/TSA/web_page/TSA020200.jsp?hohi_id=1458
1440,車站一百米民宿,花蓮縣,花蓮市,民宿,0965312180-,花蓮縣花蓮市國興一街20號,國旅補助優惠方案,,,3800,800、1200,2026-12-31,【國旅補助優惠方案】申請觀光補助，第一晚補助800元，民宿加碼再折扣600元/第一晚；第二晚補助1200元，民宿加碼再折800元/第二晚，2晚總共可折3400元。,23.995024,121.603745,開放資料,4.7,398,,https://www.taiwanstay.net.tw/TSA/web_page/TSA020200.jsp?hohi_id=1554
1441,近山右民宿,花蓮縣,花蓮市,民宿,0966891367-,花蓮縣花蓮市國福里6鄰沙基拉雅街98號,國旅補助優惠方案,,,10000,,2026-12-31,"【國旅補助優惠方案】115年國旅平日住宿獎助＋生日券
http://www.haiyan.tw

【國旅補助優惠方案】115年國旅平日住宿獎助＋生日券",24.009802,121.581386,開放資料,4.8,13,,https://www.taiwanstay.net.tw/TSA/web_page/TSA020200.jsp?hohi_id=34979
1442,近山左民宿,花蓮縣,花蓮市,民宿,0922238350-,花蓮縣花蓮市國福里6鄰沙基拉雅街98之1號,國旅補助優惠方案,,,10000,,2026-12-31,【國旅補助優惠方案】115年國旅平日住宿獎助＋生日券,24.009979,121.581344,開放資料,4.8,13,,https://www.taiwanstay.net.tw/TSA/web_page/TSA020200.jsp?hohi_id=34552
1443,過家家民宿,花蓮縣,花蓮市,民宿,0933674956,花蓮縣花蓮市國華里4鄰中山路411巷16號,平價優質旅宿,1800,業者自報,4200,,,【平價優質旅宿】平日雙人房售價：1800,23.982554,121.604099,開放資料,,,,https://www.taiwanstay.net.tw/TSA/web_page/TSA020200.jsp?hohi_id=23353
1444,鄢室民宿,花蓮縣,花蓮市,民宿,0988518161,花蓮縣花蓮市忠孝街22號,國旅補助優惠方案,,,2400,,2026-12-31,【國旅補助優惠方案】鄢室民宿｜平日住宿加碼優惠凡使用115年國旅平日住宿獎助或生日券入住鄢室民宿，即可享有免費迎賓點心、飲品無限享用，入住期間皆可自由取用；免費寄放行李服務，讓旅程更加從容自在。邀請您放慢腳步，在舒適寧靜的空間中，享受花蓮慢旅行。,23.972394,121.607793,開放資料,4.8,111,,https://www.taiwanstay.net.tw/TSA/web_page/TSA020200.jsp?hohi_id=26156
1445,重飛/Go Around民宿,花蓮縣,花蓮市,民宿,0978733735-,花蓮縣花蓮市主力里24鄰林森路80號,國旅補助優惠方案,,,4300,,2026-12-31,【國旅補助優惠方案】115年國旅平日住宿獎助＋生日券,23.976418,121.597983,開放資料,5,728,,https://www.taiwanstay.net.tw/TSA/web_page/TSA020200.jsp?hohi_id=28472
1446,阿里巴巴運動休閒民宿,花蓮縣,花蓮市,民宿,097595404603-8339715,花蓮縣花蓮市主農里中順街132號,國旅補助優惠方案,,,3000,,2026-12-31,【國旅補助優惠方案】115年國旅平日住宿獎助＋生日券不分平日和假日房價打9折(不含早餐),23.97009,121.595928,開放資料,4.4,243,,https://www.taiwanstay.net.tw/TSA/web_page/TSA020200.jsp?hohi_id=76
1447,雀客藏居花蓮林森,花蓮縣,花蓮市,旅館,03-8350666,花蓮縣花蓮市主力里15鄰林森路33號,國旅補助優惠方案,,,3500,,2026-12-31,【國旅補助優惠方案】115年國旅平日住宿獎助＋生日券業者優惠方案,23.97547,121.59671,開放資料,4.6,567,https://www.checkinn.com.tw/?page_id=21710,https://www.taiwanstay.net.tw/TSA/web_page/TSA020200.jsp?hohi_id=16158
1448,雅漾民宿,花蓮縣,花蓮市,民宿,0905320035,花蓮縣花蓮市主計里10鄰信義街8號,國旅補助優惠方案,,,8800,,2026-12-31,【國旅補助優惠方案】歡迎使用115年國旅平日住宿獎助及生日券入住雅漾民宿！平日入住符合資格即可享政府住宿優惠，讓您輕鬆漫遊花蓮。民宿鄰近花蓮市區及東大門夜市，交通便利，提供舒適住宿環境。優惠依交通部觀光署活動規定辦理，入住時請配合出示相關資格證明，詳細補助內容以官方公告為準。,23.971951,121.606233,開放資料,4.5,322,,https://www.taiwanstay.net.tw/TSA/web_page/TSA020200.jsp?hohi_id=28546
1449,非凡假期大飯店,花蓮縣,花蓮市,旅館,03-8311757,花蓮縣花蓮市國威里7鄰民國路153號(1-8樓),平價優質旅宿,1650,業者自報,3300,,,【平價優質旅宿】平日雙人房售價：1650,23.980182,121.607451,開放資料,,,http://www.unique-holiday.com.tw,https://www.taiwanstay.net.tw/TSA/web_page/TSA020200.jsp?hohi_id=7721
1450,香榭雅居民宿,花蓮縣,花蓮市,民宿,0920277633-,花蓮縣花蓮市主勤里9鄰南京街306巷10號,國旅補助優惠方案,,,4000,,2026-12-31,【國旅補助優惠方案】住宿二人房二日可直接入住無須付費,23.975407,121.607541,開放資料,4.5,219,,https://www.taiwanstay.net.tw/TSA/web_page/TSA020200.jsp?hohi_id=2812
1451,瑞穗溫泉旅社,花蓮縣,萬榮鄉,旅館,03-8872170,花蓮縣萬榮鄉紅葉村1鄰紅葉23號,國旅補助優惠方案,,,3000,,2026-12-31,【國旅補助優惠方案】瑞穗溫泉旅社參加+115年國旅平日住宿獎助＋生日券活動,23.496576,121.343606,開放資料,,,,https://www.taiwanstay.net.tw/TSA/web_page/TSA020200.jsp?hohi_id=10669
1452,後山，我的家民宿,花蓮縣,鳳林鎮,民宿,0955883189,花蓮縣鳳林鎮林榮里永豐路31號,平價優質旅宿,2600,業者自報,6500,,,【平價優質旅宿】平日雙人房售價：2600,23.799145,121.476391,開放資料,,,,https://www.taiwanstay.net.tw/TSA/web_page/TSA020200.jsp?hohi_id=12632
1453,有情天地,花蓮縣,鳳林鎮,民宿,093803309503-8763119,花蓮縣鳳林鎮鳳仁里16鄰公園路50巷2弄7號,平價優質旅宿,1800,業者自報,2000,,,【平價優質旅宿】平日雙人房售價：1800,23.747984,121.450182,開放資料,,,https://www.loveland-tw.net/,https://www.taiwanstay.net.tw/TSA/web_page/TSA020200.jsp?hohi_id=2920
1454,芳草古樹花園民宿,花蓮縣,鳳林鎮,民宿,098853776603-8760437,花蓮縣鳳林鎮大榮里19鄰中和路71號之1,平價優質旅宿,2000,業者自報,3060,,,【平價優質旅宿】平日雙人房售價：2000(無早餐),23.746709,121.454007,開放資料,,,http://fangshuh.com.tw,https://www.taiwanstay.net.tw/TSA/web_page/TSA020200.jsp?hohi_id=1618
1455,哦!宿喔民宿,臺東縣,卑南鄉,民宿,0978163308-,臺東縣卑南鄉明峰村文泰路80號,平價優質旅宿,2000,業者自報,4500,,,"【平價優質旅宿】平日雙人房售價：2,000（不含早餐）",22.853596,121.099902,開放資料,,,,https://www.taiwanstay.net.tw/TSA/web_page/TSA020200.jsp?hohi_id=10734
1456,悅來民宿,臺東縣,卑南鄉,民宿,0911212123-,臺東縣卑南鄉太平村民生路197號,國旅補助優惠方案,,,2600,1500,2026-12-31,【國旅補助優惠方案】悦來民宿平日房型價格：*雙人房1500元*雙人房(二張單床)1500元*四人房2500元*以上房型均不提供早餐*國外網路訂房平台booking和agoda皆不適用補助。*直接和悦來民宿訂房才可補助。訂房專線：0911212123董媽0911212122董爸,22.786599,121.095165,開放資料,4.5,99,http://taitunghouse.pixnet.net/blog,https://www.taiwanstay.net.tw/TSA/web_page/TSA020200.jsp?hohi_id=3675
1457,福鹿民宿,臺東縣,卑南鄉,民宿,0936370168-,臺東縣卑南鄉初鹿村12鄰初鹿三街25號,平價優質旅宿,1300,業者自報,5000,,,【平價優質旅宿】平日雙人房售價：1300(平日無早餐),22.85911,121.09116,開放資料,,,http://fulu.yoyotaitung.com.tw/,https://www.taiwanstay.net.tw/TSA/web_page/TSA020200.jsp?hohi_id=2273
1458,英倫爵士民宿,臺東縣,卑南鄉,民宿,0911616190-,臺東縣卑南鄉太平路213-1號,國旅補助優惠方案,,,5000,,2026-12-31,【國旅補助優惠方案】115年國旅平日住宿獎助+生日劵業者自提優惠方案,22.77945,121.08805,開放資料,,,,https://www.taiwanstay.net.tw/TSA/web_page/TSA020200.jsp?hohi_id=10055
1459,醇旅民宿,臺東縣,卑南鄉,民宿,0966909118-,臺東縣卑南鄉利嘉村利民路89-1號,平價優質旅宿,1800,業者自報,2835,,,【平價優質旅宿】平日雙人房售價：1800,22.77251,121.06225,開放資料,,,https://www.facebook.com/RichTravel1/,https://www.taiwanstay.net.tw/TSA/web_page/TSA020200.jsp?hohi_id=15900
1460,愛咪臥客民宿,臺東縣,太麻里鄉,民宿,089-512807,臺東縣太麻里鄉美和村美和49號,平價優質旅宿,1980,業者自報,4000,,,【平價優質旅宿】平日雙人房售價：1980,22.684984,121.046677,開放資料,,,,https://www.taiwanstay.net.tw/TSA/web_page/TSA020200.jsp?hohi_id=19092
1461,打個蛋海旅民宿,臺東縣,太麻里鄉,民宿,0975519525089-771551,臺東縣太麻里鄉金崙村金崙129號,平價優質旅宿,3000,業者自報,4600,,,【平價優質旅宿】平日雙人房售價：3000(下午茶+晚餐),22.531407,120.966364,開放資料,,,,https://www.taiwanstay.net.tw/TSA/web_page/TSA020200.jsp?hohi_id=7778
1462,環山雅築,臺東縣,太麻里鄉,民宿,0931377937-,臺東縣太麻里鄉大王村佳崙292號,平價優質旅宿,2000,業者自報,3500,,,【平價優質旅宿】平日雙人房售價：2000,22.64512,120.96003,開放資料,,,,https://www.taiwanstay.net.tw/TSA/web_page/TSA020200.jsp?hohi_id=34586
1463,光美的家民宿,臺東縣,成功鎮,民宿,0938006522-,臺東縣成功鎮三民里富榮路27號,平價優質旅宿,2200,業者自報,800,,,【平價優質旅宿】平日雙人房售價：2200,23.102664,121.369943,開放資料,,,,https://www.taiwanstay.net.tw/TSA/web_page/TSA020200.jsp?hohi_id=35644
1464,千成湯海,臺東縣,成功鎮,民宿,089-841686,臺東縣成功鎮信義里9鄰都歷新村路2-3號,平價優質旅宿,2300,業者自報,3200,,,【平價優質旅宿】平日雙人房售價：2300,23.009685,121.323888,開放資料,,,,https://www.taiwanstay.net.tw/TSA/web_page/TSA020200.jsp?hohi_id=2324
1465,喜比民宿,臺東縣,成功鎮,民宿,0927595208-,臺東縣成功鎮三仙里白蓮路122號,國旅補助優惠方案,,,5000,,2026-12-31,【國旅補助優惠方案】115年國旅平日住宿獎助＋生日券業者優惠方案,23.128359,121.400629,開放資料,4.9,277,,https://www.taiwanstay.net.tw/TSA/web_page/TSA020200.jsp?hohi_id=28478
1466,奧麗雅安莊園民宿,臺東縣,成功鎮,民宿,0988800085-,臺東縣成功鎮小馬路134-18號,國旅補助優惠方案,,,9800,800、1000、1200,2026-12-31,"【國旅補助優惠方案】(1)於平日（週日至週四，不含國定假日及其連續假期）入住參與獎助活動之旅宿時得予折抵。(2)每人最多得折抵二晚住宿，且須連續入住使用（兩晚可入住不同地區或不同之旅宿，惟入住日期須連續）。(3)每房每晚依實際住宿房價，每人折抵金額如下：A.一般地區：第一晚最多折抵新臺幣800元、第二晚最多折抵新臺幣1,200元生日券獎助活動：(1)本署訂於115年8月17日（星期一）抽籤並自翌日起陸續寄送中獎通知予中獎旅客（1-12月每月1,000名生日券中獎者）。(2)中獎旅客本人得於115年9月1日至12月31日止之平日（週日至週四，不含國定假日及其連續假期）入住參與獎助活動之旅宿時使用。(3)折抵金額：每房每晚依實際住宿房價最多折抵新臺幣1,200元，每人限使用一晚，每房每晚限折抵一次；得與平日住宿獎助併用。3.獎助僅能折抵於住宿費：折抵金額以每房每晚實際住宿房價為上限1.旅宿業者得受理之訂房方式如下：(1)旅客直接訂房：官網、電話等（住宿劵等商品（服務）禮券不適用）。",23.007007,121.318975,開放資料,5,301,,https://www.taiwanstay.net.tw/TSA/web_page/TSA020200.jsp?hohi_id=28286
1467,山海高台民宿,臺東縣,成功鎮,民宿,0916256241-,臺東縣成功鎮高台路60-30號,平價優質旅宿,2680,業者自報,2980,,,【平價優質旅宿】平日雙人房售價：2680不含早餐,23.127326,121.388639,開放資料,,,,https://www.taiwanstay.net.tw/TSA/web_page/TSA020200.jsp?hohi_id=31879
1468,愛的筵宴所民宿,臺東縣,成功鎮,民宿,0989167786-,臺東縣成功鎮都歷路303號,平價優質旅宿,2500,業者自報,1500,,,【平價優質旅宿】平日雙人房售價：2500,23.030149,121.333866,開放資料,,,,https://www.taiwanstay.net.tw/TSA/web_page/TSA020200.jsp?hohi_id=28465
1469,擁月星宿民宿,臺東縣,成功鎮,民宿,089-841639,臺東縣成功鎮信義里豐田路25-1號,國旅補助優惠方案,,,7300,,2026-12-31,【國旅補助優惠方案】優惠內容同國旅補助內容。,23.049577,121.342875,開放資料,4.4,244,https://www.fujangvilla.com.tw/,https://www.taiwanstay.net.tw/TSA/web_page/TSA020200.jsp?hohi_id=18055
1470,木頭魚民宿,臺東縣,成功鎮,民宿,0963929778-,臺東縣成功鎮信義里都歷路246-28號,平價優質旅宿,2200,業者自報,2200,,,【平價優質旅宿】平日雙人房售價：2200,23.032172,121.331006,開放資料,,,,https://www.taiwanstay.net.tw/TSA/web_page/TSA020200.jsp?hohi_id=8093
1471,梅花鹿庭園民宿,臺東縣,成功鎮,民宿,0933657620-,臺東縣成功鎮三民里20鄰三民路166-1號,平價優質旅宿,2200,業者自報,4200,,,【平價優質旅宿】平日雙人房售價：2200,23.10573,121.37791,開放資料,,,,https://www.taiwanstay.net.tw/TSA/web_page/TSA020200.jsp?hohi_id=5581
1472,眠花糖民宿,臺東縣,成功鎮,民宿,0958369842089-852898,臺東縣成功鎮忠仁里中華路104號,國旅補助優惠方案,,,7500,,2026-12-31,【國旅補助優惠方案】即日起即可預訂，9月1日起入住成功鎮眠花糖民宿，符合活動資格即可依規定申請國旅補助，讓您的旅程更輕鬆、更划算！ 補助適用期間 平日住宿優惠｜9/1－11/30 壽星住宿優惠｜9/1－12/31（限本人入住） 兩項優惠可依活動規定合併使用。來成功，不只是吃豆花、品嚐海鮮，還能入住高級五星的房間，享受慢步調的旅行時光 補助名額及經費有限，依政府公告辦理，額滿將提前截止，建議提早規劃、提早預訂！,23.10099,121.37974,開放資料,5,325,,https://www.taiwanstay.net.tw/TSA/web_page/TSA020200.jsp?hohi_id=38472
1473,睿凡的家民宿,臺東縣,成功鎮,民宿,093560293802-89853168,臺東縣成功鎮麒麟路88-1號,國旅補助優惠方案,,,2800,800、1200,2026-12-31,【國旅補助優惠方案】平日住宿除國旅助第一晚800、第二晚1200，業者再優惠200+生日券再優惠200,23.09451,121.35991,開放資料,4.9,36,,https://www.taiwanstay.net.tw/TSA/web_page/TSA020200.jsp?hohi_id=420
1474,采楓觀海度假民宿,臺東縣,成功鎮,民宿,0932930089-,臺東縣成功鎮信義里10鄰都歷1-26號,平價優質旅宿,3200,業者自報,6000,,,【平價優質旅宿】平日雙人房售價：3200,23.02279,121.32527,開放資料,,,,https://www.taiwanstay.net.tw/TSA/web_page/TSA020200.jsp?hohi_id=4128
1475,馬可樓民宿,臺東縣,成功鎮,民宿,089-841849,臺東縣成功鎮豐田路28-1號,國旅補助優惠方案,,,5500,,2026-12-31,【國旅補助優惠方案】馬可樓民宿（民宿編號：1028）位於台灣東部海岸線成功鎮八嗡嗡原民部落位址，是擁抱太平洋，徜徉海岸山脈的好地方。隨著冬北季風，冷熱氣流的交錯，海岸山脈每天都呈現出不同的山嵐景色，有如神國般的意境。夏季的夜晚，正有一條銀河帶由馬可樓上方畫過……。需要遠離塵囂，讓靈、心、身充分舒解的您，誠摯的邀請您來一趟台東――馬可樓民宿，接受我們來自靈深處的熱情款待。,23.049703,121.342808,開放資料,4.9,584,,https://www.taiwanstay.net.tw/TSA/web_page/TSA020200.jsp?hohi_id=20082
1476,Mr.M都蘭民宿,臺東縣,東河鄉,民宿,0918552994-,臺東縣東河鄉都蘭村16鄰都蘭35-5號,國旅補助優惠方案,,,6000,,2026-12-31,【國旅補助優惠方案】115年國旅平日住宿獎助+生日券業者優惠方案,22.87181,121.223324,開放資料,5,110,,https://www.taiwanstay.net.tw/TSA/web_page/TSA020200.jsp?hohi_id=37719
1477,南八里民宿,臺東縣,東河鄉,民宿,0913560553-,臺東縣東河鄉興昌村南八里11-5號,平價優質旅宿,2600,業者自報,4200,,,【平價優質旅宿】平日雙人房售價：2600,22.89548,121.23749,開放資料,,,https://nanbali.tdbnb.net/,https://www.taiwanstay.net.tw/TSA/web_page/TSA020200.jsp?hohi_id=15392
1478,台東霖園海景別莊休閒民宿,臺東縣,東河鄉,民宿,0905656635089-541253,臺東縣東河鄉隆昌村七里橋1-1號,平價優質旅宿,2000,業者自報,3600,,,【平價優質旅宿】平日雙人房售價：2000,22.935996,121.276124,開放資料,,,http://linyuan.ttcplay.tw/,https://www.taiwanstay.net.tw/TSA/web_page/TSA020200.jsp?hohi_id=6752
1479,大姆灣民宿,臺東縣,東河鄉,民宿,0905167717-,臺東縣東河鄉都蘭村舊部14-9號,國旅補助優惠方案,,,5600,,2026-12-31,【國旅補助優惠方案】加碼每人一杯迎賓茶（繽紛愛玉博士茶）冷熱皆可（可擇一）（曾經榮獲高雄市伴手禮雙冠王殊榮） 本民宿有權利保留活動更新及異動,22.88225,121.23971,開放資料,4.6,71,,https://www.taiwanstay.net.tw/TSA/web_page/TSA020200.jsp?hohi_id=20631
1480,太陽屋民宿,臺東縣,東河鄉,民宿,089-896043,臺東縣東河鄉東河村20鄰北東河125號,平價優質旅宿,1800,業者自報,3000,,,【平價優質旅宿】平日雙人房售價：1800,22.974058,121.303946,開放資料,,,,https://www.taiwanstay.net.tw/TSA/web_page/TSA020200.jsp?hohi_id=11496
1481,心適都蘭民宿,臺東縣,東河鄉,民宿,0918007847-,臺東縣東河鄉都蘭村33鄰都蘭281之1號,國旅補助優惠方案,,,6000,,2026-12-31,【國旅補助優惠方案】115年國旅平日住宿獎助＋生日券,22.873647,121.225846,開放資料,4.9,259,https://www.facebook.com/comfyinndulan281,https://www.taiwanstay.net.tw/TSA/web_page/TSA020200.jsp?hohi_id=33652
1482,星辰驛棧民宿,臺東縣,東河鄉,民宿,089-531358,臺東縣東河鄉都蘭村都蘭39-2號,平價優質旅宿,2000,業者自報,3000,,,【平價優質旅宿】平日雙人房售價：2000不含早餐,22.87139,121.22657,開放資料,,,,https://www.taiwanstay.net.tw/TSA/web_page/TSA020200.jsp?hohi_id=4363
1483,石一方,臺東縣,東河鄉,民宿,0939075115-,臺東縣東河鄉都蘭村18鄰都蘭59之5號,平價優質旅宿,3500,業者自報,8000,,,【平價優質旅宿】平日雙人房售價：3500,22.87549,121.22187,開放資料,,,https://www.facebook.com/stoneparty595,https://www.taiwanstay.net.tw/TSA/web_page/TSA020200.jsp?hohi_id=3974
1484,落花鉎民宿,臺東縣,東河鄉,民宿,0932217470-,臺東縣東河鄉都蘭村都蘭420-9號,國旅補助優惠方案,,,1800,,2026-11-30,【國旅補助優惠方案】國旅補助優惠方案,22.87621,121.22634,開放資料,3.5,114,,https://www.taiwanstay.net.tw/TSA/web_page/TSA020200.jsp?hohi_id=18913
1485,金樽有晴月海景民宿,臺東縣,東河鄉,民宿,0921767882-,臺東縣東河鄉東河村金樽160號,平價優質旅宿,3200,業者自報,4500,,,【平價優質旅宿】平日雙人房售價：3200,22.96105,121.29233,開放資料,,,,https://www.taiwanstay.net.tw/TSA/web_page/TSA020200.jsp?hohi_id=7960
1486,儷池人文旅宿,臺東縣,池上鄉,民宿,0988304686-,臺東縣池上鄉福原村15鄰仁愛路292號,平價優質旅宿,3500,業者自報,2000,,,"【平價優質旅宿】平日雙人房售價：3,500（無早餐）",23.123821,121.221836,開放資料,,,,https://www.taiwanstay.net.tw/TSA/web_page/TSA020200.jsp?hohi_id=32156
1487,好和民宿,臺東縣,池上鄉,民宿,089-862809,臺東縣池上鄉萬安村10鄰龍仔尾11號,平價優質旅宿,2500,業者自報,3500,,,【平價優質旅宿】平日雙人房售價：2500,23.092137,121.211863,開放資料,,,,https://www.taiwanstay.net.tw/TSA/web_page/TSA020200.jsp?hohi_id=21797
1488,小米院子民宿,臺東縣,池上鄉,民宿,0953522020-,臺東縣池上鄉福原村15鄰慶福路52巷5號,平價優質旅宿,1280,業者自報,3600,,,【平價優質旅宿】平日雙人房售價：1280(無早餐),23.125146,121.221885,開放資料,,,,https://www.taiwanstay.net.tw/TSA/web_page/TSA020200.jsp?hohi_id=35100
1489,池上五一五九懷舊民宿,臺東縣,池上鄉,民宿,0931281676-,臺東縣池上鄉福原村5鄰仁愛路12號,國旅補助優惠方案,,,2400,800、1200,2026-12-31,【國旅補助優惠方案】民國115年9月1號到11月30號，週日到週四，可以申請國旅補助，第一晚折抵800元，第二晚折抵1200元，若有抽中生日補助金再折抵1200元，但折抵金額不能超過當晚房價的上限,23.12019,121.21668,開放資料,4.7,261,,https://www.taiwanstay.net.tw/TSA/web_page/TSA020200.jsp?hohi_id=3155
1490,稻浪九五八民宿,臺東縣,池上鄉,民宿,0912198958-,臺東縣池上鄉福源村5鄰仁愛路10號,國旅補助優惠方案,,,2000,,2026-12-31,【國旅補助優惠方案】115年國旅平日住宿獎助＋生日券,23.120184,121.216662,開放資料,5,62,,https://www.taiwanstay.net.tw/TSA/web_page/TSA020200.jsp?hohi_id=28490
1491,米樂文旅民宿,臺東縣,池上鄉,民宿,0912634685-,臺東縣池上鄉新興村9鄰新興94之19號,平價優質旅宿,2500,業者自報,3000,,,【平價優質旅宿】平日雙人房售價：2500,23.10756,121.20144,開放資料,,,,https://www.taiwanstay.net.tw/TSA/web_page/TSA020200.jsp?hohi_id=23082
1492,上園民宿,臺東縣,綠島鄉,民宿,0939735765-,臺東縣綠島鄉南寮村漁港17-1號,國旅補助優惠方案,,,3600,,2026-12-31,【國旅補助優惠方案】連續住兩個晚上非常優惠，歡迎大家來玩，享受島嶼的慢活！,22.662754,121.473286,開放資料,4.7,185,http://sy.ludao.tw,https://www.taiwanstay.net.tw/TSA/web_page/TSA020200.jsp?hohi_id=28372
1493,山仔腳民宿,臺東縣,綠島鄉,民宿,0928297517089-672337,臺東縣綠島鄉中寮村5鄰115-1號,國旅補助優惠方案,,,1200,,2026-12-31,【國旅補助優惠方案】115年國旅平日住宿獎助＋生日券,22.67513,121.47009,開放資料,,,,https://www.taiwanstay.net.tw/TSA/web_page/TSA020200.jsp?hohi_id=1333
1494,236寓所民宿,臺東縣,臺東市,民宿,0931930383-,臺東縣臺東市興盛路236號,國旅補助優惠方案,,,3000,800、1200,2026-12-31,"【國旅補助優惠方案】雙人房1400元;四人房2500元;家庭房3000元按平日房價第一晚折抵800元,第二晚折抵1200元",22.789378,121.12655,開放資料,5,32,https://drive.google.com/file/d/1nLsuiZgtPlaUhlSba775CvykrBVWTLd1/view?usp=sharing,https://www.taiwanstay.net.tw/TSA/web_page/TSA020200.jsp?hohi_id=30948
1495,3520民宿,臺東縣,臺東市,民宿,0912993520-,臺東縣臺東市新站二街38號,國旅補助優惠方案,,,6000,800、1200,2026-12-31,【國旅補助優惠方案】3520民宿配合國旅住宿獎勵及生日券活動115/9/1起，平日入住第一晚可折抵800元，續住可再折抵1200元，可再搭配生日券，輕鬆暢遊台東。活動期間、辦法依交通部觀光署活動說明為主。,22.789666,121.125386,開放資料,4.7,275,,https://www.taiwanstay.net.tw/TSA/web_page/TSA020200.jsp?hohi_id=6371
1496,一品苑民宿,臺東縣,臺東市,民宿,0932923009-,臺東縣臺東市新興路一巷61弄20號,平價優質旅宿,2000,業者自報,4500,,,【平價優質旅宿】平日雙人房售價：2000(無早餐),22.79227,121.12939,開放資料,,,,https://www.taiwanstay.net.tw/TSA/web_page/TSA020200.jsp?hohi_id=22041
1497,上弦月民宿,臺東縣,臺東市,民宿,0966733338-,臺東縣臺東市岩灣里1鄰文昌路123號,平價優質旅宿,1600,業者自報,3600,,,【平價優質旅宿】平日雙人房售價：1600(不含早餐),22.79093,121.12384,開放資料,,,https://www.tanghome.com.tw/,https://www.taiwanstay.net.tw/TSA/web_page/TSA020200.jsp?hohi_id=17551
1498,中華典藏商旅,臺東縣,臺東市,旅館,089-322369,臺東縣臺東市中華路1段420號,平價優質旅宿,1800,業者自報,5000,,,【平價優質旅宿】平日雙人房售價：1800,22.753625,121.152302,開放資料,,,http://www.zhotel.com.tw,https://www.taiwanstay.net.tw/TSA/web_page/TSA020200.jsp?hohi_id=2287
1499,丰綺會館,臺東縣,臺東市,旅館,089-342288,臺東縣臺東市和平街146號,國旅補助優惠方案、平價優質旅宿,2000,業者自報,9800,,2026-12-31,"【國旅補助優惠方案】除了電話訂房優惠之外，加入丰綺LINE@，也有訂房優惠喔！訂房專線：089-342288LINE@小幫手:@pxe1564k

【平價優質旅宿】平日雙人房售價：2000",22.75314,121.152349,開放資料,4.5,877,,https://www.taiwanstay.net.tw/TSA/web_page/TSA020200.jsp?hohi_id=21969
1500,伊塔原旅臺東縣原住民文化會館,臺東縣,臺東市,旅館,089-340605,臺東縣臺東市中山路10號,平價優質旅宿,1500,業者自報,5060,1500,,【平價優質旅宿】平日雙人房售價：1500,22.762245,121.157359,開放資料,,,,https://www.taiwanstay.net.tw/TSA/web_page/TSA020200.jsp?hohi_id=3627
1501,佳慧民宿,臺東縣,臺東市,民宿,089-350224,臺東縣臺東市豐榮路260號,平價優質旅宿,1800,業者自報,5000,,,【平價優質旅宿】平日雙人房售價：1800,22.751624,121.134385,開放資料,,,,https://www.taiwanstay.net.tw/TSA/web_page/TSA020200.jsp?hohi_id=14844
1502,俗離居,臺東縣,臺東市,民宿,0937212818-,臺東縣臺東市甘泉街97號,國旅補助優惠方案、平價優質旅宿,2400,業者自報,6800,,2026-12-31,"【國旅補助優惠方案】「平日住宿獎助」、「生日券」及「TaiwanPASS住宿抵用券」

【平價優質旅宿】平日雙人房售價：2400",22.75728,121.13712,開放資料,4.8,116,https://booking.owlting.com/su_li_g,https://www.taiwanstay.net.tw/TSA/web_page/TSA020200.jsp?hohi_id=19281
1503,倆人侘民宿,臺東縣,臺東市,民宿,0937212818-,臺東縣臺東市自強里26鄰漢中街185巷46弄39號,平價優質旅宿,2400,業者自報,7200,,,"【平價優質旅宿】平日雙人房售價：2,400不含早餐",22.759006,121.135128,開放資料,,,,https://www.taiwanstay.net.tw/TSA/web_page/TSA020200.jsp?hohi_id=32817
1504,凱旋星光酒店,臺東縣,臺東市,旅館,089-329588,臺東縣臺東市臨海路1段38號,平價優質旅宿,2200,業者自報,6000,,,【平價優質旅宿】平日雙人房售價：2200,22.756122,121.161865,開放資料,,,http://www.kaishotel.com,https://www.taiwanstay.net.tw/TSA/web_page/TSA020200.jsp?hohi_id=13259
1505,千晴民宿,臺東縣,臺東市,民宿,0965521616-,臺東縣臺東市勝利街76巷16弄6號,國旅補助優惠方案,2300,業者官網,8000,,2026-12-31,【國旅補助優惠方案】生日當天入住優惠500元每日一位壽星優惠！,22.763683,121.155963,開放資料,4.9,189,https://qianging.yoyotaitung.com.tw/,https://www.taiwanstay.net.tw/TSA/web_page/TSA020200.jsp?hohi_id=31623
1506,卡布奇諾民宿,臺東縣,臺東市,民宿,0932745732-,臺東縣臺東市岩灣里2鄰興安路一段173號,平價優質旅宿,1500,業者自報,7000,1500,,【平價優質旅宿】平日雙人房售價：1500,22.78921,121.12723,開放資料,,,,https://www.taiwanstay.net.tw/TSA/web_page/TSA020200.jsp?hohi_id=37957
1507,友愛山序漫旅,臺東縣,臺東市,旅館,0906574688089-359999,臺東縣臺東市大同路141號6.7.8樓,國旅補助優惠方案,,,6000,800、1000、1200,2026-12-31,【國旅補助優惠方案】一、只住1晚(含早餐)1、雙人房：專案價$1800-補助第1晚$800=$1000（若是第住2晚$1800-$1200=$600）2、三人房：再補$5003、四人房：再補$1000二、連住2晚(含早餐，續住不整房)1、雙人房：專案連住價只要$3000-補助2晚$2000=$10002、三人房：再補$10003、四人房：再補$2000三、國旅補助專案，再加贈：1.大廳MiniBar：熱咖啡/奶茶/巧克力等無限暢飲、零食/餅乾等。2.伴手禮優惠/折價券。3.美食/旅遊景點地圖。,22.75254,121.15362,開放資料,,,https://yoairoam.hexa.tw/,https://www.taiwanstay.net.tw/TSA/web_page/TSA020200.jsp?hohi_id=10009
1508,可拉庭園民宿,臺東縣,臺東市,民宿,0926371802-,臺東縣臺東市新站二街15號,國旅補助優惠方案、平價優質旅宿,2200,業者自報,4200,,2026-12-31,"【國旅補助優惠方案】住宿當月生日95折優惠

【平價優質旅宿】平日雙人房售價：2200",22.78946,121.12596,開放資料,4.7,58,http://kola.yoyotaitung.com.tw/,https://www.taiwanstay.net.tw/TSA/web_page/TSA020200.jsp?hohi_id=14426
1509,台東假期商旅,臺東縣,臺東市,旅館,089-226555,臺東縣臺東市四維路三段88號,國旅補助優惠方案,,,7000,,2026-12-31,【國旅補助優惠方案】115年國旅平日住宿獎助＋生日券平日優惠方案商務標準房(一大床)$3200經典雙人房(一大床)$3500經典雙人房(二床)$3800溫馨親子房(二大床)$3500以上皆含早餐晚餐,22.765908,121.142704,開放資料,,,http://www.vacation-hotel.com.tw,https://www.taiwanstay.net.tw/TSA/web_page/TSA020200.jsp?hohi_id=10662
1510,台東幸運草民宿,臺東縣,臺東市,民宿,0956026268-,臺東縣臺東市樂利路57巷18號,平價優質旅宿,2200,業者自報,4000,,,【平價優質旅宿】平日雙人房售價：2200,22.79865,121.12833,開放資料,,,,https://www.taiwanstay.net.tw/TSA/web_page/TSA020200.jsp?hohi_id=4873
1511,台東的家民宿,臺東縣,臺東市,民宿,089-328176,臺東縣臺東市開封街805巷16號,平價優質旅宿,1500,業者自報,2500,1500,,【平價優質旅宿】平日雙人房售價：1500,22.757514,121.136095,開放資料,,,,https://www.taiwanstay.net.tw/TSA/web_page/TSA020200.jsp?hohi_id=4103
1512,台東藍民宿,臺東縣,臺東市,民宿,0925200035-,臺東縣臺東市岩灣里14鄰新站路63號,平價優質旅宿,1800,業者自報,6000,,,【平價優質旅宿】平日雙人房售價：1800,22.7965,121.125066,開放資料,,,,https://www.taiwanstay.net.tw/TSA/web_page/TSA020200.jsp?hohi_id=34301
1513,台東輕旅民宿,臺東縣,臺東市,民宿,0958331999-,臺東縣臺東市岩灣里14鄰新站路36號,平價優質旅宿,1620,業者自報,4000,,,【平價優質旅宿】平日雙人房售價：1620(淡季),22.79754,121.12503,開放資料,,,https://light-trip.shop089.com/,https://www.taiwanstay.net.tw/TSA/web_page/TSA020200.jsp?hohi_id=6402
1514,四季逗庭園民宿,臺東縣,臺東市,民宿,0937144568-,臺東縣臺東市中華路二段618巷116號,平價優質旅宿,1800,業者自報,3600,,,【平價優質旅宿】平日雙人房售價：1800,22.743855,121.124083,開放資料,,,,https://www.taiwanstay.net.tw/TSA/web_page/TSA020200.jsp?hohi_id=33851
1515,坤living民宿,臺東縣,臺東市,民宿,0912700072-,臺東縣臺東市漢中街185巷46弄45號,平價優質旅宿,2500,業者自報,4000,,,【平價優質旅宿】平日雙人房售價：2500,22.759108,121.13544,開放資料,,,,https://www.taiwanstay.net.tw/TSA/web_page/TSA020200.jsp?hohi_id=31830
1516,好時光電梯民宿,臺東縣,臺東市,民宿,0910979716-,臺東縣臺東市北安路52巷110號,國旅補助優惠方案,,,4500,1200、1500,2026-12-31,【國旅補助優惠方案】平日住宿優惠:1.兩位入住套房一晚1200元。2.三位入住套房一晚1500元。3.四位入住套房一晚1800元。生日優惠:當日壽星入住好時光電梯民宿一晚折抵100元。(壽星本人需入住並攜帶證件)(#註:1.國際訂房平台不適用。2.連續假期、節慶假日、跨年、春節不適用。),22.794506,121.128464,開放資料,4.8,39,,https://www.taiwanstay.net.tw/TSA/web_page/TSA020200.jsp?hohi_id=34411
1517,好舒適民宿,臺東縣,臺東市,民宿,0917574707-,臺東縣臺東市杭州街220巷30號,平價優質旅宿,1800,業者自報,2000,,,【平價優質旅宿】平日雙人房售價：1800,22.76219,121.14743,開放資料,,,,https://www.taiwanstay.net.tw/TSA/web_page/TSA020200.jsp?hohi_id=5394
1518,妙妙的家民宿,臺東縣,臺東市,民宿,0988761966-,臺東縣臺東市中興路三段275巷46弄12號,平價優質旅宿,1780,業者自報,5500,,,【平價優質旅宿】平日雙人房售價：1780,22.76977,121.11111,開放資料,,,,https://www.taiwanstay.net.tw/TSA/web_page/TSA020200.jsp?hohi_id=3359
1519,姑姑的家民宿,臺東縣,臺東市,民宿,0931094943,臺東縣臺東市興安路一段163巷10號,國旅補助優惠方案、平價優質旅宿,1400,業者自報,4000,,2026-12-31,"【國旅補助優惠方案】1.週日至週四平日住宿9折優惠2.週日至週四壽星本人入住可享85折優惠

【平價優質旅宿】平日雙人房售價：1400",22.789011,121.126992,開放資料,4.7,182,,https://www.taiwanstay.net.tw/TSA/web_page/TSA020200.jsp?hohi_id=2898
1520,孟鍹民宿,臺東縣,臺東市,民宿,0919999962-,臺東縣臺東市漢陽北路169巷64弄38號,平價優質旅宿,1680,業者自報,4000,,,【平價優質旅宿】平日雙人房售價：1680(不含早餐),22.74743,121.132564,開放資料,,,,https://www.taiwanstay.net.tw/TSA/web_page/TSA020200.jsp?hohi_id=34920
1521,寶貝豬民宿,臺東縣,臺東市,民宿,089-851515,臺東縣臺東市興安路一段163巷12號,平價優質旅宿,1800,業者自報,4500,,,【平價優質旅宿】平日雙人房售價：1800(無早餐),22.789117,121.126982,開放資料,,,https://www.tw5168.com.tw/hotelsite/rooms.php?uid=193,https://www.taiwanstay.net.tw/TSA/web_page/TSA020200.jsp?hohi_id=12027
1522,小木旅宿民宿,臺東縣,臺東市,民宿,0986796800-,臺東縣臺東市國泰街79號,國旅補助優惠方案,,,6000,,2026-12-31,【國旅補助優惠方案】小木旅宿民宿位於台東市，距離台東夜市5公里，距離卑南文化公園1.2公里。住宿享有山景，距離台東糖廠3.3公里，距離台東美術館4.4公里。民宿設有平面電視，並附設私人免費停車位。住宿距離台東故事館5公里，距離鯉魚山公園5公里，距離台東機場5公里。,22.796751,121.126274,開放資料,4.9,23,,https://www.taiwanstay.net.tw/TSA/web_page/TSA020200.jsp?hohi_id=35606
1523,小米那裡民宿,臺東縣,臺東市,民宿,0986880701-,臺東縣臺東市岩灣里1鄰興安路一段200巷21弄29號,國旅補助優惠方案,,,3500,,2026-12-31,【國旅補助優惠方案】⏰【限時特惠】政府全額補助！平日兩晚$0元免費住！你沒看錯，真的是全額補助！現在預訂【平日雙人房連續入住兩晚】，直接讓你免費住，現省數千元！ 限定好康：週日至週四入住限定 有感省錢：連續兩晚房費全免 殘酷現實：補助名額有限，額滿即提早截止！平日請假來玩最划算！聰明人都在搶，再慢一步就沒位置了！,22.791271,121.128228,開放資料,4.9,210,https://www.booking-owlnest.com/0c75a87a-b51c-4434-b73c-a34551b38a2f?lang=zh_TW&adult=1&child=0&infant=0,https://www.taiwanstay.net.tw/TSA/web_page/TSA020200.jsp?hohi_id=29883
1524,小豆旅宿民宿,臺東縣,臺東市,民宿,0908783560-,臺東縣臺東市國泰街65號,國旅補助優惠方案,,,5000,,2026-12-31,【國旅補助優惠方案】小豆旅宿民宿位在台東縣的台東市，靠近TaitungStation和卑南遺址，提供WiFi（免費）和免費私人停車位。XiaodouB&B設有附淋浴設施的私人衛浴，並提供平面電視、免費盥洗用品和吹風機。部分房型有露台和／或陽台。這間住宿距離TaitungNightMarket5.6公里，距離台東美術館4.7公里。台東機場距離住宿5公里。,22.797205,121.12626,開放資料,4.8,146,,https://www.taiwanstay.net.tw/TSA/web_page/TSA020200.jsp?hohi_id=30257
1525,小貓兩3隻民宿,臺東縣,臺東市,民宿,089-232012,臺東縣臺東市中興路二段90號,國旅補助優惠方案,,,3600,,2026-12-31,【國旅補助優惠方案】1.不限日期全年提供環保續住85折優惠。2.慢活台東二送一方案（寒暑假及連假不適用，方案不含早餐）＊住房優惠不適用線上訂房平台，需直接與民宿方聯絡，詳細內容請參考民宿官網或直接與我們聯絡。,22.766776,121.130718,開放資料,4.8,187,http://www.facebook.com/kittensbnb,https://www.taiwanstay.net.tw/TSA/web_page/TSA020200.jsp?hohi_id=19248
1526,小逗民宿,臺東縣,臺東市,民宿,0968605031-,臺東縣臺東市國泰街123號,國旅補助優惠方案,,,6000,,2026-12-31,【國旅補助優惠方案】小逗民宿臨近台東火車站，設有WiFi（免費）和免費私人停車位，距離TaitungStation600公尺，距離卑南遺址1.6公里，台東機場距離住宿5公里，TaitungNightMarket5.6公里。每個房型都設有陽台、空調、平面電視，以及私人衛浴，並提供淋浴設施和免費盥洗用品。,22.795718,121.126203,開放資料,4.8,156,,https://www.taiwanstay.net.tw/TSA/web_page/TSA020200.jsp?hohi_id=30236
1527,小馬民宿,臺東縣,臺東市,民宿,089-329488,臺東縣臺東市興安路一段97號,平價優質旅宿,1600,業者自報,3200,,,【平價優質旅宿】平日雙人房售價：1600,22.787231,121.127583,開放資料,,,,https://www.taiwanstay.net.tw/TSA/web_page/TSA020200.jsp?hohi_id=11707
1528,居佳民宿,臺東縣,臺東市,民宿,0988925755-,臺東縣臺東市漢口街30號,平價優質旅宿,1700,業者自報,6800,,,【平價優質旅宿】平日雙人房售價：1700,22.75983,121.14083,開放資料,,,,https://www.taiwanstay.net.tw/TSA/web_page/TSA020200.jsp?hohi_id=1567
1529,履舍民宿,臺東縣,臺東市,民宿,0987382795-,臺東縣臺東市光明路170號,國旅補助優惠方案,,,2400,,2026-12-31,【國旅補助優惠方案】此補助方案無法與網路平台訂房網的優惠共同使用，請擇一使用。,22.75462,121.15107,開放資料,,,https://www.facebook.com/Kk113Rw520/,https://www.taiwanstay.net.tw/TSA/web_page/TSA020200.jsp?hohi_id=10111
1530,布客森林民宿,臺東縣,臺東市,民宿,0910950922089-221210,臺東縣臺東市中興路2段43號,平價優質旅宿,2600,業者自報,6200,,,【平價優質旅宿】平日雙人房售價：2600,22.766139,121.131437,開放資料,,,http://www.booksnwoods.com,https://www.taiwanstay.net.tw/TSA/web_page/TSA020200.jsp?hohi_id=17615
1531,幸福肥屋民宿,臺東縣,臺東市,民宿,0955763461-,臺東縣臺東市更生北路293巷10號,國旅補助優惠方案,,,4600,,2026-12-31,【國旅補助優惠方案】＊續住優惠：住宿第二晚開始，每晚房價再減200元。＊攜帶毛小孩入住禮：免洗抗菌衛生浴巾、香皂塊、濕紙巾一包10抽、撿便便袋、尿墊、小零食。,22.78173,121.12004,開放資料,,,http://happyfatintaitung.weebly.com/,https://www.taiwanstay.net.tw/TSA/web_page/TSA020200.jsp?hohi_id=21185
1532,彩虹玻璃海民宿,臺東縣,臺東市,民宿,0900131803-,臺東縣臺東市安和路102巷108號,平價優質旅宿,1500,業者自報,5000,1500,,【平價優質旅宿】平日雙人房售價：1500,22.79874,121.12419,開放資料,,,,https://www.taiwanstay.net.tw/TSA/web_page/TSA020200.jsp?hohi_id=899
1533,快樂假期民宿,臺東縣,臺東市,民宿,0963396288-,臺東縣臺東市仁五街201號,平價優質旅宿,1800,業者自報,4800,,,【平價優質旅宿】平日雙人房售價：1800(四人房),22.768604,121.139011,開放資料,,,,https://www.taiwanstay.net.tw/TSA/web_page/TSA020200.jsp?hohi_id=24061
1534,怡靜民宿,臺東縣,臺東市,民宿,089-238773,臺東縣臺東市東糖街33巷6弄5號,平價優質旅宿,1750,業者自報,3500,,,【平價優質旅宿】平日雙人房售價：1750,22.765714,121.130102,開放資料,,,,https://www.taiwanstay.net.tw/TSA/web_page/TSA020200.jsp?hohi_id=632
1535,愛上台東藍民宿,臺東縣,臺東市,民宿,0921204888089-231989,臺東縣臺東市中興路3段275巷36弄1號,平價優質旅宿,2000,業者自報,6000,,,【平價優質旅宿】平日雙人房售價：2000,22.77007,121.11158,開放資料,,,http://www.tt089.com.tw/,https://www.taiwanstay.net.tw/TSA/web_page/TSA020200.jsp?hohi_id=20988
1536,愛上瑪黛民宿,臺東縣,臺東市,民宿,0912789490-,臺東縣臺東市吉泰路599巷28號,國旅補助優惠方案,,,4500,,2026-12-31,【國旅補助優惠方案】115年國旅[平日住宿獎助] [生日劵]及[Taiwan PASS住宿抵用劵],22.71217,121.05599,開放資料,4.9,171,,https://www.taiwanstay.net.tw/TSA/web_page/TSA020200.jsp?hohi_id=22037
1537,愛琴海寶莉會館民宿,臺東縣,臺東市,民宿,0905104039-,臺東縣臺東市建業里5鄰知本路三段398巷23號,平價優質旅宿,1800,業者自報,4500,,,【平價優質旅宿】平日雙人房售價：1800(無早餐),22.70806,121.04768,開放資料,,,,https://www.taiwanstay.net.tw/TSA/web_page/TSA020200.jsp?hohi_id=28475
1538,愛那思民宿,臺東縣,臺東市,民宿,0978110141-,臺東縣臺東市興安路二段30號,國旅補助優惠方案,,,5000,,2026-12-31,【國旅補助優惠方案】平日住宿優惠:背包客房平日住宿優惠一晚一床550元四人套房平日住宿優惠一晚7折優惠。(註:1.國際訂房平台不適用。2.平日為週日~週四，連續假期、節慶假日、跨年、春節不適用此優惠。)生日優惠:當日壽星入住愛那思民宿，提供延遲退房1小時睡飽飽優惠。,22.797096,121.126996,開放資料,4.5,67,,https://www.taiwanstay.net.tw/TSA/web_page/TSA020200.jsp?hohi_id=1550
1539,慢慢相遇民宿,臺東縣,臺東市,民宿,0963203173-,臺東縣臺東市興安路一段200巷21弄72號,國旅補助優惠方案,,,4000,800、1000、1200,2026-12-31,"【國旅補助優惠方案】1.平日住宿補助適用對象：本國國民自由行旅客適用時間：週日至週四入住（不含國定假日）補助內容：第一晚補助800元，若連續入住同一旅宿第二晚加碼1,200元，兩晚合計最高可領2,000元；若兩晚入住不同旅宿，則各晚僅補助800元，合計1,600元。2.生日住宿金每月抽出1,000名當月壽星，每人可獲1,200元住宿金使用期限至2026年底可與平日住宿補助疊加。",22.791002,121.128193,開放資料,5,59,,https://www.taiwanstay.net.tw/TSA/web_page/TSA020200.jsp?hohi_id=34617
1540,托斯卡尼民宿,臺東縣,臺東市,民宿,0978003121,臺東縣臺東市興安路一段169號,平價優質旅宿,2000,業者自報,4500,,,"【平價優質旅宿】平日雙人房售價：2,000(生命靈數體驗課程活動)",22.789249,121.127633,開放資料,,,,https://www.taiwanstay.net.tw/TSA/web_page/TSA020200.jsp?hohi_id=619
1541,放風inn民宿,臺東縣,臺東市,民宿,0933547801-,臺東縣臺東市成都南路1號,平價優質旅宿,2980,業者自報,6600,,,【平價優質旅宿】平日雙人房售價：2980,22.737675,121.125108,開放資料,,,,https://www.taiwanstay.net.tw/TSA/web_page/TSA020200.jsp?hohi_id=33542
1542,旅人驛站中正藏書館民宿,臺東縣,臺東市,民宿,089-328988,臺東縣臺東市中正路392巷15號,國旅補助優惠方案,,,8000,,2026-12-31,【國旅補助優惠方案】平日住宿享9折優惠（週日至週四，不含國定假日及其連續假期）,22.758499,121.150759,開放資料,4.3,459,,https://www.taiwanstay.net.tw/TSA/web_page/TSA020200.jsp?hohi_id=33787
1543,旅人驛站日暮微旅,臺東縣,臺東市,旅館,089-353300,"臺東縣臺東市中山路410,412,414號",國旅補助優惠方案,,,3000,,2026-12-31,【國旅補助優惠方案】平日住宿享9折優惠（週日至週四，不含國定假日及其連續假期）,22.757233,121.152497,開放資料,,,http://www.traveler-inn.com/,https://www.taiwanstay.net.tw/TSA/web_page/TSA020200.jsp?hohi_id=4615
1544,旅人驛站米豆文旅,臺東縣,臺東市,旅館,089-318866,臺東縣臺東市中華路一段237號,國旅補助優惠方案,,,4000,,2026-12-31,【國旅補助優惠方案】平日住宿享9折優惠（週日至週四，不含國定假日及其連續假期）,22.756299,121.155239,開放資料,4.5,3458,http://www.traveler-inn.com/hotel.php?id=32,https://www.taiwanstay.net.tw/TSA/web_page/TSA020200.jsp?hohi_id=9814
1545,旅人驛站鐵花館,臺東縣,臺東市,旅館,089-352200,臺東縣臺東市中山路402號1-6樓,國旅補助優惠方案、平價優質旅宿,2400,業者自報,3000,,2026-12-31,"【國旅補助優惠方案】平日住宿享9折優惠（週日至週四，不含國定假日及其連續假期）

【平價優質旅宿】平日雙人房售價：2400",22.753012,121.147538,開放資料,4.5,5232,http://www.traveller-inn.com,https://www.taiwanstay.net.tw/TSA/web_page/TSA020200.jsp?hohi_id=2392
1546,旅人驛站鐵道館,臺東縣,臺東市,旅館,089-357700,臺東縣臺東市鐵花路296號,國旅補助優惠方案,,,4000,,2026-12-31,【國旅補助優惠方案】平日住宿享9折優惠（週日至週四，不含國定假日及其連續假期）,22.75151,121.148115,開放資料,,,http://www.traveler-inn.com/,https://www.taiwanstay.net.tw/TSA/web_page/TSA020200.jsp?hohi_id=1092
1547,星光民宿,臺東縣,臺東市,民宿,089-228330,臺東縣臺東市志航路1段477巷39號,平價優質旅宿,1600,業者自報,4000,,,【平價優質旅宿】平日雙人房售價：1600,22.787347,121.129399,開放資料,,,,https://www.taiwanstay.net.tw/TSA/web_page/TSA020200.jsp?hohi_id=866
1548,星棧101民宿,臺東縣,臺東市,民宿,089-238101,臺東縣臺東市興盛路349號,平價優質旅宿,1600,業者自報,2400,,,【平價優質旅宿】平日雙人房售價：1600,22.792334,121.126522,開放資料,,,,https://www.taiwanstay.net.tw/TSA/web_page/TSA020200.jsp?hohi_id=9800
1549,時尚玩家民宿,臺東縣,臺東市,民宿,0905371220089-357095,臺東縣臺東市岩灣里1鄰新站二街29號,國旅補助優惠方案,,,4000,800、1000,2026-12-31,【國旅補助優惠方案】平日住宿優惠:1.單人入住套房一晚800元。2.兩位入住套房一晚1000元。3.四位入住套房1600元。生日優惠:當日壽星入住時尚玩家民宿折扣100元。(壽星本人須入住並出示證件)(註1.國際訂房平台不適用。2.連續假期、節慶假日、跨年、春節不適用。),22.789659,121.125546,開放資料,4.4,140,https://www.facebook.com/ï¼E6ï¼99ï¼82ï¼E5ï¼B0ï¼9Aï¼E7ï¼8Eï¼A9ï¼E5ï¼AEï¼B6ï¼E6ï¼B0ï¼91ï¼E5ï¼AEï¼BF-109799803866629/,https://www.taiwanstay.net.tw/TSA/web_page/TSA020200.jsp?hohi_id=26277
1550,暖宿民宿,臺東縣,臺東市,民宿,0978119031089-325999,臺東縣臺東市傳廣路360巷36號,平價優質旅宿,2500,業者自報,4600,,,【平價優質旅宿】平日雙人房售價：2500,22.76412,121.144661,開放資料,,,,https://www.taiwanstay.net.tw/TSA/web_page/TSA020200.jsp?hohi_id=18796
1551,暖屋民宿,臺東縣,臺東市,民宿,0978119031-,臺東縣臺東市四維路二段770號,平價優質旅宿,2500,業者自報,4000,,,【平價優質旅宿】平日雙人房售價：2500,22.76598,121.14579,開放資料,,,,https://www.taiwanstay.net.tw/TSA/web_page/TSA020200.jsp?hohi_id=11645
1552,東美佇所民宿,臺東縣,臺東市,民宿,0912996835-,臺東縣臺東市杭州街220巷18號,國旅補助優惠方案,,,2000,,2026-12-31,【國旅補助優惠方案】假日旅遊熱鬧點平日旅遊輕鬆點歡迎大家平日來台東旅遊，享補助輕鬆遊,22.762206,121.147267,開放資料,5,98,https://tcs.hi-bnb.com/,https://www.taiwanstay.net.tw/TSA/web_page/TSA020200.jsp?hohi_id=34607
1553,松禾園民宿,臺東縣,臺東市,民宿,0912032872-,臺東縣臺東市民航路689巷85號,平價優質旅宿,3000,業者自報,8000,,,【平價優質旅宿】平日雙人房售價：3000,22.755589,121.121311,開放資料,,,,https://www.taiwanstay.net.tw/TSA/web_page/TSA020200.jsp?hohi_id=20600
1554,柴府客棧民宿,臺東縣,臺東市,民宿,0917223213089-220313,臺東縣臺東市樂利路57巷7號,國旅補助優惠方案、平價優質旅宿,2500,業者自報,6000,,2026-12-31,"【國旅補助優惠方案】寵物入住清潔費，半價優惠!!

【平價優質旅宿】平日雙人房售價：2500(平日預訂房優惠另打8折)",22.798211,121.128194,開放資料,5,42,,https://www.taiwanstay.net.tw/TSA/web_page/TSA020200.jsp?hohi_id=35148
1555,棒棒糖民宿,臺東縣,臺東市,民宿,089-223640,臺東縣臺東市中興路3段275巷36弄5號,國旅補助優惠方案,,,5000,,,【國旅補助優惠方案】無,22.77008,121.11148,開放資料,4.9,22,https://www.facebook.com/qin850502?mibextid=vk8aRt,https://www.taiwanstay.net.tw/TSA/web_page/TSA020200.jsp?hohi_id=4821
1556,歐遊國際精品旅館,臺東縣,臺東市,旅館,089-230011,臺東縣臺東市更生北路11號,平價優質旅宿,2450,業者自報,7800,,,【平價優質旅宿】平日雙人房售價：2450,22.777237,121.126176,開放資料,,,http://www.allurmotel.com,https://www.taiwanstay.net.tw/TSA/web_page/TSA020200.jsp?hohi_id=14680
1557,民宿庫民宿,臺東縣,臺東市,民宿,0905131151-,臺東縣臺東市志航路1段412巷27弄20號,平價優質旅宿,1700,業者自報,1800,,,【平價優質旅宿】平日雙人房售價：1700,22.78515,121.129713,開放資料,,,http://www.minsuku.com.tw/,https://www.taiwanstay.net.tw/TSA/web_page/TSA020200.jsp?hohi_id=14665
1558,沉潛民宿,臺東縣,臺東市,民宿,0912473123-,臺東縣臺東市中興路三段275巷35弄9-2號,平價優質旅宿,2200,業者自報,3600,,,"【平價優質旅宿】平日雙人房售價：2,200不含早餐",22.770181,121.112041,開放資料,,,,https://www.taiwanstay.net.tw/TSA/web_page/TSA020200.jsp?hohi_id=32748
1559,海韵閣民宿,臺東縣,臺東市,民宿,0934083681-,臺東縣臺東市知本路三段398巷37號,國旅補助優惠方案,,,5500,,2026-12-31,【國旅補助優惠方案】歡迎各位旅客詢問補這內容,22.70804,121.04817,開放資料,4.6,138,,https://www.taiwanstay.net.tw/TSA/web_page/TSA020200.jsp?hohi_id=8507
1560,湯園二館,臺東縣,臺東市,民宿,0966733338-,臺東縣臺東市中興路一段225號,平價優質旅宿,1600,業者自報,3800,,,"【平價優質旅宿】平日雙人房售價：1800

【平價優質旅宿】平日雙人房售價：1600",22.767914,121.141544,開放資料,,,,https://www.taiwanstay.net.tw/TSA/web_page/TSA020200.jsp?hohi_id=26969
1561,漫光時旅民宿,臺東縣,臺東市,民宿,0975096065-,臺東縣臺東市開封街632巷20弄8號,平價優質旅宿,1480,業者自報,6500,,,【平價優質旅宿】平日雙人房售價：1480,22.761083,121.139282,開放資料,,,,https://www.taiwanstay.net.tw/TSA/web_page/TSA020200.jsp?hohi_id=32530
1562,焦糖民宿,臺東縣,臺東市,民宿,0963926591-,臺東縣臺東市興安路一段200巷17號,平價優質旅宿,1800,業者自報,4500,,,【平價優質旅宿】平日雙人房售價：1800,22.790818,121.128112,開放資料,,,,https://www.taiwanstay.net.tw/TSA/web_page/TSA020200.jsp?hohi_id=19840
1563,熊熊愛上妮,臺東縣,臺東市,民宿,0980026649089-348931,臺東縣臺東市樂利路56號,平價優質旅宿,2000,業者自報,3400,,,【平價優質旅宿】平日雙人房售價：2000(不含早餐),22.797886,121.126137,開放資料,,,,https://www.taiwanstay.net.tw/TSA/web_page/TSA020200.jsp?hohi_id=14139
1564,牧光。角落民宿,臺東縣,臺東市,民宿,0938911766-,臺東縣臺東市國泰街113號,國旅補助優惠方案,,,5000,,2026-12-31,【國旅補助優惠方案】115年國旅平日住宿獎助+生日券,22.795999,121.126338,開放資料,4,11,https://www.facebook.com/moonlit1406/,https://www.taiwanstay.net.tw/TSA/web_page/TSA020200.jsp?hohi_id=16113
1565,瑪莉特調民宿,臺東縣,臺東市,民宿,0921204100-,臺東縣臺東市興安路一段171號,平價優質旅宿,2000,業者自報,4500,,,"【平價優質旅宿】平日雙人房售價：2,000(生命靈數體驗課程活動)",22.78907,121.127329,開放資料,,,,https://www.taiwanstay.net.tw/TSA/web_page/TSA020200.jsp?hohi_id=18029
1566,璞草行旅,臺東縣,臺東市,民宿,0933611666-,臺東縣臺東市志航路一段412巷1號,平價優質旅宿,2900,業者自報,6000,,,【平價優質旅宿】平日雙人房售價：2900,22.78589,121.12928,開放資料,,,,https://www.taiwanstay.net.tw/TSA/web_page/TSA020200.jsp?hohi_id=11470
1567,甜姐兒民宿,臺東縣,臺東市,民宿,0933893585089-220669,臺東縣臺東市文昌路72號,國旅補助優惠方案,,,3000,1200,2026-12-31,【國旅補助優惠方案】雙人房優惠價$1200(未附早餐)+壽星本人送早餐乙份,22.791063,121.125565,開放資料,4.6,8,,https://www.taiwanstay.net.tw/TSA/web_page/TSA020200.jsp?hohi_id=15398
1568,癒室民宿,臺東縣,臺東市,民宿,0919894744-,臺東縣臺東市仁八街77號,平價優質旅宿,1400,業者自報,3500,,,【平價優質旅宿】平日雙人房售價：1400(無早餐),22.770137,121.141161,開放資料,,,,https://www.taiwanstay.net.tw/TSA/web_page/TSA020200.jsp?hohi_id=35526
1569,禾風新棧度假飯店,臺東縣,臺東市,旅館,089-229968,臺東縣臺東市新興路29號,國旅補助優惠方案,,,7200,,2026-12-31,【國旅補助優惠方案】平日入住一晚享有一般房價9折優惠(含早餐+迎賓飲料吧+晚點心)平日連續入住2晚享有一般房價8折優惠(含早餐+迎賓飲料吧+晚點心),22.793458,121.130091,開放資料,,,https://www.rice-hotel.com/,https://www.taiwanstay.net.tw/TSA/web_page/TSA020200.jsp?hohi_id=11246
1570,種子屋民宿,臺東縣,臺東市,民宿,0972719333-,臺東縣臺東市中興路三段275巷46弄1號,平價優質旅宿,1780,業者自報,5200,,,【平價優質旅宿】平日雙人房售價：1780,22.76953,121.11139,開放資料,,,,https://www.taiwanstay.net.tw/TSA/web_page/TSA020200.jsp?hohi_id=12516
1571,立麗大酒店,臺東縣,臺東市,旅館,089-348111,臺東縣臺東市中華路四段755號,國旅補助優惠方案,,,7800,800、1200,2026-12-31,"【國旅補助優惠方案】專案內容：二人入住每房每晚3,099元，包含：二人早餐+星空酒吧券2張入住第一晚可申請住宿補助800元，補助後每房實付2,299元。連續入住第二晚，另贈養生火鍋二人晚餐一次。再加碼補助1,200元；二晚補助合計最高2,000元，二晚原價6,198元，補助後實付4,198元。若使用當月壽星1,200元住宿券，依觀光署規定辦理折抵。",22.726891,121.102921,開放資料,4.7,4061,https://www.grandhotellili.com/,https://www.taiwanstay.net.tw/TSA/web_page/TSA020200.jsp?hohi_id=26371
1572,筆令莊園民宿,臺東縣,臺東市,民宿,0932336410-,臺東縣臺東市志航路1段971巷79號,國旅補助優惠方案,,,4600,,2026-11-30,【國旅補助優惠方案】可直接向旅宿業者訂房（住宿卷等商品（服務）（禮券不適用,22.796247,121.137039,開放資料,4.7,120,,https://www.taiwanstay.net.tw/TSA/web_page/TSA020200.jsp?hohi_id=576
1573,精典民宿,臺東縣,臺東市,民宿,0987837903089-341052,臺東縣臺東市廣東路195號,平價優質旅宿,2000,業者自報,2000,,,【平價優質旅宿】平日雙人房售價：2000(4人房)(不含早餐),22.753141,121.154534,開放資料,,,http://www.love-taitung.com/classic//,https://www.taiwanstay.net.tw/TSA/web_page/TSA020200.jsp?hohi_id=8209
1574,綠園民宿,臺東縣,臺東市,民宿,0910559852-,臺東縣臺東市興盛路122號,國旅補助優惠方案、平價優質旅宿,1200,業者自報,2000,1200,2026-12-31,"【國旅補助優惠方案】115年國旅「平日住宿獎助」、「生日券」及「TaiwanPASS住宿抵用券」

【平價優質旅宿】平日雙人房售價：1200(不含早餐)",22.78621,121.12702,開放資料,4.6,30,https://www.facebook.com/profile.php?id=100063654594335,https://www.taiwanstay.net.tw/TSA/web_page/TSA020200.jsp?hohi_id=15773
1575,緣羊軒民宿,臺東縣,臺東市,民宿,0930133763,臺東縣臺東市南一街96號,國旅補助優惠方案,,,2800,,2026-12-31,【國旅補助優惠方案】緣羊軒民宿歡迎十位左右包棟，提供乾淨舒適衛生4間房間及客廳吧檯等，給您最自在的溫馨空間～民宿備有私人停車場及民宿正前方有YouBike非常方便補助期間住宿旅客皆可依房間數申請補助～並以迎賓茶接待，及與合作廠商提供各種優惠，歡迎您訂房。,22.778559,121.123171,開放資料,5,200,,https://www.taiwanstay.net.tw/TSA/web_page/TSA020200.jsp?hohi_id=15761
1576,羿修的家民宿,臺東縣,臺東市,民宿,089-337411,臺東縣臺東市建國里24鄰中正路30號,平價優質旅宿,3500,業者自報,5000,,,"【平價優質旅宿】平日雙人房售價：3,500(含早餐)",22.751821,121.158445,開放資料,,,,https://www.taiwanstay.net.tw/TSA/web_page/TSA020200.jsp?hohi_id=25961
1577,英倫旅店,臺東縣,臺東市,旅館,089-324150,臺東縣臺東市中華路一段564號,國旅補助優惠方案,,,2400,,2026-12-31,【國旅補助優惠方案】平日住宿連續兩晚，雙人一大床房型《免費》喔~,22.750749,121.149545,開放資料,3.6,315,,https://www.taiwanstay.net.tw/TSA/web_page/TSA020200.jsp?hohi_id=5978
1578,荷比8號電梯民宿,臺東縣,臺東市,民宿,0955171545-,臺東縣臺東市中興路三段275巷46弄8號,國旅補助優惠方案,,,3800,,2026-12-31,【國旅補助優惠方案】贈送原生應用植物園免費入園劵,22.76975,121.11122,開放資料,4.9,80,,https://www.taiwanstay.net.tw/TSA/web_page/TSA020200.jsp?hohi_id=14087
1579,莫莫MOMO民宿,臺東縣,臺東市,民宿,0975316708-,臺東縣臺東市樂利路3-1號,平價優質旅宿,2000,業者自報,3500,,,【平價優質旅宿】平日雙人房售價：2000,22.797784,121.124638,開放資料,,,,https://www.taiwanstay.net.tw/TSA/web_page/TSA020200.jsp?hohi_id=1350
1580,蕃茄咖啡民宿,臺東縣,臺東市,民宿,0910724845,臺東縣臺東市志航路1段412巷26弄1號,平價優質旅宿,2200,業者自報,2000,,,【平價優質旅宿】平日雙人房售價：2200,22.785146,121.130014,開放資料,,,http://tomato.ezgo.tw/,https://www.taiwanstay.net.tw/TSA/web_page/TSA020200.jsp?hohi_id=8572
1581,藍色.棉花糖民宿,臺東縣,臺東市,民宿,0937599629-,臺東縣臺東市新站路57號,平價優質旅宿,1980,業者自報,4000,,,【平價優質旅宿】平日雙人房售價：1980,22.796931,121.125185,開放資料,,,,https://www.taiwanstay.net.tw/TSA/web_page/TSA020200.jsp?hohi_id=5340
1582,蘑菇30民宿,臺東縣,臺東市,民宿,0931899758-,臺東縣臺東市吉泰路599巷30號,國旅補助優惠方案,,,4500,,2026-12-31,【國旅補助優惠方案】115年國旅[平日住宿獎助] [生日劵]及[Taiwan PASS住宿抵用劵],22.71218,121.05594,開放資料,4.9,185,,https://www.taiwanstay.net.tw/TSA/web_page/TSA020200.jsp?hohi_id=22036
1583,解語花軒民宿,臺東縣,臺東市,民宿,0933058844-,臺東縣臺東市志航路1段412巷17弄35號,國旅補助優惠方案,,,2500,,2026-12-31,【國旅補助優惠方案】業者本身暫無優惠方案。,22.78631,121.13009,開放資料,4.9,107,,https://www.taiwanstay.net.tw/TSA/web_page/TSA020200.jsp?hohi_id=20422
1584,路得行旅,臺東縣,臺東市,旅館,089-335162,臺東縣臺東市廣東路162號,平價優質旅宿,1680,業者自報,800,,,【平價優質旅宿】平日雙人房售價：1680,22.753795,121.15513,開放資料,,,https://www.nordenruder.com/,https://www.taiwanstay.net.tw/TSA/web_page/TSA020200.jsp?hohi_id=10742
1585,阿公走走民宿,臺東縣,臺東市,民宿,0975117016-,臺東縣臺東市泰安街21號,平價優質旅宿,1800,業者自報,4800,,,【平價優質旅宿】平日雙人房售價：1800,22.76737,121.14017,開放資料,,,,https://www.taiwanstay.net.tw/TSA/web_page/TSA020200.jsp?hohi_id=7233
1586,陽光旅行民宿,臺東縣,臺東市,民宿,0988204887089-231989,臺東縣臺東市中興路3段275巷36弄3號,國旅補助優惠方案,2000,業者官網,6000,,2026-12-31,【國旅補助優惠方案】1.壽星生日當月入住，包含同行親友不限本人，不限平假日可享訂房95折優惠。,22.77008,121.11153,開放資料,5,1,https://www.tt089.com.tw,https://www.taiwanstay.net.tw/TSA/web_page/TSA020200.jsp?hohi_id=3062
1587,陽光輕旅民宿,臺東縣,臺東市,民宿,0958331999-,臺東縣臺東市新站路38號,平價優質旅宿,1620,業者自報,4000,,,【平價優質旅宿】平日雙人房售價：1620(淡季),22.797572,121.12503,開放資料,,,https://light-trip.shop089.com/,https://www.taiwanstay.net.tw/TSA/web_page/TSA020200.jsp?hohi_id=33061
1588,陽光鹿特丹民宿,臺東縣,臺東市,民宿,0958001701-,臺東縣臺東市新站路3-1號,平價優質旅宿,1600,業者自報,4500,,,【平價優質旅宿】平日雙人房售價：1600,22.79877,121.12532,開放資料,,,http://www.sungiraffe-bnb.com.tw/,https://www.taiwanstay.net.tw/TSA/web_page/TSA020200.jsp?hohi_id=1368
1589,雲泊和旅,臺東縣,臺東市,旅館,0987031588089-360286,"臺東縣臺東市中正路277號4樓,光明路90號4樓",國旅補助優惠方案,,,4800,800、1000、1200,2026-12-31,【國旅補助優惠方案】台東雲泊和旅，2026/9/1-11/30國旅補助專案： 只住1晚(不含早餐)雙人房：第1晚實付$500元（優惠價$1300元-第1晚補助$800元），若是第2晚入住實付$0元免費入住（優惠價$1300元-第2晚補助$1200元）$100元差額由館內吸收。三人房：補差額$500四人房：補差額$1000 連住2晚(不含早餐、續住不整房)雙人房：實付$0元免費入住（優惠價$2600元-補助$2000元，差額$600元由館內吸收！）三人房：兩晚補差額共$1000四人房：兩晚補差額共$2000 使用生日券(不含早餐)：雙人房：$0元免費入住（優惠價$1300元-生日券$1200元）$100元差額由館內吸收。三人房：補差額$500四人房：補差額$1000 國旅補助專案，免費再加贈：1.宵夜券（享用咖啡/飲料、零食/餅乾、各式泡麵）。2.伴手禮優惠/折價券。3.美食/旅遊景點地圖。,22.75617,121.15255,開放資料,4.2,653,https://www.cicinn.com/,https://www.taiwanstay.net.tw/TSA/web_page/TSA020200.jsp?hohi_id=8458
1590,星晴雅築民宿,臺東縣,蘭嶼鄉,民宿,0966667313-,臺東縣蘭嶼鄉東清村野銀138號,平價優質旅宿,1200,業者自報,2200,1200,,【平價優質旅宿】平日雙人房售價：1200（不含餐）,22.038339,121.565706,開放資料,,,,https://www.taiwanstay.net.tw/TSA/web_page/TSA020200.jsp?hohi_id=26835
1591,台坂七號民宿,臺東縣,達仁鄉,民宿,0932991300-,臺東縣達仁鄉台板村1鄰7號,平價優質旅宿,1500,業者自報,2000,1500,,【平價優質旅宿】平日雙人房售價：1500,22.482441,120.913044,開放資料,,,,https://www.taiwanstay.net.tw/TSA/web_page/TSA020200.jsp?hohi_id=35515
1592,夫魯克民宿,臺東縣,金峰鄉,民宿,0930241125089-751396,臺東縣金峰鄉嘉蘭村嘉蘭3鄰127號,平價優質旅宿,1200,業者自報,3000,1200,,【平價優質旅宿】平日雙人房售價：1200,22.59459,120.96144,開放資料,,,https://www.facebook.com/profile.php?id=100057079044723,https://www.taiwanstay.net.tw/TSA/web_page/TSA020200.jsp?hohi_id=10317
1593,麻茶屋民宿,臺東縣,金峰鄉,民宿,089-782419,臺東縣金峰鄉新興村64號,平價優質旅宿,1500,業者自報,2400,1500,,【平價優質旅宿】平日雙人房售價：1500,22.636162,121.001244,開放資料,,,,https://www.taiwanstay.net.tw/TSA/web_page/TSA020200.jsp?hohi_id=12206
1594,山腳下的金剛芭比民宿,臺東縣,長濱鄉,民宿,0972638548-,臺東縣長濱鄉忠勇村9鄰黎頭針1之3號,平價優質旅宿,3200,業者自報,4200,,,【平價優質旅宿】平日雙人房售價：3200,23.335073,121.449373,開放資料,,,,https://www.taiwanstay.net.tw/TSA/web_page/TSA020200.jsp?hohi_id=33668
1595,歪歪斜斜民宿,臺東縣,長濱鄉,民宿,0933846388-,臺東縣長濱鄉竹湖村中濱28號,國旅補助優惠方案,,,5000,,2026-12-31,"【國旅補助優惠方案】115年國旅平日住宿獎助,讓台東成為所有人喜歡的旅遊地點.",23.288001,121.425807,開放資料,4.9,113,,https://www.taiwanstay.net.tw/TSA/web_page/TSA020200.jsp?hohi_id=28362
1596,夏綠地莊園民宿,臺東縣,關山鎮,民宿,0966653886,臺東縣關山鎮里壠里30崁頂99之7號,平價優質旅宿,3200,業者自報,5000,,,【平價優質旅宿】平日雙人房售價：3200,23.04033,121.159048,開放資料,,,http://www.charlottestate.tw,https://www.taiwanstay.net.tw/TSA/web_page/TSA020200.jsp?hohi_id=20240
1597,安泊民宿,臺東縣,關山鎮,民宿,0963317307-,臺東縣關山鎮豐泉里3鄰平等路70號,國旅補助優惠方案,,,2500,,2026-12-31,【國旅補助優惠方案】每位入住旅客贈送兩顆精緻手工皂。,23.05357,121.162304,開放資料,5,1,https://reurl.cc/npN2R2,https://www.taiwanstay.net.tw/TSA/web_page/TSA020200.jsp?hohi_id=38637
1598,小鳳民宿,臺東縣,關山鎮,民宿,0984099726-,臺東縣關山鎮中華路40巷7號,國旅補助優惠方案,,,2400,,2026-12-31,【國旅補助優惠方案】符合方案入住再贈當地伴手禮,23.047902,121.163308,開放資料,4.9,87,,https://www.taiwanstay.net.tw/TSA/web_page/TSA020200.jsp?hohi_id=37569
1599,弋式風莊園民宿,臺東縣,關山鎮,民宿,089-814553,臺東縣關山鎮崁頂59之1號,國旅補助優惠方案,,,4600,,2026-12-31,【國旅補助優惠方案】連續入住2日以上旅客，每房將提供本民宿精美紙相框1組,23.04457,121.15381,開放資料,4.8,321,,https://www.taiwanstay.net.tw/TSA/web_page/TSA020200.jsp?hohi_id=4596
1600,微笑太陽民宿,臺東縣,關山鎮,民宿,0911316621,臺東縣關山鎮豐泉里3鄰平等路62號,國旅補助優惠方案,,,6800,,2026-12-31,"【國旅補助優惠方案】1.所有房型平日住宿優惠9折115/09/01-115/11/302.生日當天包棟送6""蛋糕(預訂時須告知)115/09/01-115/11/30",23.052422,121.16562,開放資料,4.9,78,,https://www.taiwanstay.net.tw/TSA/web_page/TSA020200.jsp?hohi_id=31169
1601,有點田民宿,臺東縣,關山鎮,民宿,0927422033-,臺東縣關山鎮豐泉里中華北路32號,國旅補助優惠方案,,,4500,,2026-12-31,【國旅補助優惠方案】平日連住加碼：使用平日連住補助（滿兩晚）者，享**關山小農米精裝體驗包**,23.051845,121.164561,開放資料,4.9,114,https://trunslu.com/UTainBnb/,https://www.taiwanstay.net.tw/TSA/web_page/TSA020200.jsp?hohi_id=31987
1602,楓香白樺莊園民宿,臺東縣,關山鎮,民宿,089-812559,臺東縣關山鎮豐泉里長興路12-8號,國旅補助優惠方案,,,4600,,2026-09-01,【國旅補助優惠方案】國旅優惠方案,23.062615,121.16107,開放資料,4.7,93,,https://www.taiwanstay.net.tw/TSA/web_page/TSA020200.jsp?hohi_id=4643
1603,漫旅行民宿,臺東縣,關山鎮,民宿,0955959053-,臺東縣關山鎮豐泉里中華北路30號,平價優質旅宿,2200,業者自報,5200,,,【平價優質旅宿】平日雙人房售價：2200,23.051807,121.164546,開放資料,,,https://booking.owlting.com/ramble_travel,https://www.taiwanstay.net.tw/TSA/web_page/TSA020200.jsp?hohi_id=32073
1604,稻香田園民宿,臺東縣,關山鎮,民宿,0911316621-,臺東縣關山鎮德高里22鄰忠慶12之3號,國旅補助優惠方案,,,6000,,2026-12-31,"【國旅補助優惠方案】1.所有房型平日住宿優惠9折115/09/01-115/11/302.生日當天包棟送6""蛋糕(預訂時須告知)115/09/01-115/11/30",23.09103,121.17982,開放資料,4.8,187,,https://www.taiwanstay.net.tw/TSA/web_page/TSA020200.jsp?hohi_id=35478
1605,纏民宿,臺東縣,關山鎮,民宿,0976334243089-811976,臺東縣關山鎮崁頂95-12號,國旅補助優惠方案,,,3000,,2026-12-31,【國旅補助優惠方案】115年國旅平日住宿獎助、生日券及TaiwanPASS住宿優惠方案:入住時堤供下午茶及點心.,23.043346,121.158965,開放資料,4.7,202,,https://www.taiwanstay.net.tw/TSA/web_page/TSA020200.jsp?hohi_id=20885
1606,耘禾莊園民宿,臺東縣,關山鎮,民宿,0921935760089-931355,臺東縣關山鎮德高里19鄰頂庄16號,平價優質旅宿,2200,業者自報,4000,,,【平價優質旅宿】平日雙人房售價：2200,23.08369,121.17706,開放資料,,,https://www.booking.com/hotel/tw/yun-he-zhuang-yuan-min-su.zh-tw.html?label=gen173nr-1BCAso5wFCGXl1bi1oZS16aHVhbmcteXVhbi1taW4tc3VIM1gEaOcBiAEBmAEwuAEYyAEM2AEB6AEBiAIBqAIEuAKMk-O0BsACAdICJDk2YzYzOGZjLTE1ZjktNGFjYi04MmJjLTE3ZmFlZjg4YmU2NtgCBeACAQ&sid=4aa85,https://www.taiwanstay.net.tw/TSA/web_page/TSA020200.jsp?hohi_id=19034
1607,興源行民宿,臺東縣,關山鎮,民宿,089-814596,臺東縣關山鎮中福里15鄰中山路16號,國旅補助優惠方案,,,3000,,2026-12-31,【國旅補助優惠方案】【興源行民宿｜115年國旅三大好康大放送！】歡迎來到關山享受老屋慢活！響應觀光署115年國旅振興活動，特別推出多重住宿優惠，邀請您來充滿溫度的空間充充電：平日住宿獎助（限平日使用）：凡於周日至周四（平日）續住，每房可依政府公告現折住宿補助金，不含連假及國定假日。壽星專屬（生日券專案）：壽星不限生日當月持「生日券」入住，民宿再加碼精心準備的在地驚喜小禮一份。TaiwanPASS住宿抵用券：本民宿為官方指定合作旅宿，歡迎持TaiwanPASS住宿抵用券前來核銷折抵，讓您的台東鐵道交通與住宿一次搞定！【注意事項】每日配合房間數量有限，請務必提前來電或官方Line訂房，並主動告知使用本專案。歡迎入住興源行民宿，慢遊關山、體驗老屋故事，享受平日悠閒旅行時光。,23.04696,121.16418,開放資料,4.8,208,http://ittbnb.com/xinyuanhang/,https://www.taiwanstay.net.tw/TSA/web_page/TSA020200.jsp?hohi_id=9437
1608,茶山宿民宿,臺東縣,關山鎮,民宿,0918216171-,臺東縣關山鎮豐泉里3鄰平等路47號,國旅補助優惠方案,,,10000,,2026-12-31,【國旅補助優惠方案】住一晚，打卡現折100元！入住茶田關舍民宿，只要完成以下步驟，就能立即折抵100元現金！ Facebook或Instagram打卡 上傳住宿照片一張或限時動態一則 標記「茶田關舍民宿」 出示畫面給櫃檯確認 每房即可享100元現金折抵！你的每一次分享，都是支持我們最溫暖的力量 也讓更多旅人發現關山這片美好的土地。一起把旅程分享出去，把回憶帶回家！,23.053055,121.163295,開放資料,5,66,,https://www.taiwanstay.net.tw/TSA/web_page/TSA020200.jsp?hohi_id=38636
1609,茶山居民宿,臺東縣,關山鎮,民宿,0918216171-,臺東縣關山鎮豐泉里3鄰平等路45號,國旅補助優惠方案,,,10000,,2026-12-31,【國旅補助優惠方案】住一晚，打卡現折100元！入住茶山居民宿，只要完成以下步驟，就能立即折抵100元現金！ Facebook或Instagram打卡 上傳住宿任何照片一張或限時動態一則 標記「茶田關舍民宿」 出示畫面給管家確認 每房即可享100元現金折抵！你的每一次分享，都是支持我們最溫暖的力量 也讓更多旅人發現關山這片美好的土地。一起把旅程分享出去，把回憶帶回家！,23.053016,121.163368,開放資料,5,66,,https://www.taiwanstay.net.tw/TSA/web_page/TSA020200.jsp?hohi_id=38635
1610,茶田關舍民宿,臺東縣,關山鎮,民宿,0912103373089-815098,臺東縣關山鎮豐泉里3鄰平等路99號,國旅補助優惠方案,,,5200,,2026-12-31,【國旅補助優惠方案】住一晚，打卡現折100元！入住茶田關舍民宿，只要完成以下步驟，就能立即折抵100元現金！ Facebook或Instagram打卡 上傳住宿任何一張照片(不露臉亦可)或一則限時動態 標記「茶田關舍民宿」 出示畫面給櫃檯確認 每房即可享100元現金折抵！你的每一次分享，都是支持我們最溫暖的力量 也讓更多旅人發現關山這片美好的土地。一起把旅程分享出去，把回憶帶回家！,23.05357,121.16161,開放資料,,,,https://www.taiwanstay.net.tw/TSA/web_page/TSA020200.jsp?hohi_id=10956
1611,茶田關舍貳館,臺東縣,關山鎮,民宿,0918216171,臺東縣關山鎮豐原里3鄰平等路90號,國旅補助優惠方案,,,7000,,2026-12-31,【國旅補助優惠方案】住一晚，打卡現折100元！入住茶田關舍民宿，只要完成以下步驟，就能立即折抵100元現金！ Facebook或Instagram打卡 上傳住宿照片或限時動態 標記「茶田關舍民宿」 出示畫面給櫃檯確認 每房即可享100元現金折抵！你的每一次分享，都是支持我們最溫暖的力量 也讓更多旅人發現關山這片美好的土地。一起把旅程分享出去，把回憶帶回家！,23.053652,121.161749,開放資料,5,62,,https://www.taiwanstay.net.tw/TSA/web_page/TSA020200.jsp?hohi_id=28581
1612,藍月亮民宿,臺東縣,關山鎮,民宿,0930912688,臺東縣關山鎮豐泉里平等路66號,國旅補助優惠方案,,,8000,,2026-12-31,"【國旅補助優惠方案】1.所有房型平日住宿優惠9折115/09/01-115/11/302.生日當天包棟送6""蛋糕(預訂時須告知)115/09/01-115/11/30",23.053492,121.162506,開放資料,4.9,78,,https://www.taiwanstay.net.tw/TSA/web_page/TSA020200.jsp?hohi_id=31168
1613,藍白式度假民宿,臺東縣,關山鎮,民宿,089-815043,臺東縣關山鎮豐泉里豐隆路19號,平價優質旅宿,2600,業者自報,6000,,,【平價優質旅宿】平日雙人房售價：2600(四人房),23.055323,121.160289,開放資料,,,http://bnwstyle.hi-bnb.com/house_info.aspx?refresh=1,https://www.taiwanstay.net.tw/TSA/web_page/TSA020200.jsp?hohi_id=20684
1614,嘟嘟好民宿,臺東縣,鹿野鄉,民宿,0933371068-,臺東縣鹿野鄉永安村鹿寮路82巷22號,國旅補助優惠方案、平價優質旅宿,2000,業者自報,4500,800、1000、1200,2026-12-31,"【國旅補助優惠方案】國旅平日住宿獎助，每房每晚依實際住宿房價，每人折抵金額如下：第一晚最多折抵新臺幣800元、第二晚最多折抵新臺幣1,200元。生日券獎助活動：(1)本署訂於115年8月17日（星期一）抽籤並自翌日起陸續寄送中獎通知予中獎旅客（1-12月每月1,000名生日券中獎者）。(2)中獎旅客本人得於115年9月1日至12月31日止之平日（週日至週四，不含國定假日及其連續假期）入住參與獎助活動之旅宿時使用。(3)折抵金額：每房每晚依實際住宿房價最多折抵新臺幣1,200元，每人限使用一晚，每房每晚限折抵一次；得與平日住宿獎助併用。

【平價優質旅宿】平日雙人房售價：2000",22.93508,121.132058,開放資料,4.9,188,http://dudu.yoyotaitung.com.tw/,https://www.taiwanstay.net.tw/TSA/web_page/TSA020200.jsp?hohi_id=258
1615,泰豫聚寶坊民宿,臺東縣,鹿野鄉,民宿,0932789570-,臺東縣鹿野鄉永安村永樂路119號,平價優質旅宿,1800,業者自報,4500,,,【平價優質旅宿】平日雙人房售價：1800,22.92823,121.11776,開放資料,,,http://taiyuminsu.com,https://www.taiwanstay.net.tw/TSA/web_page/TSA020200.jsp?hohi_id=8629
1616,蒲公茵民宿,臺東縣,鹿野鄉,民宿,0919759296-,臺東縣鹿野鄉鹿野村和平路100號,平價優質旅宿,1300,業者自報,1800,,,【平價優質旅宿】平日雙人房售價：1300無早餐,22.892356,121.138147,開放資料,,,,https://www.taiwanstay.net.tw/TSA/web_page/TSA020200.jsp?hohi_id=35171
1617,龍田富貴角民宿,臺東縣,鹿野鄉,民宿,0909888928-,臺東縣鹿野鄉龍田村5鄰北二路258號,國旅補助優惠方案、平價優質旅宿,2800,業者自報,8000,,2026-12-31,"【國旅補助優惠方案】配合2026國旅方案，住宿再加碼！連續入住第三晚優惠：雙人房折400元｜三人房折500元｜四人房折600元

【平價優質旅宿】平日雙人房售價：2800",22.906758,121.131931,開放資料,4.9,128,,https://www.taiwanstay.net.tw/TSA/web_page/TSA020200.jsp?hohi_id=29730
1618,小管家管家民宿,澎湖縣,湖西鄉,民宿,0972312121,澎湖縣湖西鄉城北村9鄰大城北263之12號,國旅補助優惠方案,,,2300,800、1200,2026-11-30,"【國旅補助優惠方案】限定週日至週四（不含國定假日），第1晚補助800元，連住同一合法旅宿第2晚加碼1,200元，每人最高折抵2,000元。",23.567579,119.617885,開放資料,5,233,,https://www.taiwanstay.net.tw/TSA/web_page/TSA020200.jsp?hohi_id=31778
1619,屋光拾舍民宿,澎湖縣,湖西鄉,民宿,06-9921212,澎湖縣湖西鄉北寮村6鄰北寮41之10號,國旅補助優惠方案,,,4800,,2026-12-31,【國旅補助優惠方案】115年國旅平日住宿獎助＋生日券業者優惠方案,23.598599,119.671758,開放資料,,,,https://www.taiwanstay.net.tw/TSA/web_page/TSA020200.jsp?hohi_id=13058
1620,屋裏民宿,澎湖縣,湖西鄉,民宿,0976266699,澎湖縣湖西鄉北寮村6鄰北寮41之11號,國旅補助優惠方案,,,4800,,2026-12-31,【國旅補助優惠方案】請輸入115年國旅平日住宿獎助＋生日券業者優惠方案,23.598599,119.671758,開放資料,,,https://hygge.tw/,https://www.taiwanstay.net.tw/TSA/web_page/TSA020200.jsp?hohi_id=4881
1621,有間寓背包旅宿民宿,澎湖縣,湖西鄉,民宿,0913137751,澎湖縣湖西鄉沙港村19鄰沙港1之5號,國旅補助優惠方案,,,10000,,,【國旅補助優惠方案】國旅補助,23.602534,119.622469,開放資料,4.9,76,,https://www.taiwanstay.net.tw/TSA/web_page/TSA020200.jsp?hohi_id=28628
1622,東北季豐民宿,澎湖縣,湖西鄉,民宿,0977380996-,澎湖縣湖西鄉隘門村95之1號2樓,國旅補助優惠方案,,,1600,,2026-11-30,【國旅補助優惠方案】配合115年國旅平日住宿優惠，邀請旅客避開假日人潮，平日暢遊澎湖。符合活動資格之旅客入住本民宿，可依觀光署規定享住宿折抵優惠；另提供免費機場／碼頭接送，並可協助規劃行程、租車、船票及跳島活動。實際優惠資格及折抵金額依交通部觀光署公告為準。,23.558557,119.635428,開放資料,5,79,,https://www.taiwanstay.net.tw/TSA/web_page/TSA020200.jsp?hohi_id=34406
1623,海角城堡民宿,澎湖縣,湖西鄉,民宿,0932972661,澎湖縣湖西鄉許家村3鄰港子尾68之3號,國旅補助優惠方案,,,3080,,2026-12-31,"【國旅補助優惠方案】住宿期間,租機車或汽車有優惠",23.583106,119.606861,開放資料,4.8,87,,https://www.taiwanstay.net.tw/TSA/web_page/TSA020200.jsp?hohi_id=12476
1624,玩皮城堡民宿,澎湖縣,湖西鄉,民宿,06-9211977,澎湖縣湖西鄉許家村3鄰港子尾68之2號,國旅補助優惠方案,,,3080,,2026-12-31,"【國旅補助優惠方案】住宿期間, 租機車或汽車有優惠",23.582793,119.606468,開放資料,4.8,87,,https://www.taiwanstay.net.tw/TSA/web_page/TSA020200.jsp?hohi_id=17703
1625,輕鬆駐民宿,澎湖縣,湖西鄉,民宿,0922124753-,澎湖縣湖西鄉鼎灣村115之6號,平價優質旅宿,3000,業者自報,3800,,,【平價優質旅宿】平日雙人房售價：3000,23.590781,119.616592,開放資料,,,,https://www.taiwanstay.net.tw/TSA/web_page/TSA020200.jsp?hohi_id=34480
1626,三五民宿,澎湖縣,馬公市,民宿,06-9266818,澎湖縣馬公市朝陽里21鄰陽明路22巷1號,平價優質旅宿,2600,業者自報,2600,,,【平價優質旅宿】平日雙人房售價：2600(不含早餐),23.572647,119.575491,開放資料,,,https://xn--35-jh1dx01d.com/,https://www.taiwanstay.net.tw/TSA/web_page/TSA020200.jsp?hohi_id=18087
1627,三餐四季民宿,澎湖縣,馬公市,民宿,0960020708-,澎湖縣馬公市鎖港里鎖港一路73巷8號,國旅補助優惠方案,,,2980,,,【國旅補助優惠方案】優惠,23.530493,119.602875,開放資料,5,38,,https://www.taiwanstay.net.tw/TSA/web_page/TSA020200.jsp?hohi_id=34977
1628,亞維儂民宿,澎湖縣,馬公市,民宿,091298036306-9952566,澎湖縣馬公市鎖港里2鄰100之1號,平價優質旅宿,2900,業者自報,2800,,,【平價優質旅宿】平日雙人房售價：2900,23.531379,119.606945,開放資料,,,,https://www.taiwanstay.net.tw/TSA/web_page/TSA020200.jsp?hohi_id=35636
1629,傳承堡有限公司,澎湖縣,馬公市,旅館,06-9951899,澎湖縣馬公市山水里6鄰珠江110之6號(2至6樓),平價優質旅宿,2700,業者自報,9000,,,【平價優質旅宿】平日雙人房售價：2700,23.516837,119.596303,開放資料,,,https://castle888.com.tw/,https://www.taiwanstay.net.tw/TSA/web_page/TSA020200.jsp?hohi_id=6047
1630,向日葵精緻旅店民宿,澎湖縣,馬公市,民宿,0975723872,澎湖縣馬公市西文里10鄰西文澳85之2號,國旅補助優惠方案,,,2800,,2026-08-31,【國旅補助優惠方案】優惠方案,23.568214,119.589057,開放資料,4.9,353,,https://www.taiwanstay.net.tw/TSA/web_page/TSA020200.jsp?hohi_id=8895
1631,君樂民宿,澎湖縣,馬公市,民宿,092804210206-9218950,澎湖縣馬公市興仁里10鄰雙頭掛260號,國旅補助優惠方案,,,2200,,,【國旅補助優惠方案】可直接向旅宿業者訂房,23.550254,119.616433,開放資料,4.9,36,,https://www.taiwanstay.net.tw/TSA/web_page/TSA020200.jsp?hohi_id=16650
1632,和寓旅店,澎湖縣,馬公市,旅館,06-9260968,澎湖縣馬公市光明路2之1號2-7樓,平價優質旅宿,2000,業者自報,3000,,,【平價優質旅宿】平日雙人房售價：2000,23.566095,119.567465,開放資料,,,,https://www.taiwanstay.net.tw/TSA/web_page/TSA020200.jsp?hohi_id=17521
1633,和田大飯店,澎湖縣,馬公市,旅館,06-9263936,澎湖縣馬公市民權路2號3-9樓,平價優質旅宿,2600,業者自報,8000,,,【平價優質旅宿】平日雙人房售價：2600,23.563625,119.567165,開放資料,,,http://mhoteltw.com,https://www.taiwanstay.net.tw/TSA/web_page/TSA020200.jsp?hohi_id=5677
1634,坊鄉季民宿,澎湖縣,馬公市,民宿,0910977323,澎湖縣馬公市西衛里26鄰西衛337號,國旅補助優惠方案、平價優質旅宿,2700,業者自報,4880,,2026-12-31,"【國旅補助優惠方案】配合115年國旅住宿優惠活動，平凡履棧推出住宿加碼優惠： 雙人房｜2,700元／晚 ‍ ‍ ‍ 四人房｜3,800元／晚 以上房價均含早餐 不分平日、假日皆享優惠房價 生日住宿再加碼贈送生日蛋糕乙份！不論是生日旅行、情侶出遊、好友相聚或家庭旅遊，都能在澎湖留下甜甜的美好回憶 生日旅客入住平凡履棧，即享專屬生日蛋糕驚喜！※生日蛋糕優惠需於訂房時提前告知並預約，以利旅宿提前準備。※生日蛋糕口味依當日供應為準，恕無法指定口味。※國旅住宿獎助及生日住宿優惠之申請資格、使用方式及相關規定，依115年度活動辦法為準。※平凡履棧提供之優惠房價及生日蛋糕為旅宿業者自提優惠，實際適用方式依旅宿訂房規則為準。※優惠數量有限，敬請提前預約。

【平價優質旅宿】平日雙人房售價：2700",23.582457,119.578911,開放資料,,,,https://www.taiwanstay.net.tw/TSA/web_page/TSA020200.jsp?hohi_id=11446
1635,夏天來了民宿,澎湖縣,馬公市,民宿,06-9950567,澎湖縣馬公市鎖港里250號,平價優質旅宿,2100,業者自報,3000,,,【平價優質旅宿】平日雙人房售價：2100,23.530197,119.601325,開放資料,,,,https://www.taiwanstay.net.tw/TSA/web_page/TSA020200.jsp?hohi_id=17523
1636,大魚的家民宿(特色民宿),澎湖縣,馬公市,民宿,093337306406-9951505,澎湖縣馬公市五德里6鄰雞母塢230號,國旅補助優惠方案,,,2180,,2026-12-31,【國旅補助優惠方案】平日住宿每房每晚贈送四角嶼鍋物火鍋券一張(每張可折抵168)生日當天入住贈送燒烤吃到飽(每房每日以一位為限)各項優惠不合併使用,23.526592,119.585953,開放資料,,,,https://www.taiwanstay.net.tw/TSA/web_page/TSA020200.jsp?hohi_id=11943
1637,好山好水民宿,澎湖縣,馬公市,民宿,0920787346,澎湖縣馬公市山水里13鄰珠江285號,國旅補助優惠方案,,,2800,,,【國旅補助優惠方案】優惠,23.516837,119.596303,開放資料,4.9,64,,https://www.taiwanstay.net.tw/TSA/web_page/TSA020200.jsp?hohi_id=26352
1638,好時光民宿,澎湖縣,馬公市,民宿,06-9276636,澎湖縣馬公市西衛里14鄰西衛223之1號,平價優質旅宿,1500,業者自報,3600,1500,,【平價優質旅宿】平日雙人房售價：1500,23.584045,119.582301,開放資料,,,,https://www.taiwanstay.net.tw/TSA/web_page/TSA020200.jsp?hohi_id=6502
1639,安泊旅店,澎湖縣,馬公市,旅館,06-9221758,澎湖縣馬公市東文里11鄰東文澳123之2號,國旅補助優惠方案,,,7000,,2026-12-31,【國旅補助優惠方案】115年國旅平日住宿獎助+生日券,23.516837,119.596303,開放資料,4.2,537,http://www.apause.com.tw,https://www.taiwanstay.net.tw/TSA/web_page/TSA020200.jsp?hohi_id=8887
1640,寶寶民宿,澎湖縣,馬公市,民宿,0938286896-,澎湖縣馬公市西文里11鄰西文澳757號,國旅補助優惠方案,,,3000,1200,2026-11-30,"【國旅補助優惠方案】每晚優惠(09/01-10/15)
二人房(含早餐)：2000元/間
四人房(含早餐)：3300元/間

每晚優惠(10/16-11/30)
二人房(不含早餐)：1200元/間
四人房(不含早餐)：2000元/間",23.565465,119.58368,開放資料,5,22,,https://www.taiwanstay.net.tw/TSA/web_page/TSA020200.jsp?hohi_id=36722
1641,小日子民宿,澎湖縣,馬公市,民宿,0937309821,澎湖縣馬公市西衛里14鄰西衛605號,平價優質旅宿,2400,業者自報,4800,,,【平價優質旅宿】平日雙人房售價：2400,23.583643,119.582652,開放資料,,,,https://www.taiwanstay.net.tw/TSA/web_page/TSA020200.jsp?hohi_id=28506
1642,小柚子民宿,澎湖縣,馬公市,民宿,0917878008,澎湖縣馬公市安宅里1鄰宅腳嶼93之21號,平價優質旅宿,2000,業者自報,2600,,,【平價優質旅宿】平日雙人房售價：2000,23.572157,119.602163,開放資料,,,,https://www.taiwanstay.net.tw/TSA/web_page/TSA020200.jsp?hohi_id=351
1643,小茉莉民宿,澎湖縣,馬公市,民宿,06-9211359,澎湖縣馬公市石泉里15鄰石泉1之550號,國旅補助優惠方案,,,3300,,,【國旅補助優惠方案】115年國旅平日住宿獎助＋生日券+Taiwan PASS住宿抵用券,23.56132,119.594395,開放資料,4.9,140,,https://www.taiwanstay.net.tw/TSA/web_page/TSA020200.jsp?hohi_id=22563
1644,山水貝殼沙民宿,澎湖縣,馬公市,民宿,06-9953111,澎湖縣馬公市山水里17鄰珠江32之66號,平價優質旅宿,2600,業者自報,3200,,,【平價優質旅宿】平日雙人房售價：2600,23.515053,119.59684,開放資料,,,,https://www.taiwanstay.net.tw/TSA/web_page/TSA020200.jsp?hohi_id=21440
1645,嵵裡。仙人掌海景民宿,澎湖縣,馬公市,民宿,0963563256-,澎湖縣馬公市嵵裡里11鄰嵵裡290號,國旅補助優惠方案,,,6600,,,【國旅補助優惠方案】配合國旅補助方案,23.525744,119.567518,開放資料,4.8,82,,https://www.taiwanstay.net.tw/TSA/web_page/TSA020200.jsp?hohi_id=4683
1646,平凡履棧民宿,澎湖縣,馬公市,民宿,0900778190,澎湖縣馬公市西衛里26鄰西衛338號,國旅補助優惠方案、平價優質旅宿,2700,業者自報,4880,,2026-12-31,"【國旅補助優惠方案】配合115年國旅住宿優惠活動，平凡履棧推出住宿加碼優惠： 雙人房｜2,700元／晚 ‍ ‍ ‍ 四人房｜3,800元／晚 以上房價均含早餐 不分平日、假日皆享優惠房價 生日住宿再加碼贈送生日蛋糕乙份！不論是生日旅行、情侶出遊、好友相聚或家庭旅遊，都能在澎湖留下甜甜的美好回憶 生日旅客入住平凡履棧，即享專屬生日蛋糕驚喜！※生日蛋糕優惠需於訂房時提前告知並預約，以利旅宿提前準備。※生日蛋糕口味依當日供應為準，恕無法指定口味。※國旅住宿獎助及生日住宿優惠之申請資格、使用方式及相關規定，依115年度活動辦法為準。※平凡履棧提供之優惠房價及生日蛋糕為旅宿業者自提優惠，實際適用方式依旅宿訂房規則為準。※優惠數量有限，敬請提前預約。

【平價優質旅宿】平日雙人房售價：2700",23.582457,119.578911,開放資料,4.4,39,,https://www.taiwanstay.net.tw/TSA/web_page/TSA020200.jsp?hohi_id=8902
1647,幸福維拉觀海民宿,澎湖縣,馬公市,民宿,0909890725-,澎湖縣馬公市鎖港里吉海路980巷161弄1號,平價優質旅宿,2400,業者自報,3600,,,【平價優質旅宿】平日雙人房售價：2400,23.575644,119.576185,開放資料,,,https://happy-villa.weebly.com/,https://www.taiwanstay.net.tw/TSA/web_page/TSA020200.jsp?hohi_id=34970
1648,旅人燈塔民宿,澎湖縣,馬公市,民宿,0936343705,澎湖縣馬公市山水里6鄰珠江110之13號,國旅補助優惠方案,,,2600,,2026-11-30,【國旅補助優惠方案】115國旅補助優惠方案,23.513788,119.591286,開放資料,4.8,123,,https://www.taiwanstay.net.tw/TSA/web_page/TSA020200.jsp?hohi_id=7037
1649,旅居澎湖沿菊文旅,澎湖縣,馬公市,旅館,06-9276257,澎湖縣馬公市啟明里惠民路36號,平價優質旅宿,2290,業者自報,2200,,,【平價優質旅宿】平日雙人房售價：2290,23.564744,119.565641,開放資料,,,,https://www.taiwanstay.net.tw/TSA/web_page/TSA020200.jsp?hohi_id=644
1650,旅采民宿,澎湖縣,馬公市,民宿,06-9951798,澎湖縣馬公市五德里1鄰雞母塢216號,國旅補助優惠方案,,,9600,,2026-12-31,"【國旅補助優惠方案】115年國旅平日住宿獎助＋生日券業者自提優惠方案活動住宿期間115年9月1日至12月31日止,所有房型一律5折優惠,(如同買一送一方案)當日入住壽星可得精緻小蛋糕一份 旅采民宿房型參考旅采民宿官網:https://site.traiwan.com/PENGHU_LUCAI/index.php 超級回饋與您共享只有旅采民宿願意提供 旅人住宿後真心覺得滿意願意在Google與官方及各旅遊平台給予滿分好評,可享再次免費三天兩夜入住方案使用期限115年11月1日至116年3月31日止(限本人使用不得轉賣與轉贈) 訂房專線管家行動:0972316118/0978051118LINE:aner5741范倫官方訂房付款模式:訂金收取30%(銀行轉帳)現場支付模式:現金/信用卡/銀行轉帳/國旅卡以上皆由負責人所屬營業項目所提供服務澎湖縣民宿812號",23.529045,119.58583,開放資料,5,192,,https://www.taiwanstay.net.tw/TSA/web_page/TSA020200.jsp?hohi_id=22103
1651,旭海天空民宿,澎湖縣,馬公市,民宿,0925577877,澎湖縣馬公市前寮里1鄰前寮23之15號,國旅補助優惠方案,,,3800,,2026-12-31,【國旅補助優惠方案】憑生日券者入住加贈一盒黑糖糕,23.554292,119.584709,開放資料,4.7,64,,https://www.taiwanstay.net.tw/TSA/web_page/TSA020200.jsp?hohi_id=26855
1652,晨光夜色民宿,澎湖縣,馬公市,民宿,0935572197-,澎湖縣馬公市西衛里五福路138巷169號,平價優質旅宿,2000,業者自報,2000,,,【平價優質旅宿】平日雙人房售價：2000,23.582712,119.575241,開放資料,,,,https://www.taiwanstay.net.tw/TSA/web_page/TSA020200.jsp?hohi_id=32581
1653,晴光部落民宿,澎湖縣,馬公市,民宿,06-9950838,澎湖縣馬公市鎖港里鎖管港1886號,國旅補助優惠方案,,,2100,,2026-12-31,【國旅補助優惠方案】使用平日入住補助方案之旅客提供機車2人一部(24小時),23.523415,119.597458,開放資料,5,130,http://www.facebook.com/1886loma,https://www.taiwanstay.net.tw/TSA/web_page/TSA020200.jsp?hohi_id=20755
1654,晴鎖港灣民宿,澎湖縣,馬公市,民宿,0908797588,澎湖縣馬公市鎖港里1鄰鎖港一路73巷27弄12號,國旅補助優惠方案,,,5000,,,【國旅補助優惠方案】國旅平日住宿獎勵,23.530224,119.602721,開放資料,5,274,,https://www.taiwanstay.net.tw/TSA/web_page/TSA020200.jsp?hohi_id=28899
1655,東衛參捌民宿,澎湖縣,馬公市,民宿,0919624262,澎湖縣馬公市東衛里38號,國旅補助優惠方案,,,1600,,2026-11-30,"【國旅補助優惠方案】限量免費早餐（吐司果醬咖啡等）
訂房官網：
https://www.booking-owlnest.com/ï¼E6ï¼9Dï¼B1ï¼E8ï¼A1ï¼9Bï¼E5ï¼8Fï¼83ï¼E6ï¼8Dï¼8C?lang=zh_TW&adult=1&child=0&infant=0",23.565801,119.600651,開放資料,4.9,65,,https://www.taiwanstay.net.tw/TSA/web_page/TSA020200.jsp?hohi_id=33010
1656,松鶴雅緻商務旅館,澎湖縣,馬公市,旅館,06-9268986,澎湖縣馬公市陽明里新明路21號7樓,國旅補助優惠方案,,,3800,,2026-12-31,【國旅補助優惠方案】115年國旅平日住宿獎助＋生日券業者優惠方案,23.568796,119.575903,開放資料,,,,https://www.taiwanstay.net.tw/TSA/web_page/TSA020200.jsp?hohi_id=13718
1657,樂在綺中民宿,澎湖縣,馬公市,民宿,0972296593,澎湖縣馬公市興仁里10鄰雙頭掛136之2號,平價優質旅宿,2100,業者自報,2500,,,【平價優質旅宿】平日雙人房售價：2100(不含早餐),23.552233,119.608644,開放資料,,,,https://www.taiwanstay.net.tw/TSA/web_page/TSA020200.jsp?hohi_id=16967
1658,歸來民宿,澎湖縣,馬公市,民宿,0912059808,澎湖縣馬公市西衛里26鄰西衛691號,國旅補助優惠方案,,,2500,,2026-12-31,【國旅補助優惠方案】入住每人贈送一隻歸來民宿特製的肪片龜娃娃,23.586796,119.583234,開放資料,4.6,34,https://www.facebook.com/TurtleComePHBB/,https://www.taiwanstay.net.tw/TSA/web_page/TSA020200.jsp?hohi_id=22052
1659,水連天海景電梯民宿,澎湖縣,馬公市,民宿,0988108686,澎湖縣馬公市西文里11鄰西文澳501號,國旅補助優惠方案,,,4800,,2026-12-31,"【國旅補助優惠方案】凡住宿,到鑫億名產店(中正路63號)消費可享自製品9折優惠",23.569011,119.595267,開放資料,4.5,157,,https://www.taiwanstay.net.tw/TSA/web_page/TSA020200.jsp?hohi_id=26304
1660,海上人家民宿,澎湖縣,馬公市,民宿,0973623169,澎湖縣馬公市烏崁里1鄰烏崁105之70號,平價優質旅宿,2000,業者自報,3000,,,【平價優質旅宿】平日雙人房售價：2000,23.546614,119.618609,開放資料,,,,https://www.taiwanstay.net.tw/TSA/web_page/TSA020200.jsp?hohi_id=2090
1661,海寓所民宿,澎湖縣,馬公市,民宿,0922137751-,澎湖縣馬公市鎖港里鎖港六路195號,國旅補助優惠方案,,,8000,,,【國旅補助優惠方案】國旅補助,23.524978,119.60202,開放資料,5,19,,https://www.taiwanstay.net.tw/TSA/web_page/TSA020200.jsp?hohi_id=34641
1662,海島之憩民宿,澎湖縣,馬公市,民宿,0910108081-,澎湖縣馬公市安宅里11鄰宅脚嶼165號,平價優質旅宿,2380,業者自報,2200,,,【平價優質旅宿】平日雙人房售價：2380,23.578478,119.603948,開放資料,,,https://site.traiwan.com/OceanNap/index.html,https://www.taiwanstay.net.tw/TSA/web_page/TSA020200.jsp?hohi_id=31751
1663,海洋渡假村,澎湖縣,馬公市,旅館,06-9273888,澎湖縣馬公市啟明里臨海路3號,國旅補助優惠方案,,,,,2026-12-31,【國旅補助優惠方案】如連住三晚(含)以上每房每晚額外優惠200元，限直接與飯店訂房透過第三方訂房不適用，不可與其他優惠並用。,23.5601,119.588166,鄉鎮約略,4.4,1425,,https://www.taiwanstay.net.tw/TSA/web_page/TSA020200.jsp?hohi_id=17776
1664,海漣天海岸民宿(特色民宿),澎湖縣,馬公市,民宿,0926926633,澎湖縣馬公市西文里11鄰西文澳500號,國旅補助優惠方案,,,2200,,2026-12-31,"【國旅補助優惠方案】凡住宿,到鑫億名產店(中正路63號)消費可享自製品9折優惠",23.568924,119.595856,開放資料,4.5,157,,https://www.taiwanstay.net.tw/TSA/web_page/TSA020200.jsp?hohi_id=19537
1665,海角203民宿(特色民宿),澎湖縣,馬公市,民宿,06-9275062,澎湖縣馬公市安宅里1之17號,國旅補助優惠方案,,,2300,,2026-12-31,【國旅補助優惠方案】住宿租汽車或機車優惠活動,23.578639,119.604249,開放資料,4.4,172,,https://www.taiwanstay.net.tw/TSA/web_page/TSA020200.jsp?hohi_id=19817
1666,海邊民宿,澎湖縣,馬公市,民宿,0916632893-,澎湖縣馬公市鎖港里1鄰吉海路1137號,平價優質旅宿,2500,業者自報,2680,,,【平價優質旅宿】平日雙人房售價：2500,23.529559,119.60108,開放資料,,,,https://www.taiwanstay.net.tw/TSA/web_page/TSA020200.jsp?hohi_id=26824
1667,海顏民宿,澎湖縣,馬公市,民宿,0956742161-,澎湖縣馬公市光華里3鄰光華123之8號,國旅補助優惠方案,,,3000,,,【國旅補助優惠方案】以政府政策為準,23.561526,119.601324,開放資料,5,13,,https://www.taiwanstay.net.tw/TSA/web_page/TSA020200.jsp?hohi_id=38628
1668,淳夏文旅民宿,澎湖縣,馬公市,民宿,0975112123,澎湖縣馬公市西衛里367號,平價優質旅宿,2600,業者自報,5800,,,【平價優質旅宿】平日雙人房售價：2600(不含早餐),23.582457,119.578911,開放資料,,,,https://www.taiwanstay.net.tw/TSA/web_page/TSA020200.jsp?hohi_id=32976
1669,澎湖心情故事民宿,澎湖縣,馬公市,民宿,06-9214662,澎湖縣馬公市興仁里9鄰雙頭掛211之3號,平價優質旅宿,2800,業者自報,1800,,,【平價優質旅宿】平日雙人房售價：2800,23.552139,119.613353,開放資料,,,https://www.facebook.com/%E6%BE%8E%E6%B9%96%E5%BF%83%E6%83%85%E6%95%85%E4%BA%8B%E6%B0%91%E5%AE%BF-462325774100637/,https://www.taiwanstay.net.tw/TSA/web_page/TSA020200.jsp?hohi_id=14525
1670,澎湖海悅飯店,澎湖縣,馬公市,旅館,06-9269166,澎湖縣馬公市重慶里民福路75號1-10樓,平價優質旅宿,2600,業者自報,,,,【平價優質旅宿】平日雙人房售價：2600,23.5601,119.588166,鄉鎮約略,,,,https://www.taiwanstay.net.tw/TSA/web_page/TSA020200.jsp?hohi_id=13316
1671,獨宿一格民宿,澎湖縣,馬公市,民宿,092015665106-9260488,澎湖縣馬公市西文里24鄰文德路12之1號,國旅補助優惠方案,1800,業者官網,3800,,,"【國旅補助優惠方案】配合115年國旅住宿優惠活動，獨宿一格民宿推出住宿優惠：
房型及房價請參考官網http://www.2099babyhome.com
 不分平日、假日皆享優惠房價
※ 國旅住宿補助及生日住宿優惠之申請資格、使用方式及相關規定，依115年度活動辦法為準。
※ 優惠數量有限，敬請提前預約。",23.565138,119.581819,開放資料,4.5,114,http://www.2099babyhome.com/front/bin/home.phtml,https://www.taiwanstay.net.tw/TSA/web_page/TSA020200.jsp?hohi_id=7953
1672,發呆民宿,澎湖縣,馬公市,民宿,06-9267078,澎湖縣馬公市西衛里24鄰西衛399號,國旅補助優惠方案,,,3500,,2026-11-30,【國旅補助優惠方案】不分平假日雙人房優惠每晚1600元,23.583305,119.578662,開放資料,4.8,172,,https://www.taiwanstay.net.tw/TSA/web_page/TSA020200.jsp?hohi_id=7490
1673,睏齁霸民宿,澎湖縣,馬公市,民宿,0918613706-,澎湖縣馬公市鎖港里1932之5號,國旅補助優惠方案,,,3600,,,【國旅補助優惠方案】優惠,23.52427,119.596329,開放資料,5,10,https://www.facebook.com/profile.php?id=100094038919007&locale=zh_TW,https://www.taiwanstay.net.tw/TSA/web_page/TSA020200.jsp?hohi_id=33810
1674,石泉拾美民宿,澎湖縣,馬公市,民宿,0977626563-,澎湖縣馬公市石泉里7鄰石泉701號,國旅補助優惠方案,,,2800,,,"【國旅補助優惠方案】小資包棟無負擔 
 棒球友善民宿 
 包棟可 機場/民宿取還車 代訂澎湖行程 茶水間 奶瓶消毒鍋 嬰兒澡盆 全館室內禁止吸菸 住宿含早餐（每房每晚依人數發放早餐抵用券）
長期優惠：報名住宿憑當年度中華職棒大聯盟比賽之賽券票根,即可兌換1瓶干貝醬!!(入住一間一晚憑一張得一瓶,多住多得)
歡迎大家來澎湖旅遊!!",23.558642,119.59281,開放資料,5,9,,https://www.taiwanstay.net.tw/TSA/web_page/TSA020200.jsp?hohi_id=36414
1675,福容徠旅 澎湖,澎湖縣,馬公市,旅館,06-9221888,澎湖縣馬公市東文里4鄰大賢街97號,國旅補助優惠方案,,,9800,800、1200,2026-12-31,【國旅補助優惠方案】「生日補助」使用生日補助預訂「年度專案（徠旅假期)」，飯店加碼400元。※兩天一夜：政府補助1200元＋飯店加碼400元，最高可折抵房費1600元。「平日補助」使用平日補助預訂「年度專案（徠旅假期)」，飯店加碼第一晚400元，續住第二晚600元，可直接折抵房費。※兩天一夜：政府補助800元＋飯店加碼400元，最高可折抵房費1200元※三天二夜：政府補助800元＋政府補助1200元＋飯店加碼400元＋飯店加碼600元，最高可折抵房費3000元。上述旅遊補助及生日補助，依照政府規範可合併使用，惟飯店加碼擇一使用。,23.561038,119.58271,開放資料,4.8,328,https://www.fullon-hotels.com.tw/fullon-poshtels/ph/tw/,https://www.taiwanstay.net.tw/TSA/web_page/TSA020200.jsp?hohi_id=37863
1676,米隅民宿,澎湖縣,馬公市,民宿,0918181988-,澎湖縣馬公市鎖港里鎖港一路73巷10號,國旅補助優惠方案,,,2800,,,【國旅補助優惠方案】優惠,23.530493,119.602875,開放資料,5,4,,https://www.taiwanstay.net.tw/TSA/web_page/TSA020200.jsp?hohi_id=34981
1677,良辰吉日民宿,澎湖縣,馬公市,民宿,0937604102,澎湖縣馬公市西衛里263號,國旅補助優惠方案,,,10000,,,【國旅補助優惠方案】特色伴手禮套組,23.582457,119.578911,開放資料,5,75,,https://www.taiwanstay.net.tw/TSA/web_page/TSA020200.jsp?hohi_id=33170
1678,菊逸居民宿,澎湖縣,馬公市,民宿,0972638839-,澎湖縣馬公市東衛里19鄰東衛6之17號,國旅補助優惠方案,,,3800,,2026-12-31,【國旅補助優惠方案】住宿優惠：雙人房每晚1800元（原價為2400元）四人房每晚3000元（原價為3600元）*以上不附早餐＆接送,23.569955,119.598724,開放資料,4.9,23,https://www.facebook.com/juyijupenghuhomestay/,https://www.taiwanstay.net.tw/TSA/web_page/TSA020200.jsp?hohi_id=24031
1679,語榕花園民宿,澎湖縣,馬公市,民宿,092818410106-9219845,澎湖縣馬公市前寮里21-3號,國旅補助優惠方案,,,2800,,2026-12-31,【國旅補助優惠方案】連續住宿二晚房價九折優惠，三晚以上房價八五折優惠，五晚以上房價八折優惠；限民宿直客訂房，透過第三方平台訂房不適用此優惠。本優惠不得與其他優惠併用。,23.553516,119.588303,開放資料,4.9,221,http://www.yurong.com.tw,https://www.taiwanstay.net.tw/TSA/web_page/TSA020200.jsp?hohi_id=9980
1680,逸遊蔚境民宿(特色民宿),澎湖縣,馬公市,民宿,06-9210588,澎湖縣馬公市安宅里3鄰宅腳嶼9之1號,平價優質旅宿,2000,業者自報,2000,,,【平價優質旅宿】平日雙人房售價：2000（無早餐),23.577143,119.601775,開放資料,,,http://easystayph.blogspot.com/,https://www.taiwanstay.net.tw/TSA/web_page/TSA020200.jsp?hohi_id=16503
1681,金品精緻旅店,澎湖縣,馬公市,旅館,06-9216788,澎湖縣馬公市西文里文德路19號(1至5樓),平價優質旅宿,2540,業者自報,7600,,,【平價優質旅宿】平日雙人房售價：2540(淡季),23.564033,119.581164,開放資料,,,http://www.phjp.com.tw,https://www.taiwanstay.net.tw/TSA/web_page/TSA020200.jsp?hohi_id=17607
1682,風仙廬香草園民宿,澎湖縣,馬公市,民宿,0978216790,澎湖縣馬公市西文里11鄰西文澳97之68號,國旅補助優惠方案,,,4200,,2026-12-31,【國旅補助優惠方案】提供芳香spa8折優惠(需提早預約),23.569179,119.587514,開放資料,4.9,131,,https://www.taiwanstay.net.tw/TSA/web_page/TSA020200.jsp?hohi_id=27251
1683,驫風民宿,澎湖縣,馬公市,民宿,097234371606-9211692,澎湖縣馬公市東衛里2鄰東衛26之9號,國旅補助優惠方案,,,2400,,,【國旅補助優惠方案】住宿享定價85折，贈送民宿來回接送服務,23.565801,119.600651,開放資料,4.5,132,,https://www.taiwanstay.net.tw/TSA/web_page/TSA020200.jsp?hohi_id=10691
1684,大夫第民宿,金門縣,金城鎮,民宿,0963166171082-323468,金門縣金城鎮珠山41號,國旅補助優惠方案,,,2800,,2026-12-31,【國旅補助優惠方案】每人贈送民宿特色名片1張,24.401026,118.321598,開放資料,4.3,90,,https://www.taiwanstay.net.tw/TSA/web_page/TSA020200.jsp?hohi_id=18730
1685,定風波民宿,金門縣,金城鎮,民宿,0932517669082-322389,金門縣金城鎮前水頭54號,國旅補助優惠方案,3000,業者官網,3200,,2026-12-31,【國旅補助優惠方案】每房贈送一個木雕鑰匙圈,24.410422,118.297913,開放資料,4.6,51,http://www.familyinn.com.tw,https://www.taiwanstay.net.tw/TSA/web_page/TSA020200.jsp?hohi_id=4466
1686,巧居,金門縣,金城鎮,民宿,0975396312082-373018,金門縣金城鎮前水頭13號,國旅補助優惠方案,,,7800,,2026-12-31,【國旅補助優惠方案】住進水頭聚落的慢時光，感受金門老屋與巷弄交織出的日常風景。這裡沒有匆忙，只有安靜的午後、溫暖的住宿空間，以及適合慢慢走、細細看的旅程。民宿提供多種房型，適合情侶、親子、好友及家庭同行。符合115年國旅平日住宿獎助或生日券資格的旅客，可依活動規定使用補助，歡迎提前預約，為自己留一段剛剛好的金門時光。,24.41147,118.299965,開放資料,5,43,,https://www.taiwanstay.net.tw/TSA/web_page/TSA020200.jsp?hohi_id=33252
1687,微醺,金門縣,金城鎮,民宿,0900768008,金門縣金城鎮古城里6鄰金門城68之3號,國旅補助優惠方案,,,3600,,2026-12-31,【國旅補助優惠方案】115年國旅平日住宿獎助開跑！使用政府平日住宿優惠入住２晚，再加碼送您微醺好禮！ 限定平日優雅雙人房 電話或LINE預約訂房入住2晚每晚再折100元（須提前告知使用國旅優惠方案） 贈送調酒一杯或管家特烘濾掛咖啡10g*2包擇一 延後退房至12:00 當月壽星再享生日驚喜來金門放慢腳步，享受一場微醺島嶼假期。,24.399653,118.30483,開放資料,4.9,303,,https://www.taiwanstay.net.tw/TSA/web_page/TSA020200.jsp?hohi_id=1914
1688,愛琴海民宿,金門縣,金城鎮,民宿,0933699964082-316058,金門縣金城鎮西海路三段22巷33弄20號,國旅補助優惠方案,,,3600,,2026-12-31,【國旅補助優惠方案】該時段入住的貴賓享有汽車及全新機車12台免費使用的優惠。,24.432065,118.31551,開放資料,5,444,,https://www.taiwanstay.net.tw/TSA/web_page/TSA020200.jsp?hohi_id=34323
1689,新水調歌頭民宿,金門縣,金城鎮,民宿,0932517669082-322389,金門縣金城鎮金水里前水頭35及36號,國旅補助優惠方案,3000,業者官網,3200,,2026-12-31,【國旅補助優惠方案】每房贈送一個木雕鑰匙圈,24.40987,118.297213,開放資料,4.9,156,http://www.familyinn.com.tw,https://www.taiwanstay.net.tw/TSA/web_page/TSA020200.jsp?hohi_id=1629
1690,歇會兒民宿典藏館,金門縣,金城鎮,民宿,0935934595-,金門縣金城鎮前水頭9號,國旅補助優惠方案,,,2000,,2026-12-31,【國旅補助優惠方案】凡於每週二、三、四辦理入住，且連續住宿2晚（含）以上，即可享原房價8折優惠！ 優惠期間：2026年9月、11月、12月 適用條件： 僅限透過官網、LINE或Facebook私訊直接訂房 優惠僅適用於雙人房(1大床房型)及挑高樓中樓四人房 本專案不含早餐 本優惠不得與其他優惠方案併用（2026國旅補助方案除外）。 訂房方式： 官網：https://takeabreak.okgo.tw Facebook：搜尋@km666 LINE官方帳號：@ewj1952f,24.40911,118.300421,開放資料,4.8,47,http://www.xn--octr39alq2a1cd.tw/,https://www.taiwanstay.net.tw/TSA/web_page/TSA020200.jsp?hohi_id=26333
1691,水調歌頭民宿,金門縣,金城鎮,民宿,0932517669082-322389,"金門縣金城鎮前水頭40,41號",國旅補助優惠方案,,,3200,,2026-12-31,【國旅補助優惠方案】每房贈送一份木雕鑰匙圈,24.409947,118.298936,開放資料,4.7,184,http://www.familyinn.com.tw,https://www.taiwanstay.net.tw/TSA/web_page/TSA020200.jsp?hohi_id=15275
1692,浯江大飯店,金門縣,金城鎮,旅館,082-322211,金門縣金城鎮賢厝里西海路三段100號,國旅補助優惠方案,,,3600,,2026-12-31,【國旅補助優惠方案】雙人房定價3600元平日優惠折扣:六折+一成(含早餐),24.42249,118.311277,開放資料,3.7,636,http://www.riverkinmen.com/,https://www.taiwanstay.net.tw/TSA/web_page/TSA020200.jsp?hohi_id=3267
1693,金玉閣,金門縣,金城鎮,民宿,0975396312-,金門縣金城鎮前水頭37號,國旅補助優惠方案,,,2600,,2026-12-31,【國旅補助優惠方案】來金門放慢腳步，住進充滿在地風情的水頭聚落！本民宿房型多元，適合親子家庭、好友出遊及小團體入住，周邊交通方便，可輕鬆前往金城老街、水頭聚落及各大景點。凡符合115年國旅平日住宿獎助及生日券資格者，可依官方規定使用相關補助。房間數量有限，歡迎提早預約，為自己安排一趟輕鬆又安心的金門假期。,24.41147,118.299965,開放資料,5,45,,https://www.taiwanstay.net.tw/TSA/web_page/TSA020200.jsp?hohi_id=34494
1694,鳥藝古厝民宿,金門縣,金城鎮,民宿,0987210175-,金門縣金城鎮前水頭6號,國旅補助優惠方案,,,9000,,2026-12-31,【國旅補助優惠方案】住宿贈限量好禮，歡迎加LINE為@125fvdlw,24.41147,118.299965,開放資料,5,73,https://www.facebook.com/stone.floor.house,https://www.taiwanstay.net.tw/TSA/web_page/TSA020200.jsp?hohi_id=34396
1695,八八古藝8館民宿,金門縣,金寧鄉,民宿,0910394377082-355340,金門縣金寧鄉盤山村下堡56號,國旅補助優惠方案,,,2000,,2026-12-31,【國旅補助優惠方案】八八古藝民宿誠摯歡迎您來金門慢旅行，入住金門閩南古厝，感受金門傳統建築、人文歷史及在地生活。凡使用115年國旅平日住宿獎助及生日券入住本民宿，即可享免費Wi-Fi、免費停車、免費接駁，代租車服務，旅遊諮詢服務，並贈送金門特色紀念小禮品一份（數量有限，送完為止）。期待您在古厝中享受悠閒假期，留下難忘的金門旅行回憶。,24.446166,118.338412,開放資料,4.7,3,,https://www.taiwanstay.net.tw/TSA/web_page/TSA020200.jsp?hohi_id=2675
1696,八八古藝二館民宿,金門縣,金寧鄉,民宿,0910394377082-355340,金門縣金寧鄉下堡46號,國旅補助優惠方案,,,1200,,2026-12-31,【國旅補助優惠方案】八八古藝民宿誠摯歡迎您來金門慢旅行，入住閩南古厝與特色洋樓，感受金門傳統建築、人文歷史及在地生活。凡使用115年國旅平日住宿獎助及生日券入住本民宿，即可享免費Wi-Fi、免費停車、免費接駁，代租車服務，旅遊諮詢服務，並贈送金門特色紀念小禮品一份（數量有限，送完為止）。期待您在古厝中享受悠閒假期，留下難忘的金門旅行回憶。,24.44594,118.33842,開放資料,4.5,191,,https://www.taiwanstay.net.tw/TSA/web_page/TSA020200.jsp?hohi_id=7976
1697,八八古藝悅禾民宿,金門縣,金寧鄉,民宿,0910394377,金門縣金寧鄉下堡12之5號,國旅補助優惠方案,,,3500,,2026-12-31,【國旅補助優惠方案】八八古藝悅禾民宿誠摯歡迎您來金門慢旅行，入悅禾民宿，凡使用115年國旅平日住宿獎助及生日券入住本民宿，即可享免費Wi-Fi、免費停車、免費接駁，代租車服務，旅遊諮詢服務，並贈送金門特色紀念小禮品一份（數量有限，送完為止）。期待您在金門享受悠閒假期，留下難忘的金門旅行回憶。,24.456577,118.305852,開放資料,5,80,,https://www.taiwanstay.net.tw/TSA/web_page/TSA020200.jsp?hohi_id=32948
1698,八八古藝民宿,金門縣,金寧鄉,民宿,0910394377082-355340,金門縣金寧鄉盤山村頂堡113號,國旅補助優惠方案,,,2000,,2026-12-31,【國旅補助優惠方案】八八古藝民宿誠摯歡迎您來金門慢旅行，入住閩南古厝與特色，感受金門傳統建築、人文歷史及在地生活。凡使用115年國旅平日住宿獎助及生日券入住本民宿，即可享免費Wi-Fi、免費停車、免費接駁，代租車服務，旅遊諮詢服務，並贈送金門特色紀念小禮品一份（數量有限，送完為止）。期待您在古厝中享受悠閒假期，留下難忘的金門旅行回憶。,24.448281,118.340306,開放資料,,,,https://www.taiwanstay.net.tw/TSA/web_page/TSA020200.jsp?hohi_id=12559
1699,八八古藝民宿三館,金門縣,金寧鄉,民宿,0910394377082-355340,金門縣金寧鄉盤山村下堡81號,國旅補助優惠方案,,,2500,,2026-12-31,【國旅補助優惠方案】八八古藝民宿三館誠摯歡迎您來金門慢旅行，入住百年閩南古厝與特色，感受金門傳統建築、人文歷史及在地生活。凡使用115年國旅平日住宿獎助及生日券入住本民宿，即可享免費Wi-Fi、免費停車、免費接駁，代租車服務，旅遊諮詢服務，並贈送金門特色紀念小禮品一份（數量有限，送完為止）。期待您在古厝中享受悠閒假期，留下難忘的金門旅行回憶。,24.446356,118.336605,開放資料,4.5,191,,https://www.taiwanstay.net.tw/TSA/web_page/TSA020200.jsp?hohi_id=23991
1700,吾家城市客棧,金門縣,金寧鄉,民宿,0927202025082-323231,金門縣金寧鄉湖南13-9號,國旅補助優惠方案,,,1800,,2026-11-30,【國旅補助優惠方案】平日優惠1400一晚，含機場免費來回接送,24.455656,118.331176,開放資料,4.6,67,,https://www.taiwanstay.net.tw/TSA/web_page/TSA020200.jsp?hohi_id=7353
1701,嚨口十二之一,金門縣,金寧鄉,民宿,0905697776-,金門縣金寧鄉后盤村嚨口12-1號,國旅補助優惠方案,,,4800,,2026-12-31,【國旅補助優惠方案】平日住宿定價：二人入住2400元，三人入住3200元，四人入住4000元。115年國旅優惠期間，民宿加碼優惠：一、辦理入住時使用平日住宿優惠補助，可再享折扣如下：第一晚折扣100元，第二晚折扣200元，第三晚折扣300元，第四晚折扣400元。二、辦理入住時使用生日券可再折扣100元。 注意事項：＊民宿加碼優惠不限平日、假日，入住時需使用國旅優惠補助才可享有優惠。＊本加碼優惠專案僅限合法旅宿、民宿官網或電話訂房，其他訂房網站平台則不適用。＊專案內皆含健康早餐。＊嚨口十二之一保留最終解釋、變更或終止本專案之權利，如有未盡事宜，悉依本民宿相關規定或解釋辦理，並隨時補充公告。若您有任何訂房上的疑問，請加入官方Line帳號：@longcall12-1(一定要加@哦)。官方LINE連結：https://lin.ee/Qbo7uIS,24.463704,118.352372,開放資料,5,210,,https://www.taiwanstay.net.tw/TSA/web_page/TSA020200.jsp?hohi_id=29018
1702,嚨口秘境古厝民宿,金門縣,金寧鄉,民宿,0966698973-,金門縣金寧鄉嚨口16、18號,國旅補助優惠方案,,,4000,,2026-12-31,【國旅補助優惠方案】115年國旅平日住宿獎助＋生日券本活動不與其它優惠活動並用，請擇一使用,24.463446,118.351889,開放資料,4.9,362,,https://www.taiwanstay.net.tw/TSA/web_page/TSA020200.jsp?hohi_id=17851
1703,歡樂滿屋,金門縣,金寧鄉,民宿,0963591810-,金門縣金寧鄉榜林村伯玉路一段236之8號,平價優質旅宿,2000,業者自報,2800,,,【平價優質旅宿】平日雙人房售價：2000,24.438046,118.327019,開放資料,,,,https://www.taiwanstay.net.tw/TSA/web_page/TSA020200.jsp?hohi_id=2816
1704,湖下海景渡假民宿,金門縣,金寧鄉,民宿,0919498005-,金門縣金寧鄉湖下223之1號,國旅補助優惠方案,,,1600,800、1200,2026-12-31,"【國旅補助優惠方案】1.國旅平日住宿獎助--週日至週四入住配合之合法旅宿，第一晚補助新台幣$800，連續入住同一家旅宿第二晚加碼補助$1,200，每人最高可折抵$2,000。2.生日券",24.454708,118.306421,開放資料,4.7,23,,https://www.taiwanstay.net.tw/TSA/web_page/TSA020200.jsp?hohi_id=18117
1705,玉榮府,金門縣,金寧鄉,民宿,0910394377082-311687,金門縣金寧鄉盤山村下堡47號,國旅補助優惠方案,,,2000,,2026-12-31,【國旅補助優惠方案】玉荣府民宿誠摯歡迎您來金門慢旅行，入住快百年閩南古厝與特色，感受金門傳統建築、人文歷史及在地生活。凡使用115年國旅平日住宿獎助及生日券入住本民宿，即可享免費Wi-Fi、免費停車、免費接駁，代租車服務，旅遊諮詢服務，並贈送金門特色紀念小禮品一份（數量有限，送完為止）。期待您在古厝中享受悠閒假期，留下難忘的金門旅行回憶。,24.446024,118.338782,開放資料,,,,https://www.taiwanstay.net.tw/TSA/web_page/TSA020200.jsp?hohi_id=13214
1706,蟬說希臘,金門縣,金寧鄉,民宿,0955708881,金門縣金寧鄉伯玉路二段446巷2弄6號,國旅補助優惠方案,,,2800,800、1000、1200,2026-12-31,"【國旅補助優惠方案】平日住宿補助：週日至週四入住合法旅宿，第一晚折抵$800元，連住同家旅宿第二晚加碼折抵$1,200元，每人最多補助2晚，最高可省$2,000元。生日住宿金：每月抽出1,000名當月壽星（全年共12,000名），中獎者可獲得$1,200元專屬住宿金。",24.44441,118.34496,開放資料,4.9,76,,https://www.taiwanstay.net.tw/TSA/web_page/TSA020200.jsp?hohi_id=2962
1707,長鴻精品旅館,金門縣,金寧鄉,旅館,082-328811,金門縣金寧鄉湖埔村慈湖路一段101號,國旅補助優惠方案,,,4000,,2026-12-31,【國旅補助優惠方案】此優惠不適用平台訂房及旅行社訂房限本人使用,24.439564,118.309363,開放資料,3.9,242,,https://www.taiwanstay.net.tw/TSA/web_page/TSA020200.jsp?hohi_id=16516
1708,八八觀海古厝民宿,金門縣,金沙鎮,民宿,0910394377082-355340,金門縣金沙鎮官澳15號、15之1號,國旅補助優惠方案,,,5000,,2026-12-31,【國旅補助優惠方案】八八觀海民宿誠摯歡迎您來金門慢旅行，入住近百年閩南古厝與特色，感受金門傳統建築、人文歷史及在地生活。走在金門的海邊散步，夕陽第一排。凡使用115年國旅平日住宿獎助及生日券入住本民宿，即可享免費Wi-Fi、免費停車、免費接駁，代租車服務，旅遊諮詢服務，並贈送金門特色紀念小禮品一份（數量有限，送完為止）。期待您在古厝中享受悠閒假期，留下難忘的金門旅行回憶。,24.51747,118.411525,開放資料,4.9,153,,https://www.taiwanstay.net.tw/TSA/web_page/TSA020200.jsp?hohi_id=34659
1709,八八金歐(王金城)洋樓民宿,金門縣,金沙鎮,民宿,0910394377082-355340,金門縣金沙鎮后宅2號,國旅補助優惠方案,,,4800,,2026-12-31,【國旅補助優惠方案】八八金歐王金城洋樓民宿：誠摯歡迎您來金門慢旅行，入住百年閩南古厝與特色洋樓，感受金門傳統建築、人文歷史及在地生活。凡使用115年國旅平日住宿獎助及生日券入住本民宿，即可享免費Wi-Fi、免費停車、免費接駁，代租車服務，旅遊諮詢服務，並贈送金門特色紀念小禮品一份（數量有限，送完為止）。期待您在古厝中享受悠閒假期，留下難忘的金門旅行回憶。,24.479459,118.39476,開放資料,5,121,,https://www.taiwanstay.net.tw/TSA/web_page/TSA020200.jsp?hohi_id=36538
1710,八八金歐二館民宿,金門縣,金沙鎮,民宿,0910394377082-355340,金門縣金沙鎮后宅2之1號,國旅補助優惠方案,,,6800,,2026-12-31,【國旅補助優惠方案】八八金歐二館民宿誠摯歡迎您來金門慢旅行，入住快百年閩南古厝與特色洋樓，感受金門傳統建築、人文歷史及在地生活。凡使用115年國旅平日住宿獎助及生日券入住本民宿，即可享免費Wi-Fi、免費停車、免費接駁，代租車服務，旅遊諮詢服務，並贈送金門特色紀念小禮品一份（數量有限，送完為止）。期待您在古厝中享受悠閒假期，留下難忘的金門旅行回憶。,24.479459,118.39476,開放資料,5,121,,https://www.taiwanstay.net.tw/TSA/web_page/TSA020200.jsp?hohi_id=37003
1711,海灣Villa會館,金門縣,金沙鎮,民宿,0905235003-,金門縣金沙鎮浦山里后宅76號,國旅補助優惠方案,,,3000,,2026-12-31,"【國旅補助優惠方案】金門離島國旅補助方案,平日住宿獎助.及生日卷,享有入住九折.並可折抵相關政府提供之補助方案",24.481412,118.392184,開放資料,,,,https://www.taiwanstay.net.tw/TSA/web_page/TSA020200.jsp?hohi_id=1287
1712,煦樂軒古厝民宿,金門縣,金沙鎮,民宿,0988395294-,金門縣金沙鎮田墩11號,國旅補助優惠方案,,,4200,,2026-12-31,【國旅補助優惠方案】第二晚優惠8折,24.501041,118.398747,開放資料,5,79,,https://www.taiwanstay.net.tw/TSA/web_page/TSA020200.jsp?hohi_id=35191
1713,達美樂民宿,金門縣,金沙鎮,民宿,0921219777-,金門縣金沙鎮中蘭26號,國旅補助優惠方案,,,3600,,2026-12-31,【國旅補助優惠方案】住宿送高粱酒瓶300cc一瓶,24.4622,118.3855,開放資料,5,3,,https://www.taiwanstay.net.tw/TSA/web_page/TSA020200.jsp?hohi_id=37649
1714,YOUNG民宿,金門縣,金湖鎮,民宿,0931610006082-335800,金門縣金湖鎮湖前35號,國旅補助優惠方案,,,2200,,,【國旅補助優惠方案】贈送每房金門幸福守鱟DIY手作吊飾1個,24.436688,118.414753,開放資料,4.8,22,,https://www.taiwanstay.net.tw/TSA/web_page/TSA020200.jsp?hohi_id=2569
1715,伯爵民宿,金門縣,金湖鎮,民宿,0929232773082-331771,金門縣金湖鎮新湖里塔后47-11號,國旅補助優惠方案,,,4500,,2026-12-31,【國旅補助優惠方案】凡入住金門伯爵四季休閒民宿之旅客，當月壽星即可獲得由闆娘阿珠姐親自準備的精美迎賓小禮乙份，讓每位旅客感受金門的人情味與家的溫暖。本民宿鄰近昇恆昌、太湖、太武山等熱門景點，交通便利，並提供在地旅遊資訊、行程建議及熱情服務，希望讓每位旅客都能留下美好的金門旅行回憶。適用對象：凡符合115年國旅平日住宿獎助資格，並於活動期間入住金門伯爵四季休閒民宿當月壽星之旅客，每房贈送精美小禮乙份（數量有限，送完為止）。,24.439805,118.407168,開放資料,4.5,21,,https://www.taiwanstay.net.tw/TSA/web_page/TSA020200.jsp?hohi_id=3653
1716,夏約民宿,金門縣,金湖鎮,民宿,0929232773082-331771,金門縣金湖鎮塔后158之7號,國旅補助優惠方案,,,3700,,2026-12-31,【國旅補助優惠方案】凡入住金門伯爵四季休閒民宿當月壽星之旅客，入住期間即可獲得由闆娘阿珠姐親自準備的精美迎賓小禮乙份，讓每位旅客感受金門的人情味與家的溫暖。本民宿鄰近昇恆昌、太湖、太武山等熱門景點，交通便利，並提供在地旅遊資訊、行程建議及熱情服務，希望讓每位旅客都能留下美好的金門旅行回憶。適用對象：凡符合115年國旅平日住宿獎助資格，並於活動期間入住金門伯爵四季休閒民宿當月壽星之旅客，每房贈送精美小禮乙份（數量有限，送完為止）。,24.441243,118.410166,開放資料,4.9,36,,https://www.taiwanstay.net.tw/TSA/web_page/TSA020200.jsp?hohi_id=8796
1717,曉園輕旅,金門縣,金湖鎮,民宿,0972928949-,金門縣金湖鎮成功1之6號,國旅補助優惠方案,,,2100,,2026-12-31,【國旅補助優惠方案】115年國旅平日住宿獎助+生日劵,24.43669,118.38886,開放資料,5,1,,https://www.taiwanstay.net.tw/TSA/web_page/TSA020200.jsp?hohi_id=39072
1718,歐特旅館,金門縣,金湖鎮,旅館,0921601970-,金門縣金湖鎮新湖里市港路220號,國旅補助優惠方案,,,2600,,,【國旅補助優惠方案】免費機場來回接送、續住折價、活動期間免費送一條根貼布,24.439171,118.41233,開放資料,5,1033,,https://www.taiwanstay.net.tw/TSA/web_page/TSA020200.jsp?hohi_id=29977
1719,浯島文旅,金門縣,金湖鎮,民宿,0905132101-,金門縣金湖鎮漁村20號,國旅補助優惠方案,1880,業者官網,2880,,2026-09-01,【國旅補助優惠方案】連續住滿三晚，第二晚折扣100元,24.43644,118.4065,開放資料,4.9,291,https://kmhotel.homi.cc/,https://www.taiwanstay.net.tw/TSA/web_page/TSA020200.jsp?hohi_id=32719
1720,浯島輕旅,金門縣,金湖鎮,民宿,090513210108-8219194,金門縣金湖鎮珠浦北路8號,國旅補助優惠方案,1880,業者官網,2880,,,【國旅補助優惠方案】連續續住兩晚以上，第二晚起折扣100元、,24.432833,118.318897,開放資料,4.3,51,https://kmhotel.homi.cc/,https://www.taiwanstay.net.tw/TSA/web_page/TSA020200.jsp?hohi_id=35854
1721,漫漫浯島旅棧,金門縣,金湖鎮,民宿,0935914181-,金門縣金湖鎮安民60號,國旅補助優惠方案,,,2200,,2026-12-31,【國旅補助優惠方案】115年國旅平日住宿獎助＋生日券業者優惠方案，如下: 房型 原價 一般優惠價活動優惠價 85折 75折 舒適家庭房 3600元 3060元 2700元 二大床 舒適家庭房 3600元 3060元 2700元 一大床+加大二小床 歡樂家庭房 3200元 2720元 2400元 一大床+加大一小床 豪華家庭房 2800元 2380元 2100元 一大床,24.44,118.43,開放資料,5,39,,https://www.taiwanstay.net.tw/TSA/web_page/TSA020200.jsp?hohi_id=36272
1722,秋約民宿,金門縣,金湖鎮,民宿,0929232773082-331771,金門縣金湖鎮塔后158之9號,國旅補助優惠方案,,,3700,,2026-12-31,【國旅補助優惠方案】凡入住金門伯爵四季休閒民宿之當月壽星旅客，入住期間即可獲得由闆娘阿珠姐親自準備的精美迎賓小禮乙份，讓每位旅客感受金門的人情味與家的溫暖。本民宿鄰近昇恆昌、太湖、太武山等熱門景點，交通便利，並提供在地旅遊資訊、行程建議及熱情服務，希望讓每位旅客都能留下美好的金門旅行回憶。適用對象：凡符合115年國旅平日住宿獎助資格，並於活動期間入住金門伯爵四季休閒民宿之當月壽星旅客，每房贈送精美小禮乙份（數量有限，送完為止）。,24.441262,118.410166,開放資料,4.9,36,,https://www.taiwanstay.net.tw/TSA/web_page/TSA020200.jsp?hohi_id=21243
1723,花藝雅築民宿,金門縣,金湖鎮,民宿,0988020802082-332345,金門縣金湖鎮瓊義路461號、461號2樓、461號3樓,國旅補助優惠方案,,,2800,,2026-12-31,【國旅補助優惠方案】連續滿二日享95折優惠,24.452336,118.374243,開放資料,5,112,,https://www.taiwanstay.net.tw/TSA/web_page/TSA020200.jsp?hohi_id=32087
1724,金門老爺山莊,金門縣,金湖鎮,民宿,0932970071082-320191,金門縣金湖鎮瓊林里珩厝1-1號,國旅補助優惠方案,,,1800,,2026-12-31,【國旅補助優惠方案】凡使用「115年國旅平日住宿獎助」或「生日住宿券」入住本館之旅客，可享以下優惠：1.延後退房至12:00。2.機場接或送服務。3.免費旅遊旅遊諮詢。,24.458121,118.368456,開放資料,4,24,,https://www.taiwanstay.net.tw/TSA/web_page/TSA020200.jsp?hohi_id=16654
1725,06聚點,連江縣,北竿鄉,民宿,0988879892,連江縣北竿鄉后沃村1-7,國旅補助優惠方案、平價優質旅宿,2000,業者自報,3000,,2026-12-31,"【國旅補助優惠方案】續住第二晚起，每房折扣200

【平價優質旅宿】平日雙人房售價：2000",26.224853,120.010182,開放資料,4.8,212,,https://www.taiwanstay.net.tw/TSA/web_page/TSA020200.jsp?hohi_id=23306
1726,北海岸復興民宿,連江縣,北竿鄉,民宿,0836-55035,連江縣北竿鄉塘岐村78號,平價優質旅宿,1950,業者自報,2800,,,【平價優質旅宿】平日雙人房售價：1950,26.223941,119.99796,開放資料,,,,https://www.taiwanstay.net.tw/TSA/web_page/TSA020200.jsp?hohi_id=20589
1727,大宅三院青年旅舍,連江縣,北竿鄉,民宿,0937868105,連江縣北竿鄉坂里村50、52號,國旅補助優惠方案、平價優質旅宿,2300,業者自報,2800,,2026-12-31,"【國旅補助優惠方案】於平日住宿或生日出示證件即可入住四人上下鋪原價再優惠一人50元,三人房或雙人房原價再優惠一晚100元

【平價優質旅宿】平日雙人房售價：2300(不含早餐)",26.216043,119.974185,開放資料,4.9,299,,https://www.taiwanstay.net.tw/TSA/web_page/TSA020200.jsp?hohi_id=31358
1728,宏瑞民宿,連江縣,北竿鄉,民宿,0836-56598,連江縣北竿鄉塘岐村146號,平價優質旅宿,1360,業者自報,2200,,,【平價優質旅宿】平日雙人房售價：1360(不含早餐),26.222707,119.997377,開放資料,,,,https://www.taiwanstay.net.tw/TSA/web_page/TSA020200.jsp?hohi_id=11409
1729,小玖窩民宿二館,連江縣,北竿鄉,民宿,0921535305-,連江縣北竿鄉芹壁村80號,平價優質旅宿,3500,業者自報,6000,,,【平價優質旅宿】平日雙人房售價：3500(不含早餐),26.223448,119.98128,開放資料,,,,https://www.taiwanstay.net.tw/TSA/web_page/TSA020200.jsp?hohi_id=35657
1730,悠活23海景民宿,連江縣,北竿鄉,民宿,0955655139,連江縣北竿鄉芹壁村23號,平價優質旅宿,2600,業者自報,2600,,,【平價優質旅宿】平日雙人房售價：2600,24.778289,120.988108,開放資料,,,,https://www.taiwanstay.net.tw/TSA/web_page/TSA020200.jsp?hohi_id=13026
1731,木喜海景民宿,連江縣,北竿鄉,民宿,0921930115,連江縣北竿鄉橋仔村120號,平價優質旅宿,2200,業者自報,3200,,,【平價優質旅宿】平日雙人房售價：2200,26.224575,119.998261,開放資料,,,,https://www.taiwanstay.net.tw/TSA/web_page/TSA020200.jsp?hohi_id=26030
1732,羅馬佳洲民宿,連江縣,北竿鄉,民宿,0836-55318,連江縣北竿鄉塘岐村267之1號,平價優質旅宿,2000,業者自報,3200,,,【平價優質旅宿】平日雙人房售價：2000(不含早餐),26.224575,119.997249,開放資料,,,,https://www.taiwanstay.net.tw/TSA/web_page/TSA020200.jsp?hohi_id=9577
1733,舒漫活海景旅宿,連江縣,北竿鄉,民宿,0836-55685,連江縣北竿鄉橋仔村85號,平價優質旅宿,3000,業者自報,5000,,,【平價優質旅宿】平日雙人房售價：3000(淡)3500(旺),26.233414,119.992401,開放資料,,,,https://www.taiwanstay.net.tw/TSA/web_page/TSA020200.jsp?hohi_id=2078
1734,芹壁休閒渡假村二館,連江縣,北竿鄉,民宿,0988243953-,連江縣北竿鄉芹壁村29號,平價優質旅宿,2400,業者自報,2500,,,【平價優質旅宿】平日雙人房售價：2400,26.223448,119.98128,開放資料,,,,https://www.taiwanstay.net.tw/TSA/web_page/TSA020200.jsp?hohi_id=30777
1735,芹壁地中海民宿,連江縣,北竿鄉,民宿,0836-56612,連江縣北竿鄉芹壁村68號(永康居),國旅補助優惠方案,,,2500,,2026-12-31,【國旅補助優惠方案】自2026/09/01起至2026/12/31日止，平日住宿獎勵+生日券業者優惠方案：雙人海景套房1800元三人海景套房2500元四人海景套房3500元五人海景套房4000元均含早餐及機場接送,26.225323,119.999999,開放資料,3.5,136,,https://www.taiwanstay.net.tw/TSA/web_page/TSA020200.jsp?hohi_id=19877
1736,芹壁家適海景民宿,連江縣,北竿鄉,民宿,0836-56669,連江縣北竿鄉芹壁村55號,平價優質旅宿,3200,業者自報,3000,,,【平價優質旅宿】平日雙人房售價：3200,24.778289,120.988108,開放資料,,,https://www.facebook.com/JUST.coffee.hostel,https://www.taiwanstay.net.tw/TSA/web_page/TSA020200.jsp?hohi_id=4845
1737,芹壁山莊,連江縣,北竿鄉,民宿,0836-55677,連江縣北竿鄉芹壁村85號,平價優質旅宿,2600,業者自報,5200,,,【平價優質旅宿】平日雙人房售價：2600,26.224579,119.985904,開放資料,,,,https://www.taiwanstay.net.tw/TSA/web_page/TSA020200.jsp?hohi_id=18340
1738,芹壁幸福海岸民宿,連江縣,北竿鄉,民宿,0836-55355,連江縣北竿鄉芹壁村19號,平價優質旅宿,2400,業者自報,2800,,,【平價優質旅宿】平日雙人房售價：2400,26.225014,119.983546,開放資料,,,,https://www.taiwanstay.net.tw/TSA/web_page/TSA020200.jsp?hohi_id=11953
1739,芹壁愛情海,連江縣,北竿鄉,民宿,0836-56668,連江縣北竿鄉芹壁村54號,平價優質旅宿,3200,業者自報,2800,,,【平價優質旅宿】平日雙人房售價：3200,26.224235,119.982662,開放資料,,,,https://www.taiwanstay.net.tw/TSA/web_page/TSA020200.jsp?hohi_id=12774
1740,芹壁村25號之老村長的漁寮,連江縣,北竿鄉,民宿,0836-55628,連江縣北竿鄉芹壁村24號,平價優質旅宿,2300,業者自報,4000,,,【平價優質旅宿】平日雙人房售價：2300(不含早餐),26.224251,119.983451,開放資料,,,http://www.chinbe.com.tw,https://www.taiwanstay.net.tw/TSA/web_page/TSA020200.jsp?hohi_id=2215
1741,芹壁村25號民宿,連江縣,北竿鄉,民宿,0836-55628,連江縣北竿鄉芹壁村25號,平價優質旅宿,2800,業者自報,5500,,,【平價優質旅宿】平日雙人房售價：2800(不含早餐),26.224242,119.983418,開放資料,,,http://www.chinbe.com.tw,https://www.taiwanstay.net.tw/TSA/web_page/TSA020200.jsp?hohi_id=15253
1742,芹壁水漾,連江縣,北竿鄉,民宿,0912685971-,連江縣北竿鄉芹壁村62號,平價優質旅宿,3200,業者自報,3800,,,【平價優質旅宿】平日雙人房售價：3200,26.223448,119.98128,開放資料,,,https://waterripple.com.tw/,https://www.taiwanstay.net.tw/TSA/web_page/TSA020200.jsp?hohi_id=33181
1743,藍映海岸景觀民宿,連江縣,北竿鄉,民宿,0836-55051,連江縣北竿鄉橋仔村73號,國旅補助優惠方案、平價優質旅宿,2700,業者自報,3500,,2026-12-31,"【國旅補助優惠方案】海景雙人房(6尺一大床)共4間,1間2500元海景四人房(6尺一大床.單人加大兩小床)共1間4800元

【平價優質旅宿】平日雙人房售價：2700",26.233512,119.992644,開放資料,4.9,942,,https://www.taiwanstay.net.tw/TSA/web_page/TSA020200.jsp?hohi_id=14984
1744,達露岸海景民宿,連江縣,北竿鄉,民宿,0836-55633,連江縣北竿鄉橋仔村73-1號,平價優質旅宿,2200,業者自報,2500,,,【平價優質旅宿】平日雙人房售價：2200,26.233512,119.992644,開放資料,,,,https://www.taiwanstay.net.tw/TSA/web_page/TSA020200.jsp?hohi_id=1598
1745,阿南境民宿,連江縣,北竿鄉,民宿,0836-56618,連江縣北竿鄉橋仔村57-2號,平價優質旅宿,2800,業者自報,3000,,,【平價優質旅宿】平日雙人房售價：2800,26.234914,119.993763,開放資料,,,,https://www.taiwanstay.net.tw/TSA/web_page/TSA020200.jsp?hohi_id=13557
1746,龍福山莊,連江縣,北竿鄉,旅館,0836-55066,連江縣北竿鄉塘岐村273-8號,平價優質旅宿,3200,業者自報,4600,,,【平價優質旅宿】平日雙人房售價：3200,26.225239,119.998095,開放資料,,,,https://www.taiwanstay.net.tw/TSA/web_page/TSA020200.jsp?hohi_id=12441
1747,三隻腳民宿,連江縣,南竿鄉,民宿,0836-25580,連江縣南竿鄉馬祖村23號,國旅補助優惠方案、平價優質旅宿,2000,業者自報,5600,,2026-12-31,"【國旅補助優惠方案】115年國旅平日住宿獎助＋生日券業者自提優惠方案

【平價優質旅宿】平日雙人房售價：2000",26.159199,119.918504,開放資料,4.7,234,,https://www.taiwanstay.net.tw/TSA/web_page/TSA020200.jsp?hohi_id=210
1748,介壽澳口民宿,連江縣,南竿鄉,民宿,0836-25015,連江縣南竿鄉介壽村336-2號7樓,平價優質旅宿,2000,業者自報,2500,,,【平價優質旅宿】平日雙人房售價：2000元不含早餐,26.154522,119.955263,開放資料,,,,https://www.taiwanstay.net.tw/TSA/web_page/TSA020200.jsp?hohi_id=26296
1749,依金那民宿,連江縣,南竿鄉,民宿,0836-22098,連江縣南竿鄉福沃村57號,國旅補助優惠方案、平價優質旅宿,2200,業者自報,2500,,2026-12-31,"【國旅補助優惠方案】115年國旅平日住宿獎助＋生日券

【平價優質旅宿】平日雙人房售價：2200",24.778289,120.988108,開放資料,,,,https://www.taiwanstay.net.tw/TSA/web_page/TSA020200.jsp?hohi_id=10451
1750,凱翔旅宿,連江縣,南竿鄉,民宿,0836-22652,連江縣南竿鄉福沃村108-3號,平價優質旅宿,1600,業者自報,4200,,,【平價優質旅宿】平日雙人房售價：1600(不含早餐),26.156325,119.944421,開放資料,,,,https://www.taiwanstay.net.tw/TSA/web_page/TSA020200.jsp?hohi_id=26936
1751,卡蹓英雄館,連江縣,南竿鄉,民宿,0836-25025,連江縣南竿鄉馬祖村101之1號,平價優質旅宿,2200,業者自報,5600,,,【平價優質旅宿】平日雙人房售價：2200,26.160956,119.919559,開放資料,,,,https://www.taiwanstay.net.tw/TSA/web_page/TSA020200.jsp?hohi_id=8693
1752,嚮居民宿,連江縣,南竿鄉,民宿,0836-23503,連江縣南竿鄉仁愛村133號,平價優質旅宿,3200,業者自報,4000,,,【平價優質旅宿】平日雙人房售價：3200,26.145062,119.926349,開放資料,,,,https://www.taiwanstay.net.tw/TSA/web_page/TSA020200.jsp?hohi_id=8338
1753,多麗民宿,連江縣,南竿鄉,民宿,0836-22034,連江縣南竿鄉介壽村219號,平價優質旅宿,2600,業者自報,4000,,,【平價優質旅宿】平日雙人房售價：2600不含早餐,26.155616,119.952061,開放資料,,,,https://www.taiwanstay.net.tw/TSA/web_page/TSA020200.jsp?hohi_id=13684
1754,好日子民宿,連江縣,南竿鄉,民宿,0836-23332,連江縣南竿鄉馬祖村113-1號,平價優質旅宿,3500,業者自報,4000,,,【平價優質旅宿】平日雙人房售價：3500,26.160587,119.919842,開放資料,,,,https://www.taiwanstay.net.tw/TSA/web_page/TSA020200.jsp?hohi_id=31910
1755,小島人家,連江縣,南竿鄉,民宿,0836-22766,連江縣南竿鄉介壽村336-9號,平價優質旅宿,2400,業者自報,5000,,,【平價優質旅宿】平日雙人房售價：2400(淡)2800(旺),26.154522,119.955263,開放資料,,,,https://www.taiwanstay.net.tw/TSA/web_page/TSA020200.jsp?hohi_id=32524
1756,島嶼花草民宿,連江縣,南竿鄉,民宿,0932923949-,連江縣南竿鄉馬祖村22號,平價優質旅宿,3500,業者自報,3980,,,【平價優質旅宿】平日雙人房售價：3500,26.160587,119.919842,開放資料,,,https://www.facebook.com/%E5%B3%B6%E5%B6%BC%E8%8A%B1%E8%8D%89-%E6%96%87%E6%97%85-107019954816403,https://www.taiwanstay.net.tw/TSA/web_page/TSA020200.jsp?hohi_id=30119
1757,悠而行旅,連江縣,南竿鄉,民宿,0911883762-,連江縣南竿鄉馬祖村11號2樓,平價優質旅宿,2800,業者自報,3600,,,【平價優質旅宿】平日雙人房售價：2800(不含早餐),26.160587,119.919842,開放資料,,,,https://www.taiwanstay.net.tw/TSA/web_page/TSA020200.jsp?hohi_id=33794
1758,星海芝家,連江縣,南竿鄉,民宿,0911902623-,連江縣南竿鄉介壽村213號,平價優質旅宿,2200,業者自報,2800,,,【平價優質旅宿】平日雙人房售價：2200(不含早餐),26.154522,119.955263,開放資料,,,,https://www.taiwanstay.net.tw/TSA/web_page/TSA020200.jsp?hohi_id=25886
1759,沐光二館,連江縣,南竿鄉,民宿,0958810994,連江縣南竿鄉津沙村134號,平價優質旅宿,3200,業者自報,4000,,,【平價優質旅宿】平日雙人房售價：3200,24.778289,120.988108,開放資料,,,,https://www.taiwanstay.net.tw/TSA/web_page/TSA020200.jsp?hohi_id=16796
1760,津沙小筑,連江縣,南竿鄉,民宿,0928733135-,連江縣南竿鄉津沙村101-1號,國旅補助優惠方案,,,2200,,2026-12-31,【國旅補助優惠方案】旅宿業者已瞭解並同意，本次申請係整體參與「交通部觀光署平日住宿及生日券獎助活動」，包含「平日住宿獎助」、「生日券獎助」及「TaiwanPASS台鐵版平日住宿抵用券活動」等相關活動措施，不會僅擇一或部分參與，並同意依規定負責辦理各項活動之核銷作業，向核銷單位申請核銷。,26.146246,119.913182,開放資料,5,1,,https://www.taiwanstay.net.tw/TSA/web_page/TSA020200.jsp?hohi_id=37553
1761,津沙文化村,連江縣,南竿鄉,民宿,0836-26190,連江縣南竿鄉津沙村70號,國旅補助優惠方案,,,4800,,2026-12-31,【國旅補助優惠方案】一、旅客若透過第三方平台（如booking.com、agora等）訂房，不給予補助二、連續假期不給予補助,26.145114,119.919033,開放資料,4.2,119,,https://www.taiwanstay.net.tw/TSA/web_page/TSA020200.jsp?hohi_id=8689
1762,牛角一邊厝,連江縣,南竿鄉,民宿,0921680326-,連江縣南竿鄉復興村124號,國旅補助優惠方案,,,3600,,2026-12-31,【國旅補助優惠方案】115年國旅平日住宿獎助＋生日券業者自提優惠方案,26.164559,119.958154,開放資料,4.9,105,,https://www.taiwanstay.net.tw/TSA/web_page/TSA020200.jsp?hohi_id=37175
1763,牛角海邊民宿,連江縣,南竿鄉,民宿,0939259266,連江縣南竿鄉復興村121號,平價優質旅宿,3100,業者自報,3200,,,【平價優質旅宿】平日雙人房售價：3100,26.164559,119.958154,開放資料,,,,https://www.taiwanstay.net.tw/TSA/web_page/TSA020200.jsp?hohi_id=31783
1764,璞宿商旅,連江縣,南竿鄉,民宿,0836-22779,連江縣南竿鄉介壽村336-8 號,平價優質旅宿,2400,業者自報,9000,,,【平價優質旅宿】平日雙人房售價：2400(淡)2800(旺),26.154522,119.955263,開放資料,,,,https://www.taiwanstay.net.tw/TSA/web_page/TSA020200.jsp?hohi_id=32523
1765,白日夢花園海景民宿,連江縣,南竿鄉,民宿,0978988303,連江縣南竿鄉福沃村51號,平價優質旅宿,2600,業者自報,2600,,,【平價優質旅宿】平日雙人房售價：2600(不含早餐),26.156325,119.944421,開放資料,,,https://daydreamhostel.com/,https://www.taiwanstay.net.tw/TSA/web_page/TSA020200.jsp?hohi_id=25697
1766,福澳窩背包客民宿,連江縣,南竿鄉,民宿,0937883091-,連江縣南竿鄉福沃村89號,國旅補助優惠方案,,,1000,,2026-12-31,【國旅補助優惠方案】國旅平日住宿獎助＋生日券,24.778289,120.988108,開放資料,4.7,158,https://site.traiwan.com/FuAoWoHostel/,https://www.taiwanstay.net.tw/TSA/web_page/TSA020200.jsp?hohi_id=8995
1767,聽海民宿一館,連江縣,南竿鄉,民宿,09288639810836-23003,連江縣南竿鄉津沙村32號,平價優質旅宿,2800,業者自報,3800,,,【平價優質旅宿】平日雙人房售價：2800(不含早餐),26.145127,119.911966,開放資料,,,,https://www.taiwanstay.net.tw/TSA/web_page/TSA020200.jsp?hohi_id=26207
1768,蓮園民宿,連江縣,南竿鄉,民宿,0836-23386,連江縣南竿鄉馬祖村79號,國旅補助優惠方案,,,3000,,2026-12-31,【國旅補助優惠方案】115年國旅平日住宿獎助＋生日券,26.160084,119.918885,開放資料,,,,https://www.taiwanstay.net.tw/TSA/web_page/TSA020200.jsp?hohi_id=13302
1769,蔚藍珠海民宿,連江縣,南竿鄉,民宿,0836-26800,連江縣南竿鄉四維村20號,平價優質旅宿,3400,業者自報,4500,,,【平價優質旅宿】平日雙人房售價：3400,26.167053,119.917822,開放資料,,,https://www.facebook.com/Blue.Zhuhai/,https://www.taiwanstay.net.tw/TSA/web_page/TSA020200.jsp?hohi_id=19397
1770,隴之悅驛宿館,連江縣,南竿鄉,旅館,0836-23488,連江縣南竿鄉介壽村8鄰215號,平價優質旅宿,2980,業者自報,8000,,,【平價優質旅宿】平日雙人房售價：2980,26.156024,119.952015,開放資料,,,https://www.facebook.com/%E9%9A%B4%E4%B9%8B%E6%82%85%E9%A9%9B%E5%AE%BF%E9%A4%A8-728818047184008/,https://www.taiwanstay.net.tw/TSA/web_page/TSA020200.jsp?hohi_id=14580
1771,雲津客棧,連江縣,南竿鄉,民宿,0905505811-,連江縣南竿鄉馬祖村103-2號,平價優質旅宿,3300,業者自報,5600,,,【平價優質旅宿】平日雙人房售價：3300(不含早餐),26.16186,119.918255,開放資料,,,,https://www.taiwanstay.net.tw/TSA/web_page/TSA020200.jsp?hohi_id=16050
1772,馬悠驛館,連江縣,南竿鄉,民宿,0836-23239,連江縣南竿鄉仁愛村4號3樓,平價優質旅宿,3080,業者自報,3000,,,【平價優質旅宿】平日雙人房售價：3080,26.225077,119.984064,開放資料,,,,https://www.taiwanstay.net.tw/TSA/web_page/TSA020200.jsp?hohi_id=9544
1773,馬祖藍灣景觀餐廳民宿南館,連江縣,南竿鄉,民宿,0836-22420,連江縣南竿鄉珠螺村52-1號,國旅補助優惠方案,,,3000,,2026-12-31,【國旅補助優惠方案】115年國旅平日住宿獎助＋生日券及TaiwanPASS住宿抵用券,26.155762,119.926349,開放資料,4.9,1032,,https://www.taiwanstay.net.tw/TSA/web_page/TSA020200.jsp?hohi_id=26325
1774,馬祖藍灣景觀餐廳民宿南館2館,連江縣,南竿鄉,民宿,0836-22420,連江縣南竿鄉珠螺村52號,國旅補助優惠方案,,,3000,,2026-12-31,【國旅補助優惠方案】115年國旅平日住宿獎助＋生日券及‘TaiwanPASS住宿抵用券,26.155762,119.926349,開放資料,4.9,1032,,https://www.taiwanstay.net.tw/TSA/web_page/TSA020200.jsp?hohi_id=31446
1775,今友緣二館,連江縣,東引鄉,民宿,0928061393-,連江縣東引鄉樂華村95號2樓,平價優質旅宿,2200,業者自報,2400,,,【平價優質旅宿】平日雙人房售價：2200不含早餐,26.366018,120.494802,開放資料,,,,https://www.taiwanstay.net.tw/TSA/web_page/TSA020200.jsp?hohi_id=30671
1776,北澳秘山居,連江縣,東引鄉,民宿,0836-77380,連江縣東引鄉中柳村126號,平價優質旅宿,2600,業者自報,3800,,,【平價優質旅宿】平日雙人房售價：2600,26.36942,120.494083,開放資料,,,,https://www.taiwanstay.net.tw/TSA/web_page/TSA020200.jsp?hohi_id=19523
1777,安逸旅店,連江縣,東引鄉,民宿,0928242767-,連江縣東引鄉樂華村81號,平價優質旅宿,2600,業者自報,3600,,,【平價優質旅宿】平日雙人房售價：2600,26.366835,120.488548,開放資料,,,,https://www.taiwanstay.net.tw/TSA/web_page/TSA020200.jsp?hohi_id=865
1778,明建星休閒民宿,連江縣,東引鄉,民宿,0836-77180,連江縣東引鄉中柳村66號,平價優質旅宿,2400,業者自報,2200,,,【平價優質旅宿】平日雙人房售價：2400,26.367822,120.487285,開放資料,,,,https://www.taiwanstay.net.tw/TSA/web_page/TSA020200.jsp?hohi_id=18655
1779,東引海角民宿一館,連江縣,東引鄉,民宿,0836-76268,連江縣東引鄉中柳村137號,平價優質旅宿,3000,業者自報,3600,,,【平價優質旅宿】平日雙人房售價：3000,26.377262,120.478703,開放資料,,,,https://www.taiwanstay.net.tw/TSA/web_page/TSA020200.jsp?hohi_id=16179
1780,東湧行旅旅店,連江縣,東引鄉,旅館,0836-77168,連江縣東引鄉樂華村29號,平價優質旅宿,2400,業者自報,3000,,,【平價優質旅宿】平日雙人房售價：2400,26.374031,120.492725,開放資料,,,https://www.dongyonginn.com/,https://www.taiwanstay.net.tw/TSA/web_page/TSA020200.jsp?hohi_id=13084
1781,友誼山莊民宿,連江縣,莒光鄉,民宿,0836-88028,連江縣莒光鄉田沃村67號,平價優質旅宿,1800,業者自報,2000,,,【平價優質旅宿】平日雙人房售價：1800,25.97214,119.944789,開放資料,,,,https://www.taiwanstay.net.tw/TSA/web_page/TSA020200.jsp?hohi_id=26249
1782,台北人民宿,連江縣,莒光鄉,民宿,0961318393-,連江縣莒光鄉大坪村87號,平價優質旅宿,1500,業者自報,3200,1500,,【平價優質旅宿】平日雙人房售價：1500(不含早餐),25.960478,119.97233,開放資料,,,https://tw-bnb.com/web/taipeipeople/,https://www.taiwanstay.net.tw/TSA/web_page/TSA020200.jsp?hohi_id=33564
1783,容叔芽窩,連江縣,莒光鄉,民宿,0919919773-,連江縣莒光鄉福正村25號,平價優質旅宿,1800,業者自報,1800,,,【平價優質旅宿】平日雙人房售價：1800(不含早餐),25.964048,119.990583,開放資料,,,,https://www.taiwanstay.net.tw/TSA/web_page/TSA020200.jsp?hohi_id=26243
1784,山海一家,連江縣,莒光鄉,民宿,0836-88295,連江縣莒光鄉青帆村96-3號,平價優質旅宿,2600,業者自報,3300,,,【平價優質旅宿】平日雙人房售價：2600,24.778289,120.988108,開放資料,,,,https://www.taiwanstay.net.tw/TSA/web_page/TSA020200.jsp?hohi_id=12241
1785,找茶複合式民宿,連江縣,莒光鄉,民宿,0985009664-,連江縣莒光鄉大坪村30號,平價優質旅宿,2000,業者自報,2800,,,【平價優質旅宿】平日雙人房售價：2000,25.957243,119.977387,開放資料,,,,https://www.taiwanstay.net.tw/TSA/web_page/TSA020200.jsp?hohi_id=26880
1786,故鄉民宿(特色民宿),連江縣,莒光鄉,民宿,0836-88080,連江縣莒光鄉大坪村3鄰40之1號,國旅補助優惠方案,,,3000,,2026-12-31,【國旅補助優惠方案】115年國旅平日住宿獎助＋生日券,25.957017,119.975861,開放資料,,,http://www.matsuhometownbnb.com/,https://www.taiwanstay.net.tw/TSA/web_page/TSA020200.jsp?hohi_id=10504
1787,故鄉民宿二館,連江縣,莒光鄉,民宿,0836-88080,連江縣莒光鄉大坪村79號,國旅補助優惠方案,,,3000,,2026-12-31,【國旅補助優惠方案】115年國旅平日住宿獎助＋生日券業者自提優惠方案,25.960647,119.972608,開放資料,4.7,243,,https://www.taiwanstay.net.tw/TSA/web_page/TSA020200.jsp?hohi_id=26179
1788,東莒幸福居民宿,連江縣,莒光鄉,民宿,0836-89021,連江縣莒光鄉大坪村106之1號,平價優質旅宿,2400,業者自報,4800,,,【平價優質旅宿】平日雙人房售價：2400,25.95325,119.978368,開放資料,,,,https://www.taiwanstay.net.tw/TSA/web_page/TSA020200.jsp?hohi_id=9726
1789,福正民宿,連江縣,莒光鄉,民宿,0836-88213,連江縣莒光鄉福正村10號,平價優質旅宿,2000,業者自報,2500,,,【平價優質旅宿】平日雙人房售價：2000,25.962625,119.986178,開放資料,,,,https://www.taiwanstay.net.tw/TSA/web_page/TSA020200.jsp?hohi_id=539
1790,船老大民宿,連江縣,莒光鄉,民宿,0836-88022,連江縣莒光鄉大坪村72號,平價優質旅宿,1800,業者自報,3200,,,【平價優質旅宿】平日雙人房售價：1800,25.956777,119.976708,開放資料,,,,https://www.taiwanstay.net.tw/TSA/web_page/TSA020200.jsp?hohi_id=8231
1791,芽窩民宿,連江縣,莒光鄉,民宿,0912448120,連江縣莒光鄉大坪村37-1號,平價優質旅宿,1800,業者自報,2000,,,【平價優質旅宿】平日雙人房售價：1800(不含早餐),25.960647,119.972608,開放資料,,,,https://www.taiwanstay.net.tw/TSA/web_page/TSA020200.jsp?hohi_id=29930
1792,莒光英雄館民宿,連江縣,莒光鄉,民宿,0836-88033,連江縣莒光鄉大坪村3-3號,國旅補助優惠方案,,,2400,,2026-12-31,【國旅補助優惠方案】代租機車24H原價500元優惠300元,25.957431,119.977099,開放資料,3.7,9,,https://www.taiwanstay.net.tw/TSA/web_page/TSA020200.jsp?hohi_id=26125
1793,鋒之谷民宿,連江縣,莒光鄉,民宿,0836-88158,連江縣莒光鄉大坪村107號,平價優質旅宿,2200,業者自報,2400,,,【平價優質旅宿】平日雙人房售價：2200,25.957431,119.977099,開放資料,,,https://bnb.matsu.idv.tw/fengvalley/,https://www.taiwanstay.net.tw/TSA/web_page/TSA020200.jsp?hohi_id=29797
1794,馬祖藍灣景觀餐廳民宿,連江縣,莒光鄉,民宿,0836-22420,連江縣莒光鄉福正村58號,國旅補助優惠方案,,,1200,,2026-12-31,【國旅補助優惠方案】115年國旅平日住宿獎助＋生日券及TaiwanPASS住宿抵用券,25.967664,119.983954,開放資料,4.9,1032,,https://www.taiwanstay.net.tw/TSA/web_page/TSA020200.jsp?hohi_id=7512
1795,鴻景山莊一館,連江縣,莒光鄉,民宿,0836-88033,連江縣莒光鄉大坪村5號,國旅補助優惠方案、平價優質旅宿,1680,業者自報,2300,,2026-12-31,"【國旅補助優惠方案】機車出租24H原價500元特價300元

【平價優質旅宿】平日雙人房售價：1680",25.956633,119.977463,開放資料,4.2,68,,https://www.taiwanstay.net.tw/TSA/web_page/TSA020200.jsp?hohi_id=26127
1796,鴻景山莊民宿,連江縣,莒光鄉,民宿,0836-88033,連江縣莒光鄉大坪村5之1號,平價優質旅宿,1800,業者自報,3400,,,【平價優質旅宿】平日雙人房售價：1800,25.956649,119.977448,開放資料,,,,https://www.taiwanstay.net.tw/TSA/web_page/TSA020200.jsp?hohi_id=12393
